1671631987.7993352413 -0.0506768838527770632 -0.024898130167208067792 -0.048773704649505200681 -0.0019130531390048487097 0.0053684240226684974001 -0.00039286140023212418092 0.99998368282243510485
1671631987.8997621536 -0.056839675551454797719 -0.03007856756404334031 -0.043678236694113352356 -0.0024823866565993595729 0.0057452795258953366642 0.00061766385418674690008 0.99998022380996109959
1671631987.999797821 -0.10659736212086314 -0.017367973507350073503 -0.059305550972295915935 0.00063869985671562851115 0.00250937089704497511 0.0011162210146830628486 0.99999602457751846085
1671631988.0996358395 -0.15709884879620994447 0.032554173655397283804 -0.09038255783446015601 0.0032867971945567966106 0.0020053383019308567911 0.0024869328413464433271 0.99998949531859548934
1671631988.1994714737 -0.21269392778522697163 0.054944474581707973548 -0.12486221839054224836 0.0038527917507473834723 0.0018665300484190124313 0.0030207194379873662619 0.99998627356348279704
1671631988.2993900776 -0.21850230847243853893 0.10835370863101502492 -0.14920948835860839421 0.0042681921797551184219 0.0018841510866080394583 0.0053881737360755846064 0.99997459972440772002
1671631988.3997793198 -0.26273667995638094741 0.14866687932793928861 -0.15837982422186572262 0.005219337572775945705 0.0017789020546722295914 0.0054025956113683383866 0.99997020254777657655
1671631988.4996316433 -0.30276636753741270613 0.14235045432061338433 -0.17741425452963577314 0.0073395548874591494404 0.0041069152008197263443 0.0053421492412503270367 0.99995036157954964029
1671631988.5994782448 -0.36080418011045811699 0.13357180784149336183 -0.18310678537785526898 0.0088978754003828618158 0.0045241099591930280729 0.0061214863536429419549 0.99993144147349333206
1671631988.6993124485 -0.39665798580569294751 0.12771124144720349958 -0.15056434971161541947 0.010455475532162410157 0.0030573105454103420391 0.0061115984652057673415 0.9999219890810610023
1671631988.7998096943 -0.4051697290326674028 0.12651364544007598356 -0.12471432086196540534 0.013099126846490003959 0.0031886421808239215868 0.005513374175826261242 0.99989391844440145274
1671631988.8997983932 -0.43882099223679926769 0.12759134775319302957 -0.089031753308603592267 0.015773204096799799817 0.002116064697807230801 0.0054659989180958802601 0.99985841555619425769
1671631988.999648571 -0.45068283919704910101 0.10433003990964115348 -0.036735430651781801614 0.018368020989510139285 0.00037816954795317760064 0.0056691774159635718172 0.99981514952522509976
1671631989.1993546486 -0.40023236838954201477 0.096857686092398059818 0.046390665994454648169 0.019862222295689169888 -0.00184452564249396175 0.0054523176887236995264 0.99978615817706339985
1671631989.2994141579 -0.33180232239241952419 0.12818069596420270106 0.11311736700718266757 0.02100515528229495929 -0.0033367144082029772355 0.0046130048596241986225 0.99976315694002748646
1671631989.3994436264 -0.28367359629644944841 0.1212903236544568969 0.16559281440423634368 0.020644180752486182562 -0.0043681145372895186299 0.0045746464595673259554 0.99976687782013318184
1671631989.4994866848 -0.22932609113782551069 0.13355990547035578864 0.18632157448016195556 0.018797059052924756234 -0.0050697308301516441978 0.0045289856883152261255 0.99980020838610839107
1671631989.6997625828 -0.14940653968893174985 0.12669775419194520549 0.21992377163368800885 0.019553573498340567904 -0.0063642456384911351083 0.0041617999859287456432 0.99977989255724430961
1671631989.7997922897 -0.064134556479000418006 0.12412573839991770941 0.2040204837576621022 0.016704573126150309287 -0.0066703659647366006502 0.0037527708925940896773 0.99983117583179881294
1671631989.9994733334 0.05853990894935770517 0.11941211830656572879 0.22352355781564064996 0.016706591136322449659 -0.0082371404990579637911 0.0031576446465611234665 0.99982151837679944517
1671631990.0993077755 0.13253137538910172988 0.1258286223947314153 0.23718457033453341221 0.017768521625492150057 -0.0090052141475159015044 0.002340487487093747751 0.99979883370392308439
1671631990.1997768879 0.19901717124081838572 0.065524297427703492858 0.27281947369526077241 0.018779816899173955302 -0.010095805031953061087 0.0003499871716655154159 0.99977260950026536346
1671631990.2997984886 0.28917893503539565669 0.00082203087178652834485 0.29883925759425700175 0.019805342965675980238 -0.010874355409115273388 -0.0015144265401413838004 0.99974356876986347764
1671631990.3996443748 0.34686944673460101685 -0.063782234505668694569 0.32191940364985194289 0.02111858326370098099 -0.010468161012125167322 -0.0015424906412081136088 0.99972098295903544241
1671631990.4994859695 0.40411750440826932351 -0.1178882968162568573 0.35019619058857848204 0.02235530201847910417 -0.011491831887126094033 -0.003501929793644893707 0.99967790550719914933
1671631990.59932971 0.37372672810227930418 -0.14876062020633495919 0.40951492582499754436 0.026348538220083532468 -0.011859354617223229894 -0.0024992592870278790979 0.99957934349642518779
1671631990.6997928619 0.34409138451799703429 -0.15821546033810732212 0.43509018740128052594 0.029794468611125821123 -0.011392643781181486726 0.00073588500458490182718 0.99949084827281720056
1671631990.7998187542 0.35436670711277656887 -0.12848727121255371086 0.43898392980546813158 0.033886962482489256521 -0.009136913505507810937 0.003757373613882937155 0.99937684220159361814
1671631990.8996591568 0.33166828605889547843 -0.092794343547012714257 0.46633471484364613646 0.040625156214350845174 -0.0079343671742718568235 0.0062435514329891566437 0.99912344610944214818
1671631990.9994952679 0.26777330160691853456 -0.010409314938498837044 0.50779173169170510604 0.046760431691341426685 -0.0077366006966460591429 0.010896243128295584127 0.99881673940888138219
1671631991.0993189812 0.29960753117052846273 0.14213470742056805163 0.51016646976959045823 0.05011568465852004467 -0.0065092842065290141065 0.015847772554001899464 0.99859646277933677982
1671631991.1998534203 0.35795332771242355241 0.23283525045403635767 0.45033889134076426908 0.0471324904016696411 -0.0049867398630146142144 0.019532311354061967362 0.99868521045785141332
1671631991.2998211384 0.28893244027126496754 0.367517370148706779 0.41860577597947079553 0.046515694973846576088 -0.002989382713994904496 0.022089851059026183872 0.99866881006281538191
1671631991.3996760845 0.23119692458213889075 0.53651765858218825045 0.39361613582152488178 0.04635024925873437035 -0.0017164692618519580662 0.025942129669723694441 0.99858685853316031533
1671631991.4995179176 0.22370697391834276635 0.67775619629496619556 0.35232734166167711809 0.044882547164486148727 -0.00096332975168487208067 0.027900239210747683483 0.99860212577772944353
1671631991.5993623734 0.22048688277325131923 0.83962374521682814343 0.29724386664939406177 0.041023908556968836925 0.00043146996258603651257 0.030649671603631793715 0.99868786434549716713
1671631991.6994454861 0.22273476867046002048 0.95002277857759376278 0.23877516809563348321 0.038075106110126100134 0.001977241689844803918 0.032247788145613819066 0.99875245029472548008
1671631991.7994422913 0.22135184640144831003 1.1433135459909073983 0.18840199793965675679 0.034389842612914035824 0.0031607067101867723433 0.035487192461360186901 0.99877325145868922629
1671631991.8992857933 0.23904874668853567932 1.3188169784368704018 0.14999461540048769637 0.03276293341542024784 0.0041362434745475509454 0.038507677729473895056 0.99871249138068707296
1671631991.999797821 0.27986911387556967501 1.4417572291269094009 0.10387378649697863453 0.031862222364823181153 0.0045090591492245807662 0.039674607696707629712 0.9986943439690022517
1671631992.0997638702 0.2938254271174606802 1.5984414595766607281 0.072399309153203555978 0.031511362500156181454 0.004668386149715476191 0.042345254543163526884 0.99859507290083082687
1671631992.1995997429 0.19374142903092755885 1.7205187591482902221 0.038090655015425911589 0.030272433427842988102 0.0049018925719348212591 0.043753682636534708961 0.99857156302355787325
1671631992.2994441986 0.042374015798781070052 1.8352015222415569706 0.033708175184426980575 0.030896419381968784346 0.0048323178133726002112 0.04711552790570021354 0.99839981320315296376
1671631992.3992938995 0.0029156065477440296606 1.9201642204730677843 0.016916875017605630116 0.031558801539750713783 0.0052821511301836690869 0.048945821966086412724 0.99828875954649354263
1671631992.4994375706 -0.028204325759501186477 1.9435898056465126249 0.013886788768124417107 0.033343587112236838799 0.0054910339475503725654 0.050986007578423302167 0.99812748723591837585
1671631992.6996173859 -0.10655062249282082343 1.901828150414432983 0.021145878559445208805 0.038392155290539659029 0.0057541590047164459937 0.055394965612745969419 0.99770954182620630313
1671631992.7997405529 -0.11935657121426321292 1.8979682636634194193 0.010688380256354785419 0.037269354924776627869 0.005991829762793963142 0.058144014176132401139 0.99759428966643048931
1671631992.8995764256 -0.15852704719774488029 1.9128189944432538727 0.011858447900471358327 0.036877258627115550027 0.0058106570435731332708 0.060921803160878432171 0.99744415280280129821
1671631993.0997757912 -0.31165877529020302728 1.982598206460713719 0.017354221786924733245 0.037323539555990326022 0.0064024001165508435604 0.065227236864575946496 0.99715162850931193805
1671631993.1996138096 -0.48019829974633226888 1.834523641220000556 0.035867082071373519725 0.035759096700196502105 0.0059375268797403806323 0.062802168933150728791 0.99736749513658706778
1671631993.2994740009 -0.71038626038564978149 1.4597653576351330429 0.048915914604940373411 0.034343450817804835329 0.005269126101027882085 0.05596497208419702607 0.99782798397102079324
1671631993.3993010521 -0.90190225608257357237 1.0445364173646340955 -0.015323080999467938307 0.025360772292643836423 0.0071077776282041961464 0.043665165606461976699 0.99869898570013004857
1671631993.4994525909 -0.8907191677347926495 0.76815094925299753914 -0.0037654340654356159221 0.023770446375792616406 0.0080588370803976842882 0.036319687092995968369 0.99902497534019352177
1671631993.5997943878 -1.00217287384752618 0.78129673112152953074 0.056441791278483213756 0.026588162648397077603 0.0093120590313073171168 0.035377974375584604616 0.99897685363208510445
1671631993.6996366978 -1.1876308559519046515 0.85035514797334132986 0.057268979972369002396 0.025360021223661020212 0.010039369451039706696 0.034541183662851054903 0.99903102405067001346
1671631993.7997777462 -1.2957293057362058164 0.92805342918719302414 0.058872745583322505514 0.024797191681339696145 0.010242197279081351538 0.033976655154617847743 0.99906245229420931331
1671631993.8996133804 -1.3761260699179251876 0.92706083008331119366 0.045694234754774895602 0.022756293891806722574 0.010248986020004031278 0.031841629410157799851 0.99918127484975294283
1671631993.9994425774 -1.4324957796399280241 0.90841096972853419 0.013094116382208963525 0.0181743183185650789 0.0090316130314678638724 0.029081534263782054389 0.99937099641953253126
1671631994.0997707844 -1.4499740412930650635 0.87800115028364078551 0.034730162783323956233 0.017751105987117377083 0.0042953736067930046311 0.024585364027243435114 0.99953089390846738826
1671631994.1995971203 -1.489068105420507715 0.77352585492974479386 0.087864203829182571659 0.018653018142791411016 -0.0010848197596325171495 0.020481548255302614581 0.99961562325791997186
1671631994.2997813225 -1.5662465592273870918 0.57612209834313743428 0.26285924219272288616 0.023783192457910311973 -0.0092176235128926843621 0.016181275321801656675 0.99954367663561594082
1671631994.3996236324 -1.8694037568305461594 0.22435082075998524775 0.44239388480531105508 0.03045412196448189085 -0.013071019845146534047 0.013711183485686685365 0.99935664221688247366
1671631994.4994702339 -2.2147110681382291553 -0.088539397153139826058 0.49256388787724586509 0.030287915394633043581 -0.012177809821140387833 0.011933377512500014869 0.99939578627796510357
1671631994.5997743607 -2.5040632218126122055 -0.30882769430739143157 0.65907636280462222889 0.036301410705430858794 -0.015748829349456896359 0.0089333544643105979033 0.99917684977832255111
1671631994.6996231079 -2.8006642950679614401 -0.43778756085013137422 0.78916693374894031354 0.045021086018711603538 -0.017438592582314553503 0.0101151645253112904 0.99878259934235436024
1671631994.7997801304 -3.0369089336330379325 -0.51894146719212008723 0.94806125928540807557 0.053948090171003035276 -0.019605720039167492258 0.011193740712907528784 0.99828849511426276386
1671631994.8996386528 -3.4220586975562867771 -0.50501453194152157167 1.0106584699105727321 0.056445214474162876128 -0.018278125632178857107 0.012498404170975479718 0.99816012632218420464
1671631994.9994773865 -3.6950590900138657879 -0.57813420955546379609 1.061072651124045807 0.060554326569140143333 -0.016384219538523113469 0.012583263884281244496 0.99795109717555319229
1671631995.0997877121 -4.0490906860218371932 -0.39285772621384740244 1.1327766303111594937 0.064034009890057433378 -0.014016803902433217985 0.018387273014735212168 0.99767984994027125722
1671631995.1996273994 -4.7468087276717287892 -0.23942594649710915999 1.2087884727237971916 0.075595830785961951048 -0.010455762164754989554 0.022431142224313683348 0.99683137554144385373
1671631995.2998201847 -5.3369976972246027103 -0.22868863800634692263 1.1887523628962533007 0.073811885533902721335 -0.010316483824622791482 0.024497491360789273168 0.9969178745676369191
1671631995.3996591568 -5.8361376331042356114 -0.1117446782756822965 1.0987170234203200714 0.067331658294978224966 -0.0090571317697636863353 0.028287977864592132871 0.99728842691755203997
1671631995.5998036861 -6.9542178787492510139 0.22621716230872140896 1.0570440258795601451 0.065037820698825674071 -0.0074075578771551787299 0.034464400126689220816 0.99725995361738639655
1671631995.6996545792 -8.1849002665690413494 0.7654906983722508107 0.84669219569940323833 0.054945216802152301028 -0.0042203909966619804553 0.040693174706044096811 0.99765087930735729671
1671631995.7994968891 -8.9618918910761280472 1.1062964443057963226 0.60722430916812164536 0.041659353984327601728 0.00041976629131319949384 0.046469819688309883798 0.9980505387404011719
1671631995.8993301392 -9.664510883004469477 1.3377718293053528775 0.50153799365655304943 0.03799401941995143861 0.0028099951019597241113 0.048493064179111852741 0.99809667925625500384
1671631995.9995040894 -10.352152058810595747 1.5535782461290021939 0.41666739930477064702 0.035503824781527720811 0.0048187750838110682966 0.051837915160755143607 0.99801256925169068435
1671631996.0998194218 -11.204741709031297958 1.7449443999033720232 0.20819528692552330407 0.037338756542045999087 0.00831680887384932295 0.057136060519255973955 0.99763325853661766196
1671631996.1996486187 -11.989469180706574747 1.7535656325308306425 0.1593606078031896689 0.04411124301509773693 0.0078648692199693899518 0.059250555312316655066 0.99723703990926726437
1671631996.2995157242 -12.738039929331986144 1.7823712938061082589 0.085618393299887463055 0.047965815098248876236 0.006152975372352235614 0.057626857793114077966 0.99716626835093047365
1671631996.3993639946 -13.740757964028084359 2.1540660136544826919 -0.041880546332888811401 0.044648576292097653939 0.009305088832348143088 0.065330309288194499118 0.99682088192674811467
1671631996.4992001057 -14.904685729420934948 2.60543910299536563 -0.15335564834392501066 0.039114277414489938278 0.013069291917623796634 0.072260311870980198368 0.99653284654316498514
1671631996.5998182297 -15.979367294445054881 2.9071569873922258331 -0.33252256429779036839 0.024833851319384165485 0.016352979309865532664 0.081083708897524919834 0.99626366592772963582
1671631996.6996650696 -17.122697420512736244 2.9382845641351194033 -0.4195634156817210636 0.014590310871893424211 0.018730685322456655517 0.095836252245260711291 0.99511391157575290745
1671631996.7995109558 -18.013874442828200273 2.9347381576280704429 -0.51201647288021268078 0.011532477138101912897 0.021773760230736304705 0.11211463401404719864 0.99338975944810825602
1671631996.8997519016 -18.98272124336333988 2.994780693994275822 -0.52808776858688954992 0.012801124380604614328 0.023085234090079391478 0.12405531150397229589 0.99192413160949521878
1671631996.9995968342 -19.918319248712975877 2.9696485428185299682 -0.55057829269951608087 0.016510297029711844263 0.022151660107788354731 0.13315938365199969651 0.99070948950329507099
1671631997.0994634628 -20.862098576366200575 2.9848475770333187107 -0.60227592954605968512 0.017660695583110560397 0.020361595668512734447 0.14341891027972125672 0.98929496179225029362
1671631997.1993176937 -21.833127649086875977 3.0277983090499134278 -0.66432618450245817243 0.018784263025578049056 0.018562381944992285138 0.15245855331531135701 0.98795697222101541701
1671631997.2991685867 -22.82721527012192908 3.0736621198101201635 -0.7349240228091511451 0.017971731317159473501 0.017944682407986793649 0.16146737052480289454 0.98655121179923876973
1671631997.499628067 -24.880026762937493601 3.5030302712615180027 -0.83040204668762951368 0.0029926888685687345892 0.019843071811105981311 0.17981529236542878603 0.98349568222029881692
1671631997.5994765759 -26.067955437910743655 3.6204484577696174341 -0.65001662503344437294 0.0054188806077859743779 0.01356548434880304986 0.17889658868336769104 0.98375943396990850331
1671631997.6992948055 -27.183986431528975203 3.6786010281618581885 -0.57181627065820639366 -0.0023594558906289454792 0.010150615918693921269 0.18193138787981727456 0.98325600332186868791
1671631997.7991461754 -28.593956490389185632 3.6638681471727929662 -0.4329215104167980499 -0.0039365666687903736257 0.00738364981558555563 0.18306671279148906128 0.98306488281597270706
1671631997.8997745514 -29.758541913413814939 3.6828709857265997663 -0.36901301851120038577 -0.0053868908204811284321 0.005353322291467735132 0.18870117538799646706 0.98200518825254723421
1671631997.9996154308 -30.922745455943438486 3.7531330035122474342 -0.32804869596562830081 -0.0073897367758866648602 0.0054332692299784747514 0.19442872676169825619 0.98087376434772810541
1671631998.1993327141 -33.32551156377353152 3.9649634066962007317 -0.34845651837656799188 -0.013170362168231398992 0.006478512552776727676 0.20388018397152918304 0.97888581612933622811
1671631998.2991673946 -34.443404821215978018 4.1515334621189348141 -0.44635348585435458135 -0.023653835350422355854 0.0078640593251261513286 0.20250202524607341381 0.97896454604617055839
1671631998.3998062611 -35.380046759904104192 4.293374049724964614 -0.43025620688777926892 -0.028435654607320271642 0.0099686914207657625203 0.2041879894824545072 0.97846783477512644378
1671631998.4996423721 -36.427733466306783328 4.2545088220826237091 -0.33653048355233861066 -0.028283288084276408947 0.01275894779487574647 0.21169153365616033557 0.97684387669914396479
1671631998.5994837284 -37.619789336142957836 4.2081724604747483554 -0.24639007307594118501 -0.028487446328501444398 0.016835897016613633054 0.21968583915559761199 0.97500930767240745478
1671631998.6993334293 -38.87717663828741621 4.0608609182255692716 -0.096717332556124496756 -0.024254122151929631557 0.021592990012781441977 0.23283848944215737586 0.97197310568515282725
1671631998.8998200893 -41.521822048151157958 3.9394250204038123719 0.056538602018667276361 -0.01609921689531486691 0.025814796163424431202 0.24194316100628035504 0.96981334201829161312
1671631998.9996671677 -42.874307707622627106 3.8531116635895084066 0.10684457236413488768 -0.010657746013659199699 0.027612653853892957234 0.24810315389660508867 0.96828135313224472647
1671631999.0995128155 -44.291001864700447754 3.7096499757822352095 0.15069409397086425129 -0.0030962150783374305443 0.028930502294037454408 0.25648542438462562654 0.96611006959219802859
1671631999.1993916035 -45.670744797620685063 3.8658893673239935751 0.027297704334369385371 -0.0076319625453891695374 0.029194148255369527234 0.25882060262727002442 0.96545396084484869093
1671631999.2995250225 -46.93039260112865918 3.8178977256332529144 0.015615971715423501015 -0.0011779616627782551769 0.031090424341581119477 0.26525391742519044413 0.96367647953614177236
1671631999.3994727135 -48.290496905623115254 3.7956983712028113942 0.042697322752791727618 0.00063461206467474863113 0.033811204317763368654 0.26788689586140340682 0.96285669274085206037
1671631999.5994188786 -50.970501454537092911 3.4770121182076900723 0.23301881806312307877 0.011022737011979876626 0.035375770100529516093 0.27776754995688585081 0.959933457250818023
1671631999.699780941 -52.335227468892590252 3.3666752702768478756 0.27468626778211935324 0.011683203337716434322 0.037121896570024660866 0.28306875516378759983 0.95830973458732926495
1671631999.7996308804 -53.698448508171914284 3.242619264239611887 0.30733790525811938155 0.013452851833122040151 0.039617957732995159881 0.28835456258184116729 0.95660915970988802393
1671631999.8994615078 -55.05748486883498316 3.1048908271412960502 0.36593791002696579584 0.014954172326241778335 0.042220075077905046268 0.29338724176529312748 0.95494385403530768208
1671631999.9993097782 -56.42852645604261852 2.9550421878072756776 0.40396621966549783878 0.016108752340289939076 0.043378147242753982427 0.29861666997966129777 0.95325071667955407761
1671632000.0998227596 -57.795050859833409618 2.7818370682499793389 0.47617096431495981035 0.015749678300493261812 0.044171996564916986283 0.30404175209470202246 0.95150375476720194801
1671632000.2996630669 -60.540028152151606378 2.405133011318179026 0.6566985237313044399 0.021231897700240819765 0.045465915198948825271 0.3145306948518355461 0.94792009107898433928
1671632000.399497509 -61.924056508438098945 2.1795517560375592403 0.7391077269786405779 0.022929029295195250265 0.047554969248360244582 0.31961250867488671945 0.94607643920241102364
1671632000.4993443489 -63.318122929580589187 1.9539981296506951924 0.81308094110812989541 0.023565219072357368457 0.049690284665367491501 0.32498136254461329475 0.94412005066018667154
1671632000.599468708 -64.717953238429075213 1.7019940988537933801 0.89838293583562667255 0.025152333507416770736 0.05128851908918115321 0.3305567057801291897 0.94205579038216180621
1671632000.6994383335 -64.421455877965698278 1.933727100267763177 0.90931027301284783615 0.028141407341872325815 0.052632284026711315117 0.3296617558584473695 0.94221071454068949791
1671632000.799259901 -65.103537077202375372 1.7397897222412199714 0.91906777573418230176 0.02972544657694304801 0.051345130277337273916 0.33520764170415290328 0.94027438142583952274
1671632000.8998186588 -65.701889001881980334 1.4910443420801542391 0.95181424776111378527 0.031862951216804928645 0.051072379678909020362 0.33576651389415990145 0.94001979368577759377
1671632000.9996576309 -66.385893856346996245 1.177118804493783033 1.0008470393470869642 0.033817144045076040493 0.051885734829646645849 0.33831150249027452936 0.93899392893276767413
1671632001.0995037556 -67.14384706094296007 0.79830232506922127467 1.0653187678890823076 0.033904009401877488461 0.05206144479503768685 0.33656946328776493615 0.93960689678956521576
1671632001.1998445988 -67.818860239102647824 0.37998730269890484967 1.0771310746616318266 0.037539189618617664623 0.054145250531383720682 0.33475664525858245257 0.93999845188324149259
1671632001.299680233 -68.538293712764442489 -0.035280327378183463927 1.0923625906085161485 0.038208238067223489198 0.054075226431665443516 0.33697203517810958573 0.93918360714936099942
1671632001.3995251656 -68.991932639369451863 -0.22768612725513207029 1.0776878428213143568 0.04183885231927363807 0.054518100095418554896 0.34118256660623502707 0.93748159632206862213
1671632001.4993605614 -69.526249144147655556 -0.6054941281884904658 1.0249898616521639916 0.04209344910022788655 0.055716706480551686509 0.34281432074258155751 0.93680421201850339052
1671632001.7996351719 -70.815669173785011026 -2.2549817594086780659 0.99152343875499959758 0.034063958413139056036 0.056871804819016255617 0.33995300978718906437 0.93810297712483958765
1671632001.8994808197 -71.279822613461163883 -2.9785924533141940884 1.0166904223579740218 0.032140476064380904542 0.054677031092003752777 0.34014727905960606691 0.93823091007366898886
1671632001.9997956753 -71.748363437872058057 -3.4319878387849804824 1.0556290124991924984 0.032505807041133885638 0.053021334698811775632 0.33750616164836050315 0.93926657633749133236
1671632002.0996375084 -71.957908876634604667 -3.6553461627999621619 1.0844286790100572393 0.032132690623397353047 0.052615705757289889244 0.34614668381726726443 0.93615252549105043567
1671632002.1997950077 -71.740754731383020726 -3.4918409909652519119 1.0734629749587119019 0.031214985672886757379 0.051887546184434606145 0.34974692679170948928 0.93488523061397987846
1671632002.2996776104 -71.532854638756433019 -3.3947417934602590606 1.0604974217426361704 0.027752083823304882909 0.052109742712586094859 0.35823209930048333094 0.93176400423533278783
1671632002.4997959137 -70.72387915708078765 -2.7909827578080710353 1.0123672528650105029 0.02465253056726613573 0.052047656565038041832 0.36278230749121098686 0.93009262525517877318
1671632002.5996360779 -70.120735841407949351 -2.3558918260658656685 0.97882187908226259143 0.020778757912460681795 0.050611817930002203636 0.37071416195258349857 0.92713413119851761923
1671632002.699485302 -69.532918260122954734 -1.8961095940273100524 0.93936852233426904046 0.019022950463066998217 0.050938682078303203216 0.37237460023435314804 0.92648828115854287013
1671632002.7993240356 -68.897733237832198938 -1.4694783923659195946 0.91816412822352155843 0.017264411062483293186 0.050233521704771667837 0.37406116713337089763 0.92588162129433271286
1671632002.8991541862 -68.318019466233408821 -1.0081944545856997841 0.87473580396666017478 0.016447567462783179576 0.050395425664211436489 0.37541147814486358625 0.92534101858383466244
1671632002.9997923374 -67.68271560682218535 -0.6029210496133410313 0.85391873561639664025 0.014572483387633726123 0.049576989694029224842 0.37638246216654652754 0.92502216567725736862
1671632003.0996367931 -67.121990647537913333 -0.18184313812213634409 0.81728348739916090171 0.014064696391127923247 0.049012986067409489155 0.37735387481596227577 0.92466424429279225894
1671632003.1995184422 -66.505200968307775611 0.21454503965622953587 0.77997652972856401643 0.011525423637020262846 0.048222443588257307701 0.37818896690373521308 0.92439973272207853761
1671632003.2993562222 -65.945149111242869822 0.64742207150011310546 0.73745572357733246704 0.0096796636867298065099 0.04804572097405259562 0.37903709925951473148 0.924082674976610563
1671632003.4997391701 -64.871364740099679125 1.5112211312535883678 0.65158526497643476372 0.0081080773189839781129 0.049219531994088107363 0.38260314424299807223 0.9225651905246825546
1671632003.5995841026 -64.347769178053681571 1.947450789212330502 0.60808272329073909113 0.0092702258151756682797 0.048025318694843097123 0.38381709075559750088 0.92211283068912131
1671632003.6994130611 -63.84966943415442131 2.3569914210076352568 0.55755231562704232751 0.011714081714207765297 0.046208926105741454649 0.38496115738342895352 0.92170083147611281404
1671632003.7997560501 -63.346012651177105113 2.8035725727626812365 0.50794595636548278694 0.013198441063274243476 0.044716909750372561827 0.38713052831656424857 0.92084534704868559185
1671632003.8995950222 -62.870402258173406551 3.217336584244205433 0.45284910314359777539 0.012188040218181662652 0.043353471022687620207 0.38848607394259665471 0.92035346393578187918
1671632004.0992269516 -61.910068327410826328 4.0747055699909813242 0.35024735138672269397 0.012537376848421339509 0.046152808690557531324 0.39269503775811709367 0.91842437889675188067
1671632004.3995153904 -60.489798559736975392 5.3198586820379301088 0.19451149860959801585 0.013670101530071424728 0.048024589745668970486 0.39751363369393383218 0.91623669329020152041
1671632004.4998242855 -60.086727275301221596 5.7293128842636660281 0.11541179959198016869 0.014829157406157826918 0.047513311478773315177 0.39869246373353633972 0.91573298547394677005
1671632004.599663496 -59.63391362096736259 6.1337774722618547685 0.054030822876878381589 0.016144319655829467847 0.047399165150040362127 0.39924071898472529574 0.91547775963727762161
1671632004.6998143196 -59.247623247063877727 6.5387385946379570356 -0.015636706898368542967 0.019484311605335497691 0.048709123276167200223 0.40158327877620009216 0.91431868247252312543
1671632004.7996475697 -58.80118686240221848 6.94275851494831997 -0.070103630505134656437 0.020564736961094964157 0.048848696685816449248 0.40282503562958110743 0.91374114884678636628
1671632004.8994896412 -58.413106128122592509 7.3585379472735645834 -0.14166306983717755208 0.020573537970387103385 0.050675097018348568001 0.40450609025321393464 0.91289845384118195604
1671632004.9997932911 -57.933405324555636184 7.8170084027370423385 -0.30313470586120910832 0.018568234557572713128 0.046633197047731098084 0.4056934739313078353 0.91262991996102682535
1671632005.0996358395 -57.510183093366798346 8.2089633461514885937 -0.32928304166517874396 0.017353544426570020887 0.044328532417042397495 0.40654502269382969404 0.91238970853054890409
1671632005.199804306 -57.011543974425315184 8.6566466319096644355 -0.53486618201163815822 0.015468468660098164472 0.036118729165302877748 0.4073254283579685886 0.91243748240292743557
1671632005.2996785641 -56.564508904564540615 9.0562926178795084553 -0.5897013425358961225 0.013667808020940561825 0.032254250757089208967 0.40818233940007214722 0.91222805927787908864
1671632005.3995091915 -56.076059645725827352 9.4952138324160699767 -0.77791768525656457278 0.010679036838221996411 0.023985209004863759091 0.40886747247906302105 0.9122160149163044407
1671632005.4994449615 -55.642444104887360368 9.8795110721957861699 -0.79619251827892612017 0.0063956551303183872478 0.019246879547642991443 0.40984381594121760406 0.91193020552993764305
1671632005.6998186111 -54.689702731780407419 10.710235917335470646 -1.0223714819844802459 0.00084460509692664185143 0.010723619264953666852 0.4122894401184739599 0.91098941168319069739
1671632005.89960289 -53.890982192884855806 11.485400923724133904 -0.88859620072521594558 -0.0055620313367987983186 0.0023506357663404826158 0.41410949317278195059 0.91020704566767907107
1671632005.9994394779 -53.453224026857945717 11.910536495102785892 -0.77173240653751484786 -0.014418561162732277184 -0.011201741808571016867 0.41667954050277872247 0.90887006035012740668
1671632006.0992996693 -53.066002836465081316 12.276065274478558109 -0.52491063312390673357 -0.02303978936724632165 -0.021602027852101971656 0.41712764538971291994 0.90829898598986913427
1671632006.1998107433 -52.600631390743629368 12.6540197972221371 -0.60992073677451030811 -0.0306442234692027686 -0.033565154248448768326 0.41791135427210202025 0.90735021461324671943
1671632006.2998011112 -52.217385367050518141 13.010782763267016549 -0.43875393907558257744 -0.03719097433561086713 -0.043204021625042526855 0.41852785784434443084 0.90641308251349439473
1671632006.3996400833 -51.805117449378478511 13.384139629105971991 -0.49582138729544411593 -0.043305386366340119231 -0.054191532882729903653 0.41907737669800726454 0.9052966771260119172
1671632006.4994904995 -51.455673839497883648 13.732848832070100542 -0.33777669578299257536 -0.047952554867886104661 -0.062542102384148395844 0.41963984130175713272 0.90426292719720036128
1671632006.5993478298 -51.074848640345891226 14.072062907363983797 -0.40877773499385960942 -0.050563444215854680408 -0.071123058392182053611 0.4198301695859443794 0.90339774041083931166
1671632006.6994850636 -50.750984923919673975 14.421698447904997664 -0.3021212760897361016 -0.051750194294403528694 -0.078489505753573093894 0.42066479414383756152 0.90233167175101081092
1671632006.7998199463 -50.408073344521277193 14.765561081259166443 -0.3173816998975176884 -0.053420972534567921775 -0.084160887601519726586 0.42077583130954904211 0.90167113987159597244
1671632006.8996822834 -50.074481048641771963 15.110816345120476001 -0.28957501283628250821 -0.054972769293813159019 -0.086294960886120722354 0.42161307726105923255 0.90098478757651179194
1671632006.9998056889 -49.760958015715125669 15.456605470733920882 -0.40962158174550639123 -0.052413880815572494454 -0.087704659729691852865 0.42347636712482628063 0.90012690452308430356
1671632007.1994907856 -49.139179970167596423 16.115079117340336268 -0.35719275673429540241 -0.052299027150197137381 -0.088013088728706986852 0.42474390718597992977 0.89950604293687930202
1671632007.2994790077 -48.84012130682475572 16.432656516397049273 -0.50758829872902944125 -0.046088666306082666513 -0.085555490564979339019 0.42679758635614190032 0.89911062342343850418
1671632007.3993105888 -48.549012320136341714 16.743614598190092124 -0.49483053357740142131 -0.043209561795348003232 -0.083984568328258235592 0.42745400395003108063 0.89908987346052160472
1671632007.4994795322 -48.270044032890368157 17.043061016595562052 -0.64374672641812868967 -0.036826891784813901853 -0.082534756480358753561 0.42901699026677653226 0.89876371537609045514
1671632007.5997786522 -47.996872924789066417 17.331249206262583584 -0.66017047830690334109 -0.034474746648117685077 -0.081566954273827513289 0.42977337636412010768 0.89858397981636850549
1671632007.6996226311 -47.71799516039513378 17.619195677304841041 -0.83807666419300919092 -0.031862882978100547093 -0.080145775367919475096 0.43118863845091370823 0.89813015173183341489
1671632007.7997944355 -47.462970896060319603 17.902321375470723552 -0.88286350116741918459 -0.030526796319689832038 -0.079132781591905870799 0.43172205787014567013 0.89801012373600264116
1671632007.8996369839 -47.189189206338795657 18.182013272728223541 -1.0641510405441330089 -0.029069064433184160778 -0.079187271310506165967 0.43301140430160822703 0.89743272132239793049
1671632007.9994802475 -46.936654618711649789 18.460854806040465803 -1.1385480820514330969 -0.026650489154104530648 -0.078573234022086588246 0.43363093292756321739 0.89726262171759318953
1671632008.0997786522 -46.702003086565930801 18.71498899412824457 -1.3799603462888998529 -0.023648353690484024553 -0.076897198167541772063 0.43568734889170207536 0.89649546027709037244
1671632008.1996700764 -46.455970476961887528 18.978212225313178863 -1.4750083346863318567 -0.021197072242985868368 -0.075903067931042622618 0.43637579556539951575 0.89630662914632397431
1671632008.2998094559 -46.242080160931884336 19.218203570002764025 -1.6594883891603071646 -0.021664582780215709684 -0.075682699281087603693 0.4373913554531365655 0.89581894211796819771
1671632008.3996431828 -46.012252559714838185 19.471276638739034581 -1.7608880300082854209 -0.020431529297973829995 -0.075277860881779290469 0.43786288462809341837 0.89565165691622239397
1671632008.4994835854 -45.773685284629458181 19.679000845524512897 -1.9429440369746584505 -0.025293793009253329185 -0.075645403193672175468 0.43852709055249877723 0.89517148517054112578
1671632008.5994272232 -45.540400164953368289 19.89680246032990496 -2.044061913803107533 -0.02598751107030228269 -0.075547500722670912765 0.43869453893850851589 0.89507783231876447694
1671632008.6992561817 -45.317665024952013653 20.105715480703160836 -2.1740481646556193418 -0.028157613930129245933 -0.074306378847020584932 0.43893762615600984134 0.89499691127116831613
1671632008.7997870445 -45.102273902049986987 20.3273753879858603 -2.2476769810846564113 -0.029016104484159203208 -0.073785943757851579772 0.43924304584538381713 0.89486269721158739898
1671632008.8996274471 -44.894870931684728532 20.535724569168337439 -2.4092254383821956054 -0.02887319255428428752 -0.071072615416903447971 0.44016281685899733001 0.89463496284477783682
1671632008.9994528294 -44.691420635665060956 20.736835418276950094 -2.4989741113989092369 -0.028191964637244843611 -0.069547117265275848474 0.44074581105037513584 0.89448954250540546607
1671632009.0998299122 -44.508987846983416148 20.937073118304763142 -2.6602034211973677458 -0.025847247562490831968 -0.06547949187987159303 0.44205258768519212209 0.89422249225649808047
1671632009.1996905804 -44.332520484917559145 21.122247596151694893 -2.7449283057070843483 -0.024618553311262381805 -0.06356213486836383153 0.44267219854174028049 0.89408898129999281323
1671632009.2998256683 -44.150957633420411241 21.301747804745129855 -2.9047866125579342444 -0.025758716971316573258 -0.059716365708373450594 0.44334403473761374581 0.8939891000617116168
1671632009.3996708393 -43.97284907333327908 21.477722978377098428 -3.0009459640649041035 -0.025610957431332865425 -0.058230876436318072809 0.44378631363412740507 0.89387188775570114441
1671632009.4995119572 -43.806717712325749403 21.627529535295241914 -3.1368305355167831472 -0.028335076020140369246 -0.055231669824914120248 0.44414576584744142052 0.89380150189797402671
1671632009.5994627476 -43.6494043114764807 21.778000962007510566 -3.2220596984031257826 -0.027633005280703844264 -0.053454373471772516357 0.44448282707668868019 0.89376398641353382857
1671632009.6993043423 -43.497410712348354878 21.910118656138088511 -3.3618136428945688543 -0.027421877823886327968 -0.051666003472409821606 0.44493658165847360664 0.89364987719121502519
1671632009.799428463 -43.365429919698449623 22.039320058566794103 -3.4334564362795814141 -0.027307816292650388679 -0.050848392440050592389 0.4453688290239403158 0.89348493568130937792
1671632009.8997786045 -43.23080832779191951 22.15962356268919109 -3.5406552775828576962 -0.028313398832333244032 -0.050497248614273793077 0.44599419204902712721 0.89316155312881961859
1671632009.9996194839 -43.109812595674569025 22.283990905710101771 -3.59439595927678468 -0.027556145722703238171 -0.049802044587591236258 0.44613909621799913152 0.89315190310136571838
1671632010.0997235775 -43.004162018747983609 22.391869613767131142 -3.6846185356853355941 -0.027190808693487764081 -0.050745037653889241147 0.44670843579310737237 0.89282538856563342655
1671632010.1995761395 -42.902895447884695557 22.497955498709828248 -3.7173345963630910482 -0.02602304356695627624 -0.051183856259948347367 0.44696768085707394569 0.89270538607713245671
1671632010.2994370461 -42.804140816114831125 22.614020513799648171 -3.7990859822549927216 -0.02288095802187313163 -0.049960020451828360266 0.44734077211512557337 0.8926738999880624581
1671632010.3997995853 -42.701089829500944006 22.730631217402432753 -3.8302101655439093619 -0.021286561200503744534 -0.050026781575841193506 0.44797257334116408201 0.89239272575000072596
1671632010.4996473789 -42.598196758721357469 22.828229830191673955 -3.9023021329595346529 -0.022512557492165730794 -0.049344624449367331664 0.44800639394102853563 0.89238364159203886761
1671632010.5997731686 -42.4941946208563337 22.944618308193401646 -3.9115222824783173472 -0.02127256230393869546 -0.049563933247439739826 0.44854902178789124445 0.89212928977093564065
1671632010.7994384766 -42.271304061375118977 23.161710542287298864 -3.9573893913599857974 -0.022590136758953008322 -0.050516116509337689877 0.44930904333827248465 0.89166091720366058571
1671632010.8998100758 -42.178703680468174753 23.277777663930759644 -3.9349825471592794202 -0.021930522929219507799 -0.050847341274511528852 0.44945140817282841494 0.89158680549951263572
1671632011.0997505188 -41.997136081022496512 23.47778173859655837 -3.9762466314326148087 -0.023074751257899213386 -0.050440081251218155112 0.45007998194292969663 0.89126391372702207239
1671632011.1996049881 -41.915342071541722646 23.590946820997995559 -3.9397933470342278994 -0.021871036223887588973 -0.05037838706852100501 0.45055162047347341314 0.89105943302318213473
1671632011.2994911671 -41.826929042856221486 23.702807650003563822 -3.9843871853924461846 -0.022685047729555769813 -0.049480843852727891818 0.45081072307767938723 0.89095831926039592563
1671632011.3998253345 -41.73749665196833547 23.812581903300088726 -3.9628316137937402708 -0.022584682472728153518 -0.049014470245861488373 0.45122966515440143809 0.89077455234687197283
1671632011.4996647835 -41.641691445547671435 23.907156078942531252 -4.0080951116550780355 -0.024465798870871073578 -0.04994739433600491052 0.45151418057307446396 0.89052884693651501724
1671632011.6996610165 -41.471094927856256618 24.107330715725776571 -3.9644625785332858747 -0.02364001099569004033 -0.050181750919972734071 0.4520429938018297733 0.89026966336577406658
1671632011.7994925976 -41.382392831244651177 24.197965896556393517 -3.991269102249690448 -0.024152444394990590926 -0.05021867396227921998 0.45253263591408493527 0.89000503237221517683
1671632011.8994171619 -41.302766540400114081 24.297329558509527914 -3.9467333696362825179 -0.023322044904046837499 -0.050723468526817715174 0.45295869257839305178 0.88978179054180206453
1671632011.9992313385 -41.211856214327220016 24.379996184611609777 -3.9820413826354754683 -0.024678662327926686321 -0.050894373377953064375 0.45319561732689206401 0.8896147811383682269
1671632012.0994758606 -41.13563511927625882 24.469973357724878582 -3.939893362176070557 -0.023330764558459466534 -0.050907942521453204698 0.45352612649666368405 0.88948193314888768235
1671632012.1993434429 -41.066238121179964082 24.547089279171938614 -3.9931232718989186914 -0.023435298144280695271 -0.050219550890923461695 0.45384855703717447151 0.88935385015441259515
1671632012.2991807461 -41.008678387129862131 24.626005350211070066 -3.9493673357238665567 -0.022573014489194898752 -0.050894443980535143679 0.45381300657338802251 0.88935592967810417342
1671632012.3998291492 -40.936719185540880517 24.692351839374328648 -4.0057251232666768459 -0.02470676183501388859 -0.050885794007406406902 0.45436567585367915179 0.88901746017381066967
1671632012.4996552467 -40.874787817058034989 24.771845735095432417 -3.9725753002004973169 -0.023691727357670350901 -0.051033389814349613967 0.45438164851646467568 0.88902846561306814177
1671632012.5994925499 -40.796979692314735644 24.836152224034869107 -4.0162475393297940585 -0.026318524134942976322 -0.051454115249841232693 0.45468932777910975318 0.88877298817808114695
1671632012.7991671562 -40.688227781724862098 24.967420556132172038 -3.9654456295642295238 -0.025163544908243115628 -0.051818048806323444011 0.45491819480066847392 0.88866817309097867472
1671632012.8997998238 -40.629715873516730085 25.019600674401836216 -4.0123906098700690137 -0.026722571264621942932 -0.051880949048458156747 0.45541012259389296313 0.88836698022261817442
1671632012.9996418953 -40.592062100054135954 25.071656124492339046 -3.9806129361317643678 -0.026661286192618333796 -0.052157392218394008077 0.45543597614472125512 0.88833937990423261777
1671632013.0994884968 -40.560139292857940063 25.107312140670899225 -4.0069584514581766399 -0.027935932321047112631 -0.05233167550121109457 0.45545969957693321906 0.88827779522280081448
1671632013.1993503571 -40.530234680094956445 25.144646916051204499 -3.9753350847157529202 -0.027105865181174495365 -0.05239811781048755307 0.45536505547268257832 0.88834811621180298502
1671632013.3997950554 -40.475828142486406591 25.209414510446759294 -4.0299197607161527657 -0.027264496734717882931 -0.05092443780548547988 0.45543577675899460377 0.88839270714022045006
1671632013.5994782448 -40.423419131417468009 25.275209235468082625 -3.9756096189207013047 -0.025433751416020392716 -0.051647052068490448273 0.45560929751887846439 0.88831631433622604277
1671632013.6997582912 -40.395117612473775637 25.288635453162491729 -4.0467993993189876889 -0.028507381521216432901 -0.052314822652466286268 0.45574093683544497635 0.88811637020268685561
1671632013.7995922565 -40.378270885214973873 25.316921627803214534 -4.0022712262428568053 -0.027452219060379770554 -0.053108916800709234096 0.45579272065122811153 0.88807590577960604517
1671632013.8998053074 -40.35926080700034646 25.32512870983232034 -4.0844652529766642957 -0.03104138077738991669 -0.052797581664416733116 0.45594306773164766655 0.88789907480370577897
1671632013.9996495247 -40.347069661151408582 25.352366462272165393 -4.0498370944675610161 -0.029322858489820059769 -0.053774563510741217598 0.45598209226090613555 0.887878819336615277
1671632014.1993858814 -40.304881273561711907 25.39178091726774511 -4.1040715034770336445 -0.029136285553783742436 -0.051904310147104462669 0.45622499905294772171 0.88787148264341686499
1671632014.2992198467 -40.285413099733588638 25.420119714791120202 -4.0630692530786909344 -0.027483771587378743456 -0.051962927323971251636 0.45619060518974124951 0.88793841465490930265
1671632014.4996054173 -40.220408626475922631 25.477521274974719745 -4.104777604817948955 -0.028303530562680305482 -0.051656414955045776294 0.45617485728352263896 0.88793863782022552922
1671632014.5994431973 -40.195143994409704646 25.517146004441773499 -4.0429407989334604778 -0.027734781583385898635 -0.053105969937488298194 0.45604287860751696604 0.88793886654368836542
1671632014.699785471 -40.154670263118042328 25.558866667403016493 -4.0960721334269090121 -0.030163346731526194389 -0.052833313914294827152 0.45603557984006959369 0.88787970095881740829
1671632014.7996220589 -40.121654039922404422 25.607920814840049673 -4.0470608106938747994 -0.029088138523021934284 -0.053791775513443502998 0.45604316825471702401 0.887854128656603514
1671632014.8997707367 -40.08808677713662405 25.643994799116587302 -4.0856641163532767536 -0.031062761446549833066 -0.053993825771392590929 0.4562311120295490241 0.88767840125023012021
1671632014.9995992184 -40.051938965561781458 25.691059935547041704 -4.0344366858320377389 -0.02961350342989497314 -0.055093909567858548315 0.45617088392383903228 0.88769128992194101802
1671632015.0994491577 -40.004098166988455887 25.73463521708357149 -4.0693426404761581239 -0.031472577261856420072 -0.055605601170715487913 0.45598482113531507709 0.88769101431361485677
1671632015.1998398304 -39.961087756038708108 25.777734820954744777 -4.0208264441847854087 -0.030532668168002055631 -0.05693994770775657327 0.45598670781363170867 0.88763828265057742595
1671632015.2996778488 -39.909550316263576519 25.836149408373962899 -4.075508085587511431 -0.029933926723695047922 -0.056789414824806601356 0.45592942200831199084 0.88769774390944755638
1671632015.399759531 -39.853394266168422178 25.908116782581085857 -4.0226247697055264041 -0.02772691616847993562 -0.05754123904310792792 0.45594978290857374192 0.88771054933170345791
1671632015.4995954037 -39.772444685988922686 25.988022913488403987 -4.0945004530453452674 -0.029337624035597375388 -0.058031283289712229378 0.45610730108401131844 0.88754594465501013278
1671632015.5994439125 -39.696828877856013662 26.07890150276242025 -4.0622314217315071971 -0.029565049075158722491 -0.058408877810107465156 0.45586134620732149392 0.887639985523520747
1671632015.6994540691 -39.611380932412501465 26.18656236267420212 -4.1026498403942612825 -0.030333185747764206813 -0.05802191840916994664 0.45614043101010348646 0.88749606310362183503
1671632015.7993059158 -39.516395479114486022 26.303223870512674409 -4.0544768862584330549 -0.029721228438827306667 -0.058559533278831579772 0.45606173079291517647 0.8875219024612424068
1671632015.8997540474 -39.392323834632755108 26.424930784990305455 -4.0735651253583089471 -0.030616918177514277494 -0.058583758251718735799 0.45587188693186697641 0.88758738741354048507
1671632016.0996463299 -39.165726648061458093 26.680667963886968153 -4.0092667355456379497 -0.029893610054973717566 -0.05955007329539346167 0.45553992140716087489 0.88771816521503721376
1671632016.1995184422 -39.03428246141565694 26.826729532897321207 -4.0266423967244016069 -0.030473616998946351231 -0.059425014415171992233 0.45548836934585912317 0.88773327735272411498
1671632016.2995431423 -38.894168505212249443 26.981073791070379286 -3.9790911008276688143 -0.029388812468149335538 -0.059441581875160638682 0.45524515184220937236 0.88789348897829756257
1671632016.3993668556 -38.744640675162003163 27.143260766279677654 -4.0266238783941492585 -0.028483222660114229652 -0.058054651773034038342 0.4557731146005647993 0.88774389969275868673
1671632016.5994558334 -38.456907223331178614 27.481744691745614517 -3.9568709834462558739 -0.025558688514386491281 -0.058529467176397551031 0.45563806935678730081 0.88787105182356917954
1671632016.6993038654 -38.285919840741584608 27.662332534322690236 -3.9936272900727574076 -0.026292182779165257367 -0.058961242447214803897 0.45564918031151258049 0.88781536227710899922
1671632016.7997891903 -38.130385552711167918 27.840379047828132997 -3.936982317844149204 -0.025961759987736005018 -0.058759992162047448849 0.45556584922263432258 0.8878811898905818456
1671632016.8997893333 -37.957855060553541193 28.034848043568683096 -3.9626437390340045752 -0.026111027913112365428 -0.058299750472449278493 0.45588630279177311255 0.88774266104711840875
1671632016.999625206 -37.784620660908366574 28.22597299033012419 -3.9101189726612597397 -0.026225294249110880918 -0.058690438404154568475 0.45578937106500216903 0.88776332184070649856
1671632017.0994830132 -37.574568260736789682 28.445161063041911831 -3.9222025408052569873 -0.025712899078069836184 -0.059278274899087844696 0.45588390949532120455 0.88769070852930054283
1671632017.1993281841 -37.386313475486701918 28.630195033137731286 -3.8713566908754755147 -0.025618254491612469509 -0.05938318408261604453 0.45575601394548626022 0.88775210404568138944
1671632017.2998116016 -37.200782756702970744 28.852025020287321411 -3.8864926715742544872 -0.025445772144543542248 -0.058522743728074498593 0.45623591807797253539 0.88756768091343618554
1671632017.3996429443 -37.022316116389227147 29.062661210714772153 -3.8358114203997768499 -0.02522943267087316907 -0.058659730980831638336 0.45641503689662460408 0.8874727183316768464
1671632017.4994823933 -36.836014150575088877 29.283642889448543656 -3.8364101000918524598 -0.025760976002242527011 -0.05891745175310423438 0.45654784836933604009 0.88737205733765478488
1671632017.6997783184 -36.455364735724927527 29.745306307480504415 -3.7428118805370469424 -0.02361417832891638327 -0.058918823415080333328 0.45759406843152544697 0.8868926718411405119
1671632017.9994869232 -35.844980061902752766 30.500656854874737434 -3.6879950942320922636 -0.024361296136977100835 -0.059009182171554874774 0.45967132317057707303 0.88579157724861112833
1671632018.2583367825 -35.280905891601086921 31.202317187853655156 -3.6020395553344517481 -0.023168175238158030677 -0.058614725422434281465 0.46197093626831098323 0.88465270228670334074
1671632018.3996458054 -34.959405732990859406 31.573675140024839436 -3.5725788493737447027 -0.024131284453400288909 -0.058180360483143130079 0.46303788482150587402 0.88409764391989353882
1671632018.4994647503 -34.749792285333590769 31.795851012529144697 -3.5042983288120517216 -0.022448784600617052026 -0.058253252819595528755 0.46339181847007621107 0.88395171428132190972
1671632018.5994775295 -34.520511493632362487 32.074582060016290086 -3.4946596840362027514 -0.023728875802834770853 -0.059826529433889837073 0.4644693714085894598 0.88324737749530823905
1671632018.6993134022 -34.30188001186728286 32.343520659928493899 -3.4249238213999757541 -0.022726647120357254539 -0.060066368709627789013 0.4656889282756768722 0.88261506498708564017
1671632018.7997972965 -34.054865186399915444 32.629616526081740346 -3.4242368960290483493 -0.023332088757869344497 -0.059922778562416317838 0.4667275832193995555 0.88206022317398113941
1671632018.8997821808 -33.845143429942005753 32.881972009646254662 -3.3535149474705332473 -0.021291141668091914663 -0.059558395326244080448 0.46777612775165750003 0.88158095438722861026
1671632018.9996159077 -33.594221138754704725 33.180032086774090772 -3.3557726920098103207 -0.022934508730670072341 -0.060538827232832541358 0.4689012316279643211 0.88087495916522351447
1671632019.0994460583 -33.377208171340889464 33.465174823155791728 -3.2754147643328868078 -0.01981112149250675511 -0.060158980807658773982 0.47003557067578227713 0.8803720683852281903
1671632019.199277401 -33.131714478333691432 33.785008270196129843 -3.2659757804522930869 -0.021408220681096431365 -0.060754158440898334281 0.47129091604815742667 0.87962235804343713585
1671632019.2998158932 -32.910816257796348339 34.050714564439687138 -3.191794590937313103 -0.020405517049686322517 -0.060792161847135046948 0.47214443114716631023 0.87918573923182208318
1671632019.3997981548 -32.662510911532194768 34.374449509875852016 -3.180848597512712761 -0.021837235700403682948 -0.060627116099899576451 0.47349527720554723809 0.87843594552728565539
1671632019.4996218681 -32.438944069473279797 34.645305371689538276 -3.0878250294493048145 -0.018471506845678789532 -0.060213314484844411567 0.4745277475502805431 0.87798438311763626896
1671632019.5994513035 -32.18412661204384051 34.997536001488626312 -3.0613839488333796091 -0.017581100583225137135 -0.060475436608512005143 0.47609368934658952144 0.87713649190627440699
1671632019.6992845535 -31.948157250647806649 35.250225522121908739 -2.971115551723022552 -0.015387301579855565403 -0.061294371247104462164 0.47698670096492040704 0.87663556744300230594
1671632019.799813509 -31.691337616055278659 35.589111055501867042 -2.9451839010908407168 -0.015579274257107622245 -0.062727608432833481533 0.47811908330375640919 0.87591362332977507066
1671632019.8997702599 -31.449192183902386688 35.868766252970900155 -2.8425176837264709562 -0.013411034562146720295 -0.063650642603474305581 0.47907819074044161178 0.87535868477156442147
1671632020.0994570255 -30.928871782028618753 36.57396621606724807 -2.8022575222865047095 -0.014302314763894123303 -0.063318119336786354845 0.48174056618987942668 0.87390633734005007671
1671632020.1993134022 -30.683551802217806426 36.861372135201456501 -2.6951627258049231095 -0.012299123469814208717 -0.062649543611128344356 0.48276728499081505985 0.87341829313896857112
1671632020.2994253635 -30.406900144297459576 37.231874077979512094 -2.672745334848977361 -0.011826782611840927842 -0.062651456432619753723 0.48343305838924716111 0.8730563557275914377
1671632020.3998205662 -30.16968219769512416 37.52485376861132238 -2.5592211472045218734 -0.0095966478011317198071 -0.062972422483979120789 0.48389558885795508347 0.87280435232719455474
1671632020.4996557236 -29.88989798885002358 37.913807934688740886 -2.5431768714225886363 -0.01046351342335159057 -0.062972265569428045873 0.48460892862206139675 0.87239852989082411483
1671632020.5997471809 -29.629662492404136742 38.241368127918626385 -2.429011597472766848 -0.0099948792256039677151 -0.062857209406712369337 0.48524526455969008154 0.87205854553307549093
1671632020.699587822 -29.345180406954693098 38.638293321531001823 -2.3962333993629600926 -0.010115588077716860735 -0.063279758414840778236 0.48605303053327414409 0.87157661657608809236
1671632020.7994227409 -29.063171868736059622 38.956500289306823959 -2.2455312626074444005 -0.0059287043752715429257 -0.064558248256177133695 0.48661511506199822685 0.87120767492012041178
1671632020.8998000622 -28.776544524946235271 39.363828622943735525 -2.2057294325342855501 -0.00537176000041326724 -0.06547994477516219658 0.48765119701824866105 0.87056293917982097152
1671632020.9996390343 -28.520022554925201774 39.695533889865295407 -2.0623016470959996127 -0.0025599113206114573055 -0.065941073976931399714 0.48835161987896824609 0.87014821552330245957
1671632021.1993384361 -27.922790127063102261 40.567941727839006205 -1.9752276203291074808 -0.0044249613327850111782 -0.067617463566061172808 0.48997135085265292043 0.86910089959780978397
1671632021.2994325161 -27.648690978960935638 40.946413566450310384 -1.8217657695707349941 -0.0011817216479244570856 -0.065554124055356266521 0.49089794787437213142 0.86874649071291931701
1671632021.3994526863 -27.331110784424112126 41.414336885606999772 -1.7714645752875852747 -0.0001629476546101553988 -0.064169032804760647859 0.49209795827024804815 0.86817158911312963809
1671632021.4992866516 -27.077015526060037587 41.768272858050224272 -1.5616860544533635036 0.0071521364148379113282 -0.064159085063481391398 0.49333853024817109212 0.86743850117521037468
1671632021.5997512341 -26.785540078944375608 42.233201944483099055 -1.491007844490589207 0.0076812571220642080622 -0.065151284212895718695 0.49433778497329800006 0.86679089912280948838
1671632021.6997818947 -26.506683001791060406 42.61656177626331754 -1.2826446831696547424 0.014987468047485026645 -0.064679778804180174112 0.49572028357406205945 0.86594070378324372594
1671632021.7996234894 -26.221197631293179597 43.107402829383424603 -1.2182668198980377561 0.017265640277777116046 -0.064955419825349219876 0.49674406004883359111 0.86529071987818750866
1671632021.8994619846 -25.946701298138403757 43.568439770675965406 -0.93166792340182280618 0.028123212588058187078 -0.064301399464056913091 0.49810449785619653751 0.86427213547361170232
1671632021.9992990494 -25.652238721769503371 44.068150225621657512 -0.82996620249280339543 0.030918546223036132842 -0.064522576399822909043 0.49916521473852859536 0.86354789619871197281
1671632022.0997419357 -25.374171865421605077 44.568450453742407547 -0.56673958616190001081 0.037982538119746674099 -0.0634823406943438584 0.50054864648222197054 0.86254180868104268765
1671632022.2997078896 -24.717437792105926064 45.607232421484859231 -0.38614124802043153784 0.039702087546535314022 -0.064864686375541436014 0.50287522940055895404 0.86100686429388317844
1671632022.3995299339 -24.420448302394479612 46.090708150419438027 -0.15980542346760856498 0.045370656190049957202 -0.062639042425290072935 0.50442203141008346012 0.85998620230155531363
1671632022.4993674755 -24.091606788400127925 46.635605948061829906 -0.09927410131439254326 0.04640480449904860194 -0.06650506393635499669 0.50620550416768250734 0.85859167136687786215
1671632022.5997626781 -23.779704826834120013 47.105071519569946759 0.074416192619102178307 0.048150711305756078995 -0.06682385109237094778 0.50781241635872265139 0.85752121356725041768
1671632022.6995887756 -23.454772507945293114 47.586929078021221073 0.19659567073831810124 0.047530615317082164362 -0.066880411169137024552 0.50953270811673134766 0.85653036756944966879
1671632022.7994081974 -23.137470546767399782 47.949473990781037003 0.30732747196621224006 0.048094437619555098495 -0.0662905060316264505 0.51228061636034594173 0.85490412560800854713
1671632022.8992340565 -22.831122304247315924 48.412312354787196966 0.40269513493400965753 0.048618062256014664413 -0.065625313573580382198 0.51397775070637441441 0.8539065956061328011
1671632022.9997758865 -22.51973353957194135 48.721341367460439642 0.50399154419141989347 0.04592799003410037717 -0.064798145412107571728 0.51701345196067238774 0.85228452442496482888
1671632023.0996279716 -22.221968876215825617 49.191082513076139549 0.58981011255482462818 0.044943747752913168481 -0.064945524270649729326 0.51910864702078385324 0.85105132101617975149
1671632023.1994760036 -21.927219344171408721 49.46845784442966476 0.67488928623000343787 0.043423028354682806362 -0.064853532196610802485 0.52183301338085419374 0.84946969699689023336
1671632023.2998137474 -21.620979805432128273 49.914737663967905235 0.75323875172396248523 0.044368124270312378488 -0.065033900329813251751 0.52345688004128010373 0.8484073055402546748
1671632023.3996546268 -21.304886658324655002 50.178120485655973937 0.8251119761158222099 0.043058209392612283029 -0.064483901148199879172 0.52602523747725948855 0.84692695472136436674
1671632023.4997298717 -20.985537070468932797 50.639131357911146836 0.90074121789164829366 0.043798561373981796663 -0.064128769943676625087 0.52827717557195374987 0.84551310614135366528
1671632023.599560976 -20.662040395766645418 50.890381342078917726 0.9632224215066382822 0.041484679822856050657 -0.063393976121867728901 0.53168423037670586861 0.84354733376390056421
1671632023.6993937492 -20.367329084884371326 51.342223500352211829 1.0430667704472145196 0.040548111485000384868 -0.061866441906533127526 0.53439735221572737256 0.84199041797733364945
1671632023.7998244762 -20.032023249938646359 51.65482984591648119 1.1074165601323833208 0.038843887772561765115 -0.060808452044234670431 0.53710833547862646409 0.84042139460039655408
1671632023.8996679783 -19.718514329880250102 52.133539341851658833 1.18253245966783882 0.038662697622481423387 -0.059441831615282707257 0.53875199470469259388 0.8394749267658255798
1671632023.9995100498 -19.418977084831805513 52.658608471726836342 1.2650903831105604347 0.038925507669083321549 -0.05933725926734650935 0.54025349251580168097 0.83850465612292390816
1671632024.0993480682 -19.132097341635248 53.20947305800444127 1.3498283307176905943 0.038540596825097722666 -0.060682554287596522646 0.54184345125136212928 0.83739950103729532405
1671632024.1997952461 -18.844679369666682334 53.796794479501357955 1.4371057490779910459 0.038692307658020709538 -0.062113913904803919053 0.54390542960899668223 0.83594955031352036201
1671632024.3994848728 -18.274722270273301206 54.911608398102799811 1.6140426178826026149 0.038247965098232375447 -0.063019212121823736661 0.5479357646470082166 0.83326590587284188327
1671632024.4993164539 -17.98186987604061926 55.482805632872178592 1.7108250934967830226 0.038212626960189767511 -0.063492229247171808049 0.55010643941028125603 0.83180011858941738101
1671632024.599750042 -17.703265503073669862 56.031049012742514037 1.8045493511529655528 0.038425494292975405364 -0.064389577208463624758 0.5522377659785073778 0.83030772221046034165
1671632024.6997807026 -17.416180221123916283 56.577549884712439621 1.8954717779519687504 0.038938816248866733871 -0.065708760649965780587 0.5539638630386444218 0.82902965315499110854
1671632024.7996306419 -17.146083360487736513 57.121854631438921501 1.9827744601630759025 0.038951069330696468096 -0.066951216479629732659 0.55555114092769108947 0.82786670341537116347
1671632024.8994777203 -16.853514023159473112 57.673044251226983192 2.0812105055182454905 0.03788342355339360118 -0.068322718551807146148 0.55697142660398146763 0.82684925004276965677
1671632024.9994909763 -16.583781391109283732 58.225955718334397204 2.1781694937370947862 0.037214791188848211911 -0.068835298284195170493 0.55853797310273323173 0.8257796883123165177
1671632025.0993258953 -16.295656040854733959 58.775398911341596886 2.2752343149097931096 0.037133439432505938038 -0.068867512682601328411 0.56016014651183299033 0.82468114058262909083
1671632025.1997747421 -16.031498013875143727 59.330574843004747265 2.3707160010999599464 0.037486936335642873086 -0.068305730067681855178 0.56172706400872551846 0.82364541060108231729
1671632025.2996416092 -15.743461277451597624 59.897449095389951879 2.4649656803028978658 0.038232707483181943564 -0.066814441914026023728 0.56331052589254870799 0.82265140968023808821
1671632025.3994894028 -15.461494681327618395 60.472636662639594363 2.5585466382442541011 0.039364619546920082138 -0.063910940242418529111 0.56488262189496796228 0.82175023086478216072
1671632025.4993083477 -15.165062791192783109 61.061961563114195428 2.6583286465248812114 0.039565117363822656371 -0.061428177823829865911 0.56589475484556517326 0.82123340585701265493
1671632025.5997326374 -14.886965362036645999 61.640155131375955477 2.7506473972695681951 0.038628216754496007279 -0.06052671739410661611 0.56648232624962502335 0.82093979767013058879
1671632025.6997804642 -14.584071285924148142 62.250058105136638176 2.8500327854523441751 0.039015557352083625464 -0.059969585739485180287 0.56807127839098991995 0.81986368241187956851
1671632025.799626112 -14.296481425399191423 62.842430460896856914 2.9408400372250884658 0.041436722666967608364 -0.058064596133581843074 0.56947013064143037209 0.81891102752234168349
1671632025.8994514942 -14.005288859299286131 63.435135359988187531 3.040064500971699335 0.04435683020388300063 -0.055582546159367758609 0.57058146713674406936 0.81815636741199193605
1671632025.9994955063 -13.722437219115471763 64.040423155065809624 3.1420053772521581159 0.045295791097490142874 -0.054238940209655042701 0.57126793333853154166 0.81771595130149510311
1671632026.1997666359 -13.144017939458038313 65.279613819212599424 3.3429559864044868789 0.045317167345192116423 -0.055353555070259852222 0.57327960591274962354 0.81623086913532894027
1671632026.2996308804 -12.878533147819664961 65.913474821827080063 3.4382597379947350547 0.046323121965971512937 -0.055564904431077533076 0.57443255477251109475 0.81534897423398833283
1671632026.3994681835 -12.585081149384855337 66.543635693349671101 3.5414680842778336611 0.047313602377538385713 -0.05652805885372273742 0.57530704647335617619 0.8146089883314534541
1671632026.4993014336 -12.309972359745858128 67.150389776861786117 3.6388109908590142716 0.048540391844947135269 -0.057092163245694688145 0.57575889769561028331 0.814178117477865948
1671632026.5997512341 -12.024236606864668886 67.773400722743218694 3.7422416055494611697 0.049872217664138525361 -0.057216848547910516276 0.5764135348065801967 0.81362548573609083657
1671632026.6997795105 -11.738397685143128868 68.394402625862568357 3.8436773274889111107 0.049459782451363634714 -0.057413836137680543392 0.57682111306366457004 0.81334788673962565841
1671632026.7996094227 -11.448358600010687169 69.045758813517664976 3.9513901989787281188 0.049235805425374361277 -0.057375962855995520095 0.57753886296965128988 0.81285465866302564208
1671632026.8994514942 -11.15476288361339563 69.68601983674091116 4.0543509423097683353 0.050181123587552438348 -0.056854404934673488659 0.57787543727636925261 0.81259424712931582757
1671632026.9993004799 -10.856245563141053267 70.324385998022250988 4.1599345739493323038 0.051351672695762622112 -0.057170739170968147558 0.57808420053627462831 0.81235039815607190672
1671632027.1997630596 -10.270273142738062688 71.618074099323152382 4.3772742439320193597 0.052709319288118727798 -0.059161315964078600715 0.57828037095958462199 0.81198120601183043643
1671632027.2996537685 -9.9845977086942827583 72.280961682570946891 4.4955487024740294899 0.052761077894972759073 -0.059624209371747401154 0.57836105515964097989 0.81188651435455061467
1671632027.3994920254 -9.6944566908345439771 72.922233213115717376 4.6006179584361470702 0.053166395892063122997 -0.05929026714426634953 0.57804570405355404361 0.81210908294085781822
1671632027.4993219376 -9.3950239385750879961 73.585745815699283412 4.7171231368222015234 0.054177795156263079679 -0.059338613256631971005 0.57779597411386074413 0.81221641684134937567
1671632027.5998108387 -9.0847543462572719619 74.231283079774698308 4.8246165959442173232 0.05639920503025530607 -0.0586477593270483058 0.57739969805811464099 0.81239716806514650216
1671632027.699798584 -8.778518863747466483 74.879529647532166337 4.9384226702416391674 0.056949400964128329972 -0.058714008448149702935 0.57693612270204830406 0.81268329702492647648
1671632027.7996351719 -8.4813084197515884455 75.531395546220863935 5.0502448994586277564 0.057710959602436572025 -0.058095309437208121628 0.5764016425541380606 0.81305321266449270823
1671632027.8994731903 -8.1817287053713627643 76.197356176524962734 5.1681230692556416884 0.058555804069402354883 -0.05777291934895895098 0.57612345933179787139 0.81321292857851579239
1671632027.9993078709 -7.890819973972140744 76.85791233763791297 5.2764757364194423417 0.060138527870643436468 -0.056588942133311247173 0.57583413682432171843 0.81338557644057907225
1671632028.0997924805 -7.572073003500461752 77.540289359870087083 5.3925662660326452169 0.06084334927065402493 -0.056408971063736615403 0.57546611603012676195 0.81360608658874966626
1671632028.1997821331 -7.2795864817558726401 78.207770674606649663 5.5017044798063921007 0.062410099340415005342 -0.056310317143095221792 0.57521983479649463344 0.81366840256965677902
1671632028.2996397018 -6.9682555494230395965 78.8956406658634819 5.6210455923584774496 0.063107982394814479687 -0.056839456235998675471 0.57508131341236146117 0.81367569813578988214
1671632028.3994724751 -6.6887143150431791483 79.544105453501501302 5.7198769360739216694 0.064966942667648713838 -0.057166188300780178266 0.57485133976726687788 0.81366901160321736253
1671632028.4993150234 -6.3876906235174937265 80.213196815132889128 5.8392864907326593737 0.063923212434460058295 -0.058860810063609193821 0.57475803149648618806 0.81369676979879868028
1671632028.5994620323 -6.1205706216335631353 80.868821062886354412 5.9386996155731068825 0.066041816572653344597 -0.058679456415319034002 0.5747834271497908043 0.81352271740408577116
1671632028.6997871399 -5.8024570801211092785 81.554509410809018277 6.0575175927947499943 0.066547762381141933874 -0.057949935188646689577 0.57513259199351174367 0.81328697392772741903
1671632028.7996203899 -5.5284377178112489304 82.23769539258488237 6.1458249687765986735 0.067714156282566009826 -0.054732732555954184683 0.5753462501698498599 0.81326245052958845427
1671632028.899793148 -5.2200967906990980438 82.926168622009626574 6.262439444133036659 0.064235409464675735647 -0.05581630572824099884 0.57541137131772990276 0.81342492336048222157
1671632028.9996423721 -4.9457132087601038961 83.594723645670867995 6.3663036914180946013 0.063907205214713588837 -0.056405139325766906477 0.57606628988727381913 0.81294646750865240392
1671632029.1997666359 -4.334688031317842416 84.986232739110320722 6.6230678264098603591 0.067631294421212906354 -0.059077510494519168416 0.57685341101388498686 0.81189654388371834681
1671632029.2996742725 -4.0641004922726455817 85.638296978295116446 6.7272085684810960515 0.069674176140242807809 -0.056629308441027530197 0.57638010462117916788 0.81223432924344440842
1671632029.3995256424 -3.7597787334519274793 86.306526474991343889 6.8487543619170185849 0.067870051904258626996 -0.055319491838441266218 0.57653631498145940792 0.81236647357264157865
1671632029.4993746281 -3.4969260355189497602 86.969780026970369136 6.9450084425347613504 0.068632301937399553537 -0.052379672840987642757 0.57686487725826929296 0.81226405213430830088
1671632029.5992019176 -3.1838641768036057833 87.657475102637164355 7.0595054294511729864 0.067728207863572031933 -0.050957353247620996994 0.57733543074384063853 0.81209607708534714554
1671632029.6997711658 -2.9102694745833170842 88.309645047668269058 7.1502350510055698862 0.073205298149613393099 -0.047660771338046303836 0.57802229818399342154 0.81133202697809436721
1671632029.7996077538 -2.5854677844558189292 88.973915009820046862 7.2549675492303151714 0.075016530337820644392 -0.046374039820270489265 0.57759201077109334488 0.81154755726342253652
1671632029.8994500637 -2.3019306634076710516 89.601167262468763397 7.3351954567048345268 0.077279167799556944263 -0.044846236845374684576 0.57722494593270157193 0.81168226976940105466
1671632029.9997549057 -1.9887554383904564315 90.289286697366961221 7.4491116483910913004 0.077224202546938292002 -0.045098497341599402821 0.57737172727713348408 0.81156912005049786085
1671632030.0996062756 -1.7005436742250030768 90.875821064096058421 7.5300088865470158339 0.080317573739362380092 -0.043253977026768898606 0.57755826978436153318 0.81123647959376510297
1671632030.1998243332 -1.3761509865355499027 91.531677784773478379 7.6377939229122580045 0.08167784423824653306 -0.042764982688288946666 0.57765470241592842271 0.81105790840915203965
1671632030.299669981 -1.0559250477483130837 92.091993733861883698 7.7414832028597766467 0.08290072476992223216 -0.040904051259781866456 0.57759601548763161993 0.81107161910399150351
1671632030.4997842312 -0.40895068293518876956 93.47852024304394547 7.9718869407922250403 0.083397893503695363915 -0.037986920717292718686 0.57690758842607570145 0.81165227753636848274
1671632030.599634409 -0.11545959822049549348 94.055995329248645476 8.0886605339023027739 0.084823272252938369808 -0.03613469967788139614 0.57709718481715832628 0.81145433342832329338
1671632030.6994800568 0.18279017889227991422 94.715345893085427065 8.207018361014752017 0.086245852511607004609 -0.035757227929173129866 0.57644807758782712348 0.81178241384047333806
1671632030.8994855881 0.77381690804593583621 95.820010148605618383 8.42565658052039268 0.087314928566144978106 -0.036372132846032571851 0.57533669089063954605 0.81242898970724086727
1671632030.999797821 1.0766486968259820767 96.498392566830162309 8.5458533736658814917 0.087212161786209232983 -0.037662025749476357728 0.57451798563765421601 0.81296045096417457465
1671632031.0996339321 1.3169954805628889538 96.857406376199008946 8.6454296306355438162 0.089241616348993621499 -0.036827923409809087962 0.57456804114382342696 0.81274301231378798249
1671632031.1998095512 1.6193414457011987562 97.480373553564803046 8.7621941050005425211 0.089757657510565816428 -0.035881774333671082045 0.57389201341373252685 0.81320601210813492354
1671632031.2996344566 1.8941420128620554131 97.80471332949505836 8.873385561389754983 0.090590620580259684225 -0.035705847453876372877 0.573645149658477016 0.8132955638596511827
1671632031.499786377 2.5272206969267849708 99.037416188517923388 9.1182465982645748426 0.09291405513453125653 -0.040550743621760532154 0.57090508780416571177 0.81473308283725465184
1671632031.599625349 2.7880031669894589363 99.277748807660131547 9.2173720330569679504 0.093978368257375224926 -0.042483961129492452125 0.57060114473731760043 0.81472542182682161638
1671632031.6997795105 3.0853541664416876955 99.820882427764871636 9.329984249735442603 0.09186397415452043913 -0.042757030044628878407 0.56997304636200929462 0.8153916684974843454
1671632031.7996406555 3.3841214716189584877 100.1763320193605864 9.4452485662271126188 0.090307773343812763889 -0.040950056847718477315 0.57028900726460951542 0.8154373348768118035
1671632031.8994669914 3.7064321197341194569 100.74914463308503798 9.5628406535137830957 0.08840959565126170483 -0.038926769987750527158 0.56983500087303584625 0.81606159188821569828
1671632031.9997820854 3.955872223096044582 100.95301811113016299 9.6702854858997149279 0.090625111739390251664 -0.035377649937239019629 0.56972660474252367901 0.81605582336976012492
1671632032.0996210575 4.2617772373093751881 101.4787989274799429 9.782754077133034798 0.091794500410936077928 -0.034377352471479341589 0.56880286242690014653 0.8166120688713359721
1671632032.299654007 4.9213393849880535669 102.80036363434822988 10.030332977621506885 0.092683918717901575546 -0.039784765668954204243 0.56682342572005661729 0.81764177222469436312
1671632032.3994982243 5.273247017445409135 103.56453500066930928 10.158345575123396642 0.093044798931227842842 -0.041639722453269065183 0.56630792596808221528 0.81786559524874946625
1671632032.4998083115 5.621897788904137272 104.31373053731751099 10.288512390582834399 0.092804662058049380846 -0.041532253053219767014 0.56563677089865327385 0.81836263970440314974
1671632032.5996470451 5.9787828907727531558 105.08167147132819252 10.423182032495812877 0.091333458689957194854 -0.042130503612936333335 0.56527951111230922976 0.81874434001443874287
1671632032.6998186111 6.330554124947875394 105.83027099927574 10.553777054226411991 0.089273110946973571744 -0.043319397884650445718 0.56515273575752422719 0.81899702483864211811
1671632032.7996621132 6.6925924102741198851 106.5666110215824034 10.682313446298680404 0.089810905413532343688 -0.041842537749308093831 0.56504645923431728871 0.81908833602381392325
1671632032.8994998932 7.0703500648167993958 107.28855950325797153 10.809734555731663974 0.091108275366573870935 -0.040097407566510798183 0.56462828940572096226 0.8193206788974288779
1671632032.9998128414 7.4460198452404871006 108.00556952768911856 10.936400833536733757 0.092488989698384316274 -0.038827943841926775004 0.56439312685914511114 0.81938914803390994201
1671632033.0996582508 7.8007794194191033554 108.71283673969331574 11.062222390280211926 0.092797691165307089056 -0.039636257454541280743 0.56436736740654225297 0.81933328396690585649
1671632033.1998488903 8.1560552716141856422 109.41107812039062708 11.18861393580733754 0.093453068993465629455 -0.040408158457260770491 0.56446932105214753239 0.81915083483856809821
1671632033.299683094 8.5182270424882933213 110.11921189178296743 11.313827676267553812 0.094533080997972196435 -0.039948126853877240217 0.56472096828344287012 0.8188759806826111376
1671632033.3995084763 8.8786111447420434928 110.82991098103435945 11.439768721895974934 0.094139033979581912548 -0.03960545100428041615 0.56461444762548052001 0.81901146271875346905
1671632033.4998044968 9.2334761956514412873 111.55127138779650409 11.572817274208013316 0.093633915794768388108 -0.039851733505500842869 0.56487163418421648675 0.81888006816846958813
1671632033.5996422768 9.5908516889055857035 112.27387004203212939 11.707793633257031374 0.094022929366144814001 -0.040361090164177854112 0.56533387598267159646 0.81849146594242372377
1671632033.7996451855 10.290833248544055678 113.70524120609144347 11.984059659565456712 0.094655798538984106671 -0.041474784802977802955 0.56588714921190130802 0.81798035207779962175
1671632033.9997954369 11.013736623619772459 115.15722466972098914 12.266997949481504904 0.093922231801483235802 -0.04244402652518548813 0.5663986060450404425 0.81766113889311919927
1671632034.1998445988 11.734396322797199019 116.61899772574901135 12.542685223665772654 0.09311002623779646159 -0.041559514301539028647 0.56693272212839418422 0.8174292742281171753
1671632034.2996814251 12.097388514072367371 117.34301050937523314 12.678016090485181522 0.093483151833195665681 -0.040319054727277363337 0.5667838031643768204 0.81755207456146505862
1671632034.3995168209 12.439890420879452293 118.04029257426132915 12.809609951634611136 0.093758847399941822043 -0.039719353670249056554 0.56668673097598021293 0.81761714782287275849
1671632034.4994297028 12.796250629307728275 118.74161377850757049 12.942267615221494381 0.094757801261418014849 -0.03921032374091831807 0.56636854465853470053 0.81774701542323413594
1671632034.5992674828 13.134758312967566241 119.44162956271145504 13.074393902892902375 0.09490270949792470323 -0.040648598898861097728 0.56613062956020521188 0.81782472291517183116
1671632034.7997462749 13.836581558879585074 120.83708603712081242 13.331723714225292454 0.096828936930153194917 -0.043202763789306396214 0.56557877336024220405 0.8178498207484460325
1671632034.8995966911 14.177941589383895149 121.53002101215784592 13.463969500617022135 0.098278827083061542913 -0.043881681929696970956 0.56527608245331750769 0.81784999892671583765
1671632034.9997622967 14.522765938071984237 122.21204813236006714 13.600234722250611696 0.098308603981764719482 -0.045562259675962758776 0.56510408550582069687 0.81787338348977145497
1671632035.0996129513 14.849309398957116102 122.89871819371522577 13.740583442540840409 0.09664120746672061335 -0.049396764519695511575 0.56524143024742790065 0.81775458556109736907
1671632035.1994788647 15.167687436773775289 123.59004998997329494 13.891128641347757267 0.092167808923778543617 -0.056813476547657705551 0.56536327486920667784 0.81770513714292203389
1671632035.2997348309 15.497761989372531133 124.28635694651073607 14.034089720145312086 0.09008120901464088115 -0.057808084506577636641 0.56601165565532485235 0.81741935798613085673
1671632035.3995866776 15.849095850033178223 124.96670289838223766 14.168622840585413769 0.089985295608291104852 -0.051324908013111229799 0.56694254014691380927 0.81721756990626381878
1671632035.4997928143 16.195192258936796037 125.66757869060397468 14.288695722642279051 0.087644816489816548821 -0.042056702103553077199 0.56737393781405542903 0.81770192285454001979
1671632035.5996432304 16.528176107026840924 126.36886219624376793 14.415978877523388135 0.08311838769300948504 -0.036117741853283265308 0.56786479131309675061 0.81811760837771219101
1671632035.6994891167 16.850448544393714201 127.06528949719532307 14.537116439093169973 0.081208037338165728336 -0.033884256584921376709 0.56858728448246487197 0.81790317993771544103
1671632035.799328804 17.183290340880422065 127.74073359971892216 14.653033968280796628 0.084832217489593617077 -0.034766883070732175487 0.56845466732385463438 0.81759039250413778621
1671632035.8991644382 17.509994142680458395 128.39350397242060353 14.765074900827311666 0.089595435523499203367 -0.036570833572686048396 0.56822532470510511704 0.8171629044620977167
1671632035.9997968674 17.845863972497912897 129.05835740798016786 14.882290667092773262 0.093167259990301884431 -0.038429243034534134316 0.56782407774290255542 0.8169570806848510669
1671632036.0996348858 18.160915344040208907 129.74097855676524205 14.99691218837787865 0.092570774551601661684 -0.039186312919566770874 0.56771028411194768282 0.81706800077607855126
1671632036.1995060444 18.489764436771608302 130.40936471420610587 15.114163494697107737 0.090629319204732272652 -0.039632432975091197447 0.56778250584678180424 0.81721393943771603041
1671632036.2994194031 18.810236297056540877 131.09685928767837026 15.234975823183203758 0.090638906047378245412 -0.039308722464165869737 0.56815819805763823069 0.81696736472680908658
1671632036.5993478298 19.784127200040945382 133.09805893579530789 15.591843129533929257 0.093246094683214680865 -0.041875024440826351391 0.56772770594824240042 0.81684570149640578496
1671632036.6991894245 20.089492651121549471 133.75716350049401626 15.721819829458613782 0.093649844586077057862 -0.044102726729309121856 0.56755878043857743709 0.81679966139263182612
1671632036.7997450829 20.410637728333064445 134.3918161871035295 15.855199623207354875 0.095408482007005648851 -0.044523372922284802644 0.56748102284069146251 0.81662731985920289368
1671632036.8995811939 20.713141778690246753 135.0286807783313634 15.985840056552945043 0.096373696500204553139 -0.045675515491238771748 0.56748381664191471785 0.8164483913616475963
1671632036.9994215965 21.032282885314739218 135.6732814899048094 16.125873077594775395 0.095584900110058185208 -0.046265833881639344127 0.56770041896336120857 0.81635729542585178109
1671632037.0997669697 21.34772521373557197 136.34973995935035873 16.261061080432778425 0.093806713920272122298 -0.045922450957537185035 0.56821500786281331496 0.81622492841189053792
1671632037.1996045113 21.663776952231931006 137.00112427528685544 16.399340036599486581 0.091766941150022110496 -0.046377490066170520833 0.56856962766306562429 0.81618413083458929425
1671632037.2994222641 21.967409931402627876 137.67317534791288836 16.538818318385114736 0.090722519667846918123 -0.048060655245187051954 0.5688340721370690467 0.8160192376522015234
1671632037.3992605209 22.281731901266358165 138.31206539079698814 16.678279353975288046 0.091868344945484750608 -0.048775947976584597965 0.56943311525842377208 0.81543058646524269051
1671632037.4994933605 22.587820939526253028 138.97219096090140056 16.811082357882472849 0.094433213513473793221 -0.048292429513083288961 0.56962182405053563006 0.81503446982479421656
1671632037.5993442535 22.908053265951632937 139.60018783378492913 16.957783296251193406 0.093180326086236289762 -0.047990035382222046012 0.56956973917170872213 0.81523290877782150776
1671632037.6991724968 23.208441099497161275 140.27138515628280402 17.089770228217521009 0.089188831322805750546 -0.049593936714441615166 0.56978627082899602208 0.81543203235047256872
1671632037.7997992039 23.522384416039969324 140.86554425801710977 17.227732262027600996 0.089010212542680738901 -0.05005474844237196852 0.57042772253474915978 0.81497479567487063346
1671632037.8996353149 23.837576337091121559 141.54607703158575305 17.36568913533858094 0.090027732696145196245 -0.048333605758830361365 0.57109263763148965243 0.81450111672302161203
1671632037.9994835854 24.154051229046398674 142.09994416992586252 17.495858715608520129 0.089540658023197813864 -0.046060865207764492557 0.5716810218941021926 0.81427371102301948635
1671632038.0993278027 24.451753423993661585 142.77157472504873681 17.616792270455174929 0.088363234350952557516 -0.045543165872455187992 0.5720598233834260915 0.81416541152758126199
1671632038.1991598606 24.735019729549534873 143.21857728509826302 17.733089638299045276 0.088915866687200903473 -0.045836651096584322962 0.57270709100703498518 0.81363355263765635428
1671632038.3996691704 25.351993793459008941 144.49538864860778631 17.994388696243682091 0.092824485678875412464 -0.052173915015519892191 0.57207922661948706899 0.81325694335852782846
1671632038.4995114803 25.647167792549861787 144.9679128210139254 18.122720150284880702 0.091810322985625261727 -0.054027970190367202719 0.57235981246464440186 0.81305355795655986917
1671632038.5993511677 25.955421774125493783 145.60816760305698381 18.250826495927732651 0.090968762752246870584 -0.052936316811651319691 0.57242098787173167906 0.81317688310089875081
1671632038.6991965771 26.203839982821047982 145.9683729991558323 18.364222275136683038 0.088165456009891673972 -0.052172223734538406004 0.57246723733921223154 0.81350241155780933511
1671632038.7997553349 26.447825773820650141 146.54230365746855114 18.489948258384476532 0.08591905154679942147 -0.052105636712106502551 0.57278871019168653422 0.8135207512295358212
1671632038.8995862007 26.690405149843574151 146.90636293640247345 18.601769750649694402 0.084144984846799678047 -0.053491835651255467687 0.57287625292237698282 0.81355457338853898186
1671632039.0997533798 27.274714309354223474 148.14929418845042619 18.857841447095498921 0.083716849190766065569 -0.056175307300745234984 0.57220681180435717383 0.81388892886924701919
1671632039.1995840073 27.514897806568928473 148.50542728223598488 18.94959397415058433 0.08138160354145793085 -0.056331239083634875031 0.57238096412040972982 0.81399254174772006643
1671632039.3996083736 28.105459381320894607 149.7553461994352233 19.195965193809261251 0.080373482688640363047 -0.054492107067310315005 0.57211108117302245102 0.8144075296477182313
1671632039.4994504452 28.370005409138535413 150.15066681827764228 19.299934895807108859 0.082581833552797551112 -0.054607278237976931978 0.57210089759880877747 0.81418600386959216753
1671632039.5994300842 28.655815903746390205 150.753864919396392 19.418700341353638095 0.084462870578677781697 -0.056137374503793774361 0.5717024095379089621 0.81416888518659269458
1671632039.7997839451 29.272499747647987789 152.08491245033354744 19.680878382165751361 0.085137717523695546906 -0.057086711535548735619 0.57070198532780791467 0.81473426364908174691
1671632039.8997507095 29.605349819372083431 152.82501136228697192 19.824005643080610639 0.084567239170768512824 -0.055933767965037031744 0.57026905778146297354 0.81517666637196484203
1671632040.0994305611 30.259836146244857957 154.2638852384212953 20.102231239867457191 0.085249092321755093327 -0.055239605371600157546 0.56903393238369537332 0.81601566287213800344
1671632040.1992785931 30.589829342270864032 154.96697331323494495 20.241134132786108069 0.084865297280752052811 -0.056458510190721351851 0.56855346355099189992 0.81630709725486572115
1671632040.2994315624 30.909333215758501012 155.664930738073366 20.374727138921922887 0.084864182782448671638 -0.056573275079639023799 0.56841557831243283427 0.8163952874430210338
1671632040.3997993469 31.241412417795643819 156.35000270242451847 20.512387200515121322 0.086182789075353344321 -0.056429446311830819272 0.56809035707580346486 0.81649347251133574943
1671632040.4996278286 31.568335440738106712 157.00842667119519547 20.645479300819641111 0.086416175798270045139 -0.056024954430378817727 0.56769016409140127255 0.81677495470622363261
1671632040.599752903 31.900607897022439374 157.67198276173184013 20.773771596577581988 0.085520002859713104004 -0.055161373538720137599 0.56690679581583725 0.81747185690885837417
1671632040.6996004581 32.227636801811691214 158.33573650432481372 20.891113833407136013 0.08349323818041583245 -0.055270964209319345395 0.56621505174421193907 0.81815311212010888298
1671632040.7994406223 32.571144361490055985 159.00937967541881335 21.03028027447594539 0.08397640642150995538 -0.054733726668993260001 0.56559474590096148194 0.81856873000297303289
1671632040.899772644 32.902156958881796811 159.69012620532438973 21.17841512057068698 0.086199832662375838743 -0.055134892782579089654 0.56525053316270967851 0.81854845134915743543
1671632040.9996118546 33.226072869967552492 160.35403687785503735 21.329838074278310245 0.089514034376419984729 -0.055564988692056525854 0.56498147663908060423 0.81834937571677313084
1671632041.0997931957 33.539385905140804311 161.03313988448132932 21.475131279032432019 0.089585914450249326535 -0.054319496728201160929 0.56501761081026347089 0.81840018064610042803
1671632041.2995028496 34.21401928020767258 162.35330461741006047 21.75034455096108843 0.087927409906335449175 -0.053414116125614558017 0.56491728323023926439 0.81870884073243521684
1671632041.3997507095 34.534781450293728255 163.024718557948745 21.888776301919595113 0.088117583686393496922 -0.054455963753740579958 0.56500872503356192045 0.81855664440090625256
1671632041.4995825291 34.860523642020609714 163.67967251473925216 22.019814696871051751 0.08949071695239388391 -0.054594071579782611769 0.56471747536551619717 0.81859945757646690456
1671632041.5994374752 35.178091405324629193 164.3491405014920872 22.162375103041821234 0.090317070051078196524 -0.053944807897731941737 0.5646992283957064096 0.81856433223513902497
1671632041.6992745399 35.508108792308206603 165.00763567674567867 22.300625663733157467 0.090107082362621521154 -0.05353100820328923759 0.56446625063887434504 0.81877530297299938589
1671632041.7991247177 35.824810124542040057 165.68489647905144579 22.438752193937254731 0.088629022704236518071 -0.052880955403498061673 0.56479353538635224119 0.81875317604018504891
1671632041.8997764587 36.166767934622022551 166.36153077630550001 22.570251032774603317 0.089512289282980009308 -0.052526029162803557215 0.56496987544526455771 0.81855824848758995671
1671632041.9996285439 36.480868465754802799 167.02934074882017512 22.714037674036351433 0.093141014989174014671 -0.053309101847748660563 0.56510613781170271341 0.81800852317962657878
1671632042.0994653702 36.815702479280766113 167.68051846215186629 22.853694185226224533 0.095466369034117842807 -0.05600319725057768816 0.56444468840358963391 0.81801711963389189819
1671632042.1992990971 37.114221707942284922 168.34930281948825836 22.991205490642126819 0.094005290424129736571 -0.058875683579251783528 0.56401238701293388011 0.81828276686688405928
1671632042.2991945744 37.441418941378188379 169.0060880418307363 23.135011320673616098 0.091433352571504422635 -0.059526231536476119366 0.56407402557009678201 0.81848461407270622914
1671632042.5994660854 38.43812940633362274 171.01072953762803763 23.572038351903962905 0.092826257929142591552 -0.060086013726504933219 0.56360189483702871627 0.81861215537606146775
1671632042.699744463 38.759214177205493002 171.67527159317137375 23.724993639755766139 0.09250565504086906421 -0.061391771122021619733 0.56344485358929252694 0.81865966749785701317
1671632042.7995984554 39.035868893888270748 172.34530213363913731 23.870116476573461028 0.091980277180168559803 -0.061766496020600247796 0.56400938048216964216 0.818301868082504269
1671632042.8997857571 39.351397515644094938 172.99266312956476099 24.014681417996712298 0.091905377408805249972 -0.06163614486182344282 0.56429609579487727267 0.81812242575336846517
1671632042.9996378422 39.63483547106881133 173.65188656899505304 24.157668832626800537 0.092048290868572635315 -0.061397999242602349645 0.56457132358148520712 0.81793436070789327097
1671632043.0994670391 39.963398037035837262 174.28487389131024088 24.295257762030338711 0.09250090375918909591 -0.062601409455436241025 0.56469273917562468057 0.81770823443344120562
1671632043.1997556686 40.254406837217501902 174.92802469710954938 24.443020507199967994 0.092334116136323016177 -0.065688802037590365845 0.56493721253897588586 0.81731593534745328178
1671632043.399815321 40.914088284894852166 176.23426845461531798 24.749663244688818509 0.093688972583441679221 -0.068321715467988888837 0.56553561055706957905 0.81653168511920759531
1671632043.4996612072 41.206463608059294756 176.90315497259635436 24.904742937354480858 0.094011268912695344913 -0.064431543931477652798 0.56613067837770292279 0.81639850101750732758
1671632043.5995066166 41.556194129383293046 177.5734584254799131 25.056274420800562552 0.092276918448094477632 -0.059239633814738609785 0.56677736953048651891 0.81654090497373210678
1671632043.6993494034 41.83801584408577412 178.25434493036757999 25.192146342808626969 0.089958688196911176793 -0.053914018082059540771 0.56769288764857139817 0.81653260705581454104
1671632043.799197197 42.170187260285082687 178.91760810088538847 25.323150595014084274 0.090362193464961493294 -0.051130793979252790737 0.56821016953512049064 0.81630724554919997793
1671632043.8998289108 42.469625466780485112 179.60184924145858076 25.451195477588814953 0.091969357354720920883 -0.050419330137094320321 0.5687032379393690551 0.81582850870361445228
1671632043.9996733665 42.81055832074854095 180.26088600955714014 25.591159274726766881 0.094491462971932074777 -0.051767270475268543917 0.56854946642723436234 0.81556300636938627857
1671632044.0995233059 43.129562287276797861 180.96381643449086596 25.724355264266097976 0.095545803380282831596 -0.053714360893215032378 0.56856179747794322044 0.81530561713930305157
1671632044.1993732452 43.483094004534379451 181.6371929084788519 25.868145754075921872 0.095253861666383221607 -0.054363795443142008679 0.56884408246326934044 0.81509980335488918524
1671632044.2992303371 43.776997487005814946 182.35610451436690482 26.010603834758647679 0.095440555314079703053 -0.053866775183733894838 0.56942950599767339082 0.81470209808978077959
1671632044.3994653225 44.117673693956731995 183.04867947108931503 26.165341750770689799 0.095621603282444553318 -0.053882481374347979131 0.56966766373263333367 0.81451331485988720527
1671632044.4993109703 44.429642331903487218 183.76789152203275535 26.310504877265923795 0.095090923883030392672 -0.054483886288268661147 0.5698959560413449088 0.81437572509114020125
1671632044.5991640091 44.774603806553962215 184.45017297961430813 26.459151276734043989 0.095230538778757561902 -0.054945957352335393631 0.56952879836464564978 0.81458519142436280891
1671632044.6998054981 45.079277711852427046 185.18129100425855427 26.596938217594363607 0.094853639784591714523 -0.054241888410935371057 0.56967504218398457017 0.81457409170308481272
1671632044.7996506691 45.412381180722874774 185.85454298239139348 26.746044235717672422 0.095354935283850417171 -0.053610380809708507721 0.56947360694751603116 0.81469821061337588386
1671632044.8994863033 45.715458042865215305 186.59780193020293382 26.88416354637751482 0.095755825406138028733 -0.053166418708651554115 0.56937238925713706816 0.81475102710834590436
1671632044.999307394 46.057672853760259102 187.25917756867784192 27.032826188707044679 0.097394521950984247471 -0.053127240921061663625 0.56918311004457711189 0.81469159232560994788
1671632045.099148035 46.373265104683078164 187.99071796108219701 27.178423469003632817 0.098784326085562770836 -0.053622835668322932356 0.5689174010477688892 0.81467738350819673965
1671632045.3994853497 47.400508828458697508 190.04624147960234382 27.630986610492172417 0.10438237937905146813 -0.054377786098995253838 0.56860679495722010746 0.8141459868983063064
1671632045.4993162155 47.674688006864094802 190.6945694536796907 27.76880460008333884 0.10640819530983794405 -0.053551183374386399083 0.56913209667916975221 0.81357127730745171235
1671632045.5991475582 47.993447148166126226 191.30342081224500816 27.927153244533158727 0.1076088908653279469 -0.054086906253590694149 0.56926326038065055979 0.81328609576178112484
1671632045.6997907162 48.294288077441493101 192.04232783592840406 28.103057273834696872 0.10880472369926928733 -0.054469730483884072625 0.56895546113806394484 0.81331682867312637963
1671632045.7996320724 48.59159881891756072 192.64651605793028466 28.255091245892355545 0.11130945189001606455 -0.054249458199026934224 0.56906944527552583146 0.81291276817310542668
1671632045.8994796276 48.889797931911935791 193.3858402503377647 28.433171616761018896 0.11206404745921327848 -0.054912393224211493437 0.56857469139116834089 0.81311075423148027053
1671632045.9993185997 49.194820047157953979 193.96192094857593702 28.590738786744807953 0.11379533007589416604 -0.055216071201086798503 0.56855609642246107693 0.81286270277020800101
1671632046.099159956 49.493584620443051847 194.69427441721757077 28.758266312045012825 0.11638671125250732441 -0.05521903041582827687 0.568010175978508558 0.81287725525359932899
1671632046.1998269558 49.812585959144087155 195.26307897743217268 28.907907638305925246 0.12098723690394451447 -0.053703870064801102757 0.5681832287155222927 0.81218581707194070773
1671632046.2996797562 50.161650600711787718 195.94679140501889947 29.072818179880403733 0.122426722250363329 -0.053923118284316173821 0.56778891828607702674 0.81223133358979338059
1671632046.399531126 50.452288558420214315 196.43285936439750117 29.232783356976625555 0.12422079430724471127 -0.055685403648616571548 0.56759446535064195238 0.81197589433768702083
1671632046.5992307663 51.142959889068229984 197.78893599192625175 29.604475174040299379 0.12613547296768257144 -0.060492737783679591257 0.5664732485477445012 0.81211977553463077228
1671632046.7992942333 51.692649811806653304 198.79987979195527714 29.981743972551477384 0.13373802685174998595 -0.058757396114271553955 0.56595734396897767748 0.81139016100964089784
1671632046.8991265297 52.003170978666929614 199.41181582978180131 30.180137066666425483 0.13516633373313816091 -0.059141216817708175402 0.56570457162244802696 0.8113018651179876306
1671632046.9997501373 52.305726379486046085 199.81816728923649862 30.378900328019582844 0.13919408758232953982 -0.059498191721868785853 0.56566394707822520438 0.81062276685264245124
1671632047.0996015072 52.608753175484338271 200.37760486022537521 30.563703985767666893 0.1406065213018314608 -0.060550191332113555143 0.56533451934198963862 0.81053091349892625317
1671632047.2992565632 53.155104554655125071 201.14438248232806927 30.931632072951732226 0.14719421547849187437 -0.06108948899929030063 0.56420838048431143363 0.81010545033023217965
1671632047.3995063305 53.445087690827016047 201.66681735081152738 31.125012074298872733 0.14843031680198387479 -0.061027312562387359129 0.5636563944566513884 0.8102688301814423566
1671632047.4993376732 53.778408142022016136 202.29832777319461456 31.328736825340083527 0.14886822752909484313 -0.060363247515753330752 0.56325354064522414888 0.81051833917087690029
1671632047.5991690159 54.105386972827183456 202.94517782664178185 31.522599640420036593 0.14863832121632714056 -0.060314506037143472694 0.56297552268802242281 0.81075728222547338575
1671632047.6998171806 54.438001885337044428 203.60503942949904399 31.718272710711680418 0.14808983971625366838 -0.061257023469056301468 0.56268446016776929586 0.81098901024257552539
1671632047.8994913101 55.136428449803055685 204.98418276548565586 32.106459320251275358 0.14705396700893250128 -0.061804508076517744586 0.56247880606099676104 0.81127857502867128936
1671632047.999327898 55.494946253627119859 205.72123744146335866 32.302809045412800515 0.14489989352393872757 -0.061667396949160950548 0.56267705384593980078 0.81153908475533043099
1671632048.1998431683 56.248127705102980656 207.20473873566925249 32.719254524164696818 0.14102804195498352957 -0.064873219073300375515 0.56223995921203495651 0.81227383627361826601
1671632048.2996788025 56.608352398115080462 207.94294467785738334 32.928021078526789722 0.1401658702612212648 -0.065851742524139930679 0.5621711522002870165 0.81239194509439249803
1671632048.3995320797 56.978391138164887764 208.69434483415915338 33.127142770005896466 0.13755055333594942701 -0.06471650266384494643 0.56233787110636990203 0.81281470107244624401
1671632048.4993627071 57.35023795190848972 209.44583723386585916 33.325527936749601565 0.13508462516181343749 -0.061858943113009920434 0.56309910388488026989 0.81292374452089832815
1671632048.5992100239 57.728707559550258566 210.20431687301970669 33.520272587318324042 0.13347795101600334888 -0.059374790771273569523 0.56316492701253961783 0.81332867636423478164
1671632048.6998238564 58.10828025630105742 210.95459767731924217 33.722985193142228866 0.13204560200192813624 -0.058816040436726835239 0.56314604797309963935 0.81361610175289222902
1671632048.7996683121 58.476748292207652469 211.69052091019605655 33.910962584482028603 0.13188586741999425156 -0.058690791549516063697 0.56298050232476348764 0.81376560689446941765
1671632048.8995015621 58.842306129085841349 212.42384533820319348 34.100391134037955965 0.13176147095556203781 -0.059499082252917494251 0.56295165902523758295 0.81374701448510400326
1671632048.9997682571 59.208427858039684111 213.16305431905959722 34.289584787149394174 0.13118468263838500842 -0.059908246706454289232 0.56298213393632234869 0.81378909914432406847
1671632049.0996229649 59.570488810553740677 213.90622889648994942 34.487758267641787313 0.1296136599569895631 -0.059976368715759308115 0.5630246052797158729 0.81400640550172886911
1671632049.1994800568 59.945741537549778855 214.66488999500714385 34.685006057971293103 0.12822968364791842433 -0.059445040638219308338 0.5632047896902362405 0.81413991441585253916
1671632049.2993292809 60.308381874314576976 215.40674268617044618 34.87290087840089825 0.12762261466765517648 -0.059183481679958148403 0.5635052212369965341 0.81404646633977384429
1671632049.399166584 60.690090610006215854 216.16023757264969163 35.069988036530766351 0.12954468050702319659 -0.05850795954678076477 0.56342259728525923013 0.81384886268295442147
1671632049.4998056889 61.061567226599422042 216.90809097139356254 35.271112518869763619 0.13118248039325905441 -0.059924789781775157638 0.56302294268293007207 0.8137600029616446351
1671632049.5996363163 61.444376780656007497 217.66331879736353017 35.473479891476685566 0.13148165438523751192 -0.060482574104412434313 0.56298754951638319 0.81369493784794022506
1671632049.6994876862 61.81548174680743557 218.40611574722785804 35.670749395504998347 0.1317938658905089544 -0.06045441849446791388 0.56312514744907093966 0.81355129433158202001
1671632049.7993426323 62.200581982758173183 219.16107458243084238 35.869566964537277443 0.13245879908346830378 -0.05934447368318968713 0.56334047017778154931 0.81337593685116271747
1671632049.899187088 62.583123694874259968 219.92395429766233406 36.070571879591547315 0.13237598837959474452 -0.059115533739312962902 0.56325715193898284738 0.81346378663148044552
1671632049.9998013973 62.962961239870963936 220.69272929043393106 36.271326343080161791 0.13190596667492490712 -0.060092481302444690494 0.56316102372635346018 0.81353510741820755925
1671632050.0996625423 63.341889577984176185 221.46324215048821316 36.47420242577368299 0.13079002376073758929 -0.060813240678205641998 0.56317052609646378603 0.81365513454971394314
1671632050.1995460987 63.72882177607471732 222.23708510443560726 36.675360301731117829 0.13023320569295682159 -0.060615838032694553672 0.56305558200578686989 0.81383870876645747483
1671632050.2993891239 64.126903080130361445 223.00427258678453768 36.871274228828532671 0.13002566023289946484 -0.06005065952862512213 0.56292641068209947619 0.81400313397906787216
1671632050.4994616508 64.910830873801899088 224.56269421473990633 37.275852331663166694 0.1297695764832190457 -0.061077168642744615601 0.56247123877539872971 0.81428222505493763617
1671632050.5992982388 65.313891157984741653 225.35281423523147737 37.482376173288876942 0.12998330422792739314 -0.061372622851015065648 0.56225839253931930717 0.81437291323169480606
1671632050.6994886398 65.700809486895423106 226.13385153162562347 37.691180448592916719 0.12922575352000997828 -0.061864611607087352518 0.56222436840482714615 0.81447973211718605047
1671632050.7997808456 66.089159337132286964 226.93025017640718488 37.905927788768870812 0.12823790442298380055 -0.062482987102960491077 0.56215180879876536224 0.81463872977913898143
1671632050.8995981216 66.475959579096297603 227.70751489110617172 38.11378231220928825 0.12698171059725907317 -0.063378155762034732446 0.56203090130481347941 0.81484975334382736545
1671632050.9998168945 66.865927796597532051 228.48979452922498012 38.321976504487807347 0.12641141504131231388 -0.062552028767067557879 0.56178017757376230712 0.81517509157822576338
1671632051.0996751785 67.261285560294780339 229.27100204427986796 38.525478352036365948 0.12547767371121756885 -0.061219538518263942606 0.56158209562711192131 0.81555690872844266437
1671632051.1995232105 67.667541817526952741 230.05028244662105408 38.724083499406646069 0.1248396257567603862 -0.060242890294035400522 0.56114230390222430422 0.81603013227529586082
1671632051.2998058796 68.053824975632352334 230.8514676283370477 38.930551257838949653 0.12453713293891698066 -0.061461856711921447616 0.56104477651450945785 0.81605251144436896649
1671632051.3996412754 68.461237325851598712 231.63774087852965522 39.135491688645018371 0.1259827512794691462 -0.062197101553555914077 0.56082718034537548668 0.81592446998741707809
1671632051.4994840622 68.865398660257241659 232.4363527028984322 39.342713092719364454 0.12592823308818404393 -0.062592618756652923517 0.56091854368921945095 0.81583983203447352217
1671632051.5993206501 69.263971473727124817 233.22842014920598785 39.555258618301522233 0.12518933359444256448 -0.061126371979947566326 0.56080737124404433924 0.81614109672353440939
1671632051.6991667747 69.642928019857563982 234.00663988285859318 39.746225235400061138 0.1236177711756755726 -0.05975871203626206829 0.56116372245244361405 0.81623698739314831663
1671632051.7998094559 70.043107712612865612 234.77826449255942975 39.938176199304805891 0.1249049096463565045 -0.05814919788335826123 0.56138506641830288046 0.81600504994410139048
1671632051.8996422291 70.465607699272723607 235.54547576772628759 40.125346106541265101 0.12521745542933115924 -0.057854184773454803148 0.56166265262638859213 0.81578707197692923447
1671632051.9994940758 70.859205983815130026 236.33207547906445711 40.316417591282089461 0.12471972545056031478 -0.059827006685376785122 0.56161525289831626395 0.81575365587079340379
1671632052.0993409157 71.270967505980109991 237.11702716294280435 40.511134736151916513 0.12535287959448557227 -0.061877121633402441814 0.56117170388536996573 0.81580892134992366582
1671632052.1991872787 71.655897776809027278 237.90662446589973911 40.722136154808154629 0.12513614528176122964 -0.063723395590477030503 0.56124506674167262688 0.81564958717366897734
1671632052.2998018265 72.059738303767574052 238.71345330276164987 40.933570098383974312 0.12455492866398742979 -0.06290520603580292136 0.56180226949284650662 0.81541842926916308087
1671632052.3996305466 72.454169409384988398 239.50970048848128613 41.145698060238927951 0.12457866998689270943 -0.061591796257729321262 0.56208339421107877953 0.81532132534982559857
1671632052.4994723797 72.858367420927464764 240.271257647811467 41.349725521443076559 0.12438913952270790053 -0.061623772266357922101 0.56196370753781266227 0.81543034286861115767
1671632052.5997619629 73.26738749258240091 241.06006484257909506 41.559812403600268738 0.12561969289125513027 -0.063035699860301566688 0.56174313651386031943 0.81528574247352003646
1671632052.7997982502 74.053656208339575073 242.57593988895260395 41.983157064149494886 0.12577410360555557611 -0.066069946217207090045 0.56171399635970586939 0.81504173105595201232
1671632052.8996350765 74.455457010997491807 243.37879730679028967 42.189449795233784357 0.12535883509301992689 -0.065973339940970224249 0.56186822569145755679 0.81500722563636629481
1671632052.9994671345 74.861820135205135784 244.12826450875323303 42.39139062720717277 0.12411253121448434511 -0.066187023804013742079 0.56200462797485251087 0.81508659393364391033
1671632053.099748373 75.252371614234235153 244.93263316344120994 42.608430109500105232 0.1239650496558291487 -0.066913781094069257893 0.56191160765511172226 0.81511383103586876331
1671632053.1995811462 75.657732300150726701 245.68551394914661046 42.807046104579512757 0.12180026119858516909 -0.069465060251684362935 0.56162769145359758838 0.81542236783687072066
1671632053.2994501591 76.046187573523766901 246.48976830318599696 43.022610826524626759 0.12206861452145352509 -0.070119759931571157274 0.56179476184175736186 0.81521108811344988876
1671632053.3992877007 76.443839122361282534 247.23135743053774149 43.213986312304356829 0.12057824665364166861 -0.070452029787507475245 0.56168941527981441908 0.81547679224817515298
1671632053.4994940758 76.835345078103486571 248.02501677888682252 43.416471453824009075 0.12111653781846504208 -0.069705349790221513007 0.56190979409340824358 0.81530934729058202048
1671632053.5997712612 77.219508083736229764 248.75330195978682468 43.607956679761869623 0.11907756516272584302 -0.069471656943496135073 0.56178577291295106466 0.81571500397445217967
1671632053.6996068954 77.603820606985635777 249.53917090763275155 43.811131398924658242 0.11841613354481649034 -0.069442291971152869667 0.56170795447932642119 0.81586736745425758599
1671632053.7998356819 77.968227577032450881 250.25807892575912206 44.00590207256819042 0.11681750707642497844 -0.07010741080412571935 0.56159969554825162064 0.81611543481967163682
1671632053.8996610641 78.354201072457158261 251.04390391689784678 44.21302019149830187 0.11735679838401692765 -0.069649422321254567114 0.56145461195301715751 0.81617709999733245585
1671632053.9994995594 78.747424457674057408 251.8826179730599506 44.426279714164614631 0.11644205353829177596 -0.071175054222971462226 0.56110501786378796929 0.81641687804222973224
1671632054.1996095181 79.547297722928348662 253.54716412134871462 44.875708148163333533 0.11657930098328510293 -0.072508491741296768329 0.56114895336326409137 0.81624973956930868546
1671632054.2994759083 79.935196908657815129 254.36123562975780033 45.086346502675631598 0.11572901614659017455 -0.072994188175561913745 0.56085601493447179156 0.81652873423178229384
1671632054.3993198872 80.334259354600831671 255.15913785774023381 45.310405961925980023 0.11607932578311623562 -0.072593204964660984491 0.56049506821656591704 0.81676256967591420732
1671632054.4991631508 80.738693001895597945 255.94742131235557281 45.519485136799659131 0.11566518869554368032 -0.073187185667373422238 0.55980481945995641535 0.81724155797874065144
1671632054.5997929573 81.134426863423641407 256.73490870522670093 45.739349447934046111 0.11782291933000418882 -0.073475564634589041191 0.55931820160688616728 0.81724063190312712379
1671632054.7994632721 81.898254027449183923 258.32246843414526438 46.179886713924567232 0.12261148173802149941 -0.07213234444140345647 0.55860839325387834364 0.81714136623824973338
1671632055.0997765064 83.093106922466716924 260.66130668779271673 46.850529813926172551 0.12248617642332408628 -0.073926459770963223739 0.55755017369085113632 0.81772233609473354843
1671632055.2995135784 83.902942832594916922 262.20767137009801218 47.281395948831018927 0.1237663425665193051 -0.076512993164184639472 0.55642411028000227091 0.81805859437076522411
1671632055.3993558884 84.301548073598070232 262.98582563041418325 47.506351932015334683 0.12297065018778122192 -0.078595672781088032899 0.55591515130217816765 0.81832712527763551424
1671632055.4992074966 84.73516112817756607 263.79657985457134828 47.715898443773419046 0.12133058046087970283 -0.079963982863301016901 0.55552528186893612716 0.81870404475249969334
1671632055.5997986794 85.150285337223323268 264.58917680027599317 47.945246054329381025 0.12041980116100832465 -0.080165930444564492685 0.55524137718386368245 0.81901129915726234021
1671632055.8573770523 86.231424319987880267 266.66031133959086219 48.496070649759815296 0.1158216543993240838 -0.084077216919014111096 0.55396466656209597534 0.82014603222115434189
1671632056.0997750759 87.215534917979084639 268.61586183505994541 49.062790947528270635 0.11521050225618172103 -0.085283071552910136304 0.55316889714506922715 0.82064456929153395404
1671632056.1996564865 87.646637860889228477 269.4119844364030314 49.269027401421908507 0.11501693108191138326 -0.085166271191502787574 0.55290503643271371459 0.8208616402921833366
1671632056.2995786667 88.057045176645388551 270.21234921528474615 49.507633881879272053 0.11438961435615030426 -0.086060574914163856519 0.55249008051074843806 0.82113537526410429468
1671632056.3994185925 88.503719237094514938 270.9997096068926794 49.692743970344828597 0.1128313542425841004 -0.087494595971470398577 0.55187008718359931159 0.8216162048350438285
1671632056.4992480278 88.909718452934399124 271.79017603280516369 49.922295679073911856 0.11120648049417783398 -0.088750012187993151946 0.55165340911918070432 0.8218485689224718227
1671632056.5998156071 89.346774434729624659 272.59225746070990226 50.118764049831618479 0.10886254287582407263 -0.089841833825660258328 0.55082054175471761859 0.82260204378210199927
1671632056.6996560097 89.758529327782483165 273.40531831665424534 50.361347047423969059 0.108124010925869804 -0.090918581191926167717 0.55030224840984043322 0.82292797087620261909
1671632056.7995090485 90.178325288423877737 274.21337896101056231 50.604105899399627333 0.10861072854394468457 -0.091952883409553751171 0.54955296115928398137 0.82324960963178439588
1671632056.8997964859 90.587554920331342601 275.01289960775261534 50.840034068586319904 0.11072281311755229061 -0.090435301487726590941 0.54882192923486050606 0.82362394628318402745
1671632056.9996321201 90.994806411513692979 275.80801884350955788 51.068432126232274015 0.10788349088487687866 -0.09156993249494679854 0.54798693787400942767 0.82443096483382394268
1671632057.099817276 91.37740826179678777 276.60662584065488545 51.313679137671066144 0.10879020080875621834 -0.090336701280009437665 0.5473044276105410999 0.82490110687750628493
1671632057.1996781826 91.810815974162068187 277.41400960022679101 51.559284044820444137 0.10996169391260736392 -0.090230621389839324453 0.54660883436761875664 0.82521854258538496207
1671632057.3998103142 92.612705069792127688 278.9817990562085015 52.034507677486118382 0.11198132333960188201 -0.085881037810783766862 0.54498414707602116369 0.82648467015636517541
1671632057.4996480942 93.058140497076848874 279.77358336921008686 52.273565422042437945 0.1123046870457834745 -0.085112442649136837991 0.54382927497351973845 0.8272806350058137248
1671632057.5994896889 93.460795335882622226 280.5423994192898931 52.514947995934988967 0.11655946917602590107 -0.086655363568008486608 0.54229480395846507701 0.82753917351987016371
1671632057.6993312836 93.909901656464057851 281.32356802067783974 52.762155391441972085 0.11965622877753995246 -0.09038504431947223805 0.54023582312585560761 0.82804479715147860652
1671632057.8998062611 94.747799218335302385 282.87592493567171914 53.265436015517458657 0.12132187887416918948 -0.090013250456730697913 0.53780963494091837962 0.82942113127974514963
1671632057.9996371269 95.221542366663314283 283.69230586094619184 53.522807851975862548 0.11976529242918865226 -0.090227572380386200646 0.53653812630551123153 0.83044692722188162559
1671632058.0994729996 95.629888656246251344 284.45327623457222899 53.771844293960157302 0.12146263739578599949 -0.089760472696877396936 0.53486539412254541226 0.83132959494308111825
1671632058.2992022038 96.567481837027798974 286.03893010861759194 54.276747434655916891 0.12181875799325780907 -0.090748476628031010671 0.53140578652805081639 0.83338634152185120385
1671632058.3997888565 97.00105749193502902 286.82247204531245188 54.536880891439011521 0.12287851140495026359 -0.091057724265735384694 0.52953305545918538666 0.83438846196631211161
1671632058.5994727612 97.927703293997709011 288.33872072781377938 55.024532504030773339 0.12312896958651332879 -0.093029510703290546614 0.52599559962708708483 0.83636917456336901111
1671632058.6997611523 98.311420059053503451 289.09574508780849555 55.266849764019859492 0.12295557679293279973 -0.091991411677663406654 0.52452746579900599855 0.83743085919706838904
1671632058.7995984554 98.768284445934483529 289.85231748151221609 55.513243510673596859 0.12170068818861017046 -0.09126277481451471052 0.52261100878192645602 0.83889080453150233208
1671632058.8997967243 99.243875894655403158 290.58450313616418725 55.749429607916297869 0.12063261296292746017 -0.090904747290501575208 0.5208935827820546649 0.84015116200970718641
1671632058.9996430874 99.718511409511194188 291.32656284381653222 55.989196399249706815 0.12044126948019084899 -0.091155531022335853364 0.51935370774509270753 0.84110421234319177053
1671632059.0994894505 100.18324128341228629 292.04346535115951156 56.210934247717652568 0.11977026403761278917 -0.092044852652584926989 0.51745498374042631085 0.8422726213968488862
1671632059.19977808 100.65876812587227107 292.78652786457803359 56.446160153828223827 0.11875987499307762152 -0.09438291013376577665 0.51572570117587901439 0.84321702989975122478
1671632059.2996239662 101.1138710265747136 293.48282368884224525 56.680151425296564582 0.11783157341696470777 -0.094787262079887552035 0.51434189267542140822 0.84414661800693491234
1671632059.3994522095 101.58242267181255158 294.2174822843912807 56.912319833813391767 0.11713606424852746057 -0.093987862735512794909 0.51270596919422817273 0.8453271634482015795
1671632059.4992854595 102.0611936792598442 294.92450299604155362 57.144456122662610653 0.11592487455358925497 -0.091964190691715796966 0.51112792634722270524 0.84667127859526469802
1671632059.6997694969 103.03013699394369951 296.3743440270515066 57.6077383828109717 0.11781551598665765401 -0.090729226735883183874 0.50776667639437067514 0.84856391270906694757
1671632059.957272768 104.27056283046357521 298.1778302707660373 58.189980036334937097 0.11719769246654419825 -0.091086398177906049978 0.50394267595559205652 0.85088762377778781598
1671632060.0991070271 104.96473229926198201 299.19596209834145384 58.525864798909360331 0.11700574682235170831 -0.090893084000441756731 0.50221752421760967877 0.85195402508595918789
1671632060.1997525692 105.4462222292184066 299.82244216269509707 58.743484122513706325 0.11558462191853771661 -0.091956061038764760895 0.50157702986873975437 0.85241114558775954446
1671632060.2995729446 105.91472721926854206 300.51657570152070775 58.976380958728192638 0.11478897675776321419 -0.092978448343805239484 0.50059433037153078239 0.85298523747973664655
1671632060.3994288445 106.40719428733233087 301.12670570713135021 59.18382444018458699 0.11350380283846193963 -0.093583288210906209748 0.49905472728660354997 0.85399264287330711731
1671632060.5994665623 107.39399865946467116 302.53651703966022524 59.647910038647744102 0.11392195723554217335 -0.093855848801733449127 0.49636744304919544479 0.85547193337136029356
1671632060.6997339725 107.90029799336738847 303.25398685457923875 59.879768988113454498 0.11362132991801784931 -0.094083225705279563411 0.49511374582649159137 0.85621312692705842107
1671632060.7995812893 108.39288588213976539 303.96244346344832366 60.112212235636036439 0.11354027550450616901 -0.095167863096835406123 0.49392120251578014445 0.85679258247099021606
1671632060.8997721672 108.88698139825073952 304.65719461068692908 60.34523932603450902 0.11432083575761577132 -0.096633625985764623478 0.49275667253463484307 0.85719516477469603899
1671632060.9996209145 109.37381695637945711 305.34632421748074194 60.576687895244667459 0.11433689974004841716 -0.097022109677658160964 0.49205657576513739393 0.85755122869588273904
1671632061.099490881 109.86683320612404202 306.02501727237660134 60.796366337203757269 0.1133958815634349554 -0.096372017301346146745 0.49115812249093154795 0.85826424080052632348
1671632061.1993567944 110.36210828511406135 306.70547874380861231 61.021794226696812302 0.11176974393447461353 -0.095205548267798825735 0.4904293655347453651 0.85902413548225564632
1671632061.2992289066 110.87580108738966089 307.37255730745317805 61.238025920702639837 0.11363442940829392158 -0.093222873760835600621 0.48973817126715318837 0.859391200714044734
1671632061.399474144 111.38119986404001338 308.02877683967608391 61.454539052016244227 0.1160648568590372659 -0.092512846559650654954 0.48919791662494349627 0.85945082500020708594
1671632061.4993114471 111.8774053463105389 308.68380366002497794 61.677954208100445044 0.11704447841143056364 -0.093049249938414332894 0.48812341332059938637 0.85987089759308776848
1671632061.5991458893 112.37435239186257263 309.34845022867108355 61.900853040920154058 0.11691298192667384792 -0.093437255273202332595 0.488095578313399725 0.85986251250704703875
1671632061.6997880936 112.88149736254136712 310.02127920956417029 62.12551188700340532 0.11723668924084187926 -0.093149134402079489248 0.4879466440008340955 0.85993422426620125254
1671632061.7996387482 113.38190320516530107 310.69331942487860942 62.356782831836476078 0.1173803773414384688 -0.092609727421537391123 0.487666236157237587 0.86013192448270592294
1671632061.8994932175 113.87522113010808766 311.37618783645189069 62.584373496637866197 0.11581849801068132277 -0.092379940373271268728 0.48765160811780350336 0.8603766217391661808
1671632061.9993417263 114.36144973609819431 312.04102743154481914 62.8081952043039351 0.11461260388115543374 -0.092985872919604736775 0.48720352805073979807 0.86072661206905443088
1671632062.1998026371 115.34991726569590753 313.36955769469477673 63.258170097793815501 0.11546968816380925871 -0.094302428345394373466 0.48643424382454569788 0.86090390262697547019
1671632062.2996361256 115.84224852010937923 314.01538887231816943 63.475512426698280422 0.11543910493824084684 -0.094490572938793745972 0.48591308055362258944 0.86118164333875890648
1671632062.3997912407 116.34738784412380141 314.67884918398226546 63.693714042457003188 0.11385690045949670157 -0.093938163170866784135 0.48567806240503264004 0.8615851945201549178
1671632062.4996423721 116.84541509594768627 315.33437941212508804 63.913138601558763696 0.11374159573590537919 -0.092504886216503962038 0.48518071186856404076 0.86203559802147100566
1671632062.5994803905 117.34908454686899404 316.00270626592873668 64.136421893704465447 0.1144126812693931905 -0.09169648134479205237 0.48523243379615954574 0.86200404805661323682
1671632062.7996520996 118.32583117004428175 317.31964928552361016 64.568787153909639187 0.11807797394888082387 -0.09201173757246994267 0.48476917424711657434 0.86173678110940066244
1671632063.0994682312 119.81453002472092351 319.29943513840299829 65.215490680387617317 0.12001233894001263336 -0.091625499997924922391 0.48565403119078687233 0.86101217659241968683
1671632063.199814558 120.3153940201160168 319.96310348302790771 65.438622407752589538 0.1198522539259049835 -0.090929142966676382298 0.48612039136485707402 0.86084510412007575475
1671632063.3998098373 121.29026710821015911 321.29426154484787048 65.883381785750458448 0.11967258791346833957 -0.090425958052673491294 0.48730692776266587574 0.86025204211722838821
1671632063.4996566772 121.77472024302301179 321.94072810520827943 66.104380232391818595 0.12094072803085564871 -0.089230580807454648595 0.48785122603732750113 0.85989093785549775006
1671632063.5995066166 122.27000764065191163 322.58557160634694583 66.327536729146387984 0.12222293382952627294 -0.090097037685534897555 0.48817341802342129053 0.85943632235420708287
1671632063.899443388 123.69659060990363741 324.55053981531989393 66.989954461098832894 0.12232585585942126749 -0.093884650749527495672 0.49010837602513324107 0.85791365363415539314
1671632063.9997665882 124.19156497500685532 325.22357575634356408 67.224762213449750448 0.12067477482659466625 -0.092889292213153520916 0.49095609166577997007 0.85777111992008214791
1671632064.199763298 125.10843203414927416 326.57300491417117883 67.679349413168921501 0.12018147973099607695 -0.094734224650100881671 0.49329123480368491927 0.85629760964016976565
1671632064.2996153831 125.57835377690376788 327.24593761267061609 67.911041015280446231 0.12009484798985652076 -0.096436299190966814909 0.49415653505978068827 0.85562058562329801337
1671632064.3994789124 126.02902809605390644 327.90533027874516847 68.140887153231489037 0.12001565348992379589 -0.097680128973033408801 0.49517260594428558207 0.8549028749767678681
1671632064.4993305206 126.51775499815516923 328.57403309552717019 68.37320400780225782 0.11897514189027694198 -0.099149123551203685589 0.49599378169390279103 0.85440302868856798924
1671632064.5991821289 126.96077735377254214 329.22797193356154821 68.602353233098284591 0.11917415803608691349 -0.10073196272773521365 0.49702781237443083295 0.85358886208039030929
1671632064.699819088 127.44198275373322815 329.90449378686679438 68.841503620971053579 0.1185870909025925346 -0.10166642413816970314 0.49796488550367068449 0.85301348927173137326
1671632064.8995125294 128.34818242957257439 331.23712777127229856 69.307730179872038434 0.11870396469016697427 -0.10116111652794812503 0.50101540390468313202 0.8512692654618052579
1671632064.9993498325 128.82182889562025707 331.93314441594458231 69.555165062252768848 0.11958644751868899303 -0.10046250713226376194 0.50232699904005229108 0.85045514418220469199
1671632065.0991988182 129.28620493746109332 332.61064937246766249 69.798171937202525328 0.1211851312216607468 -0.10007064826460118634 0.50368475044270699659 0.84947142476846126957
1671632065.199801445 129.75901182456763649 333.30968658254204229 70.045289211453635403 0.12128259032326452194 -0.0997492539813352036 0.50511777932338264296 0.84864400582697852027
1671632065.2996373177 130.20620564702446131 333.97037542395412402 70.287050279676776654 0.12365072632191509427 -0.099490631154047534657 0.50722707304620295865 0.84707308336507403101
1671632065.3994762897 130.68428926079909047 334.65412135745856403 70.533469191866089432 0.12546296159024558636 -0.10072454285327896162 0.50887212634314893389 0.84567296915947620661
1671632065.4997775555 131.119720895878487 335.31659353901454779 70.778224759726938942 0.12784233551168430743 -0.10255031648449822179 0.51068584089214819066 0.8440022166748892829
1671632065.5996203423 131.56750126571029114 336.0222942204779315 71.030874383920348691 0.12684292254723508742 -0.1034536156186125766 0.5130248622263757774 0.84262311453740734724
1671632065.6997849941 131.97504207303467183 336.69621415943555576 71.280241786502614332 0.12653106132630487224 -0.1026636670730958073 0.51614211334536308495 0.84086109483916893215
1671632065.7996356487 132.41031823747655949 337.40882467963098179 71.53596933644432454 0.1249293543855050509 -0.10253298199132550306 0.51884646377663712347 0.83945100574319786446
1671632065.8994755745 132.80312204007725541 338.03915091220687827 71.772167114402975585 0.12685802006403906761 -0.10313321115408571882 0.52110571635754232567 0.83768694384117703411
1671632065.9997844696 133.23803110811860506 338.74900876125462901 72.032450958661783602 0.12694562664896674731 -0.10453084995171486871 0.52345247064189370789 0.83603565729098583414
1671632066.0996448994 133.63060902871950475 339.35438487405372143 72.273151437132312935 0.12994849255875592919 -0.10409628792685959864 0.52546437643018983898 0.83436475310525137772
1671632066.1998181343 134.06725820826261497 340.05639425748154281 72.531170006220889945 0.12968155538631870316 -0.10458176931478310734 0.52724961843560225194 0.8332185713119255599
1671632066.2996499538 134.44403586526360073 340.65568194974366634 72.773946146117026501 0.13135317412263272652 -0.10356526820127975874 0.52952870632843740406 0.83163689675509089305
1671632066.3994977474 134.86147895213326819 341.37600718388233645 73.033808090764750887 0.12987163800319445617 -0.1028420744435002282 0.531631838034287596 0.83061691179195829005
1671632066.4994294643 135.23600403785135882 341.94892309911915618 73.272806443572690682 0.1292913536784059958 -0.10080556636440593521 0.53411315062507058737 0.82936429027497782229
1671632066.5992631912 135.65768042160146933 342.68242912088936691 73.535035855003158645 0.12687908836438871463 -0.099193049519810380654 0.53654642238325045422 0.82836005003290458237
1671632066.6997914314 136.01579021824122151 343.24812159051697336 73.762336804622336217 0.12952850277872610119 -0.097607792869848927775 0.53844736481988542121 0.82690357421981186548
1671632066.799636364 136.43224699443533154 343.97654748680002967 74.012884973980405334 0.12775509100087795167 -0.098629693808190130322 0.53991717561330032638 0.82609942724857066132
1671632066.8994803429 136.75709990767350632 344.57042232119465552 74.250514301426107977 0.12979636350334167183 -0.097310885434571905983 0.54177902889348028559 0.82471751493980338665
1671632066.9998166561 137.14151650199607957 345.29909952141463236 74.501898466509430818 0.12794351446892862634 -0.095974522171381762559 0.54364334284905868611 0.82393644413584166131
1671632067.0996508598 137.48538299748426539 345.99138469848429622 74.750954498724496489 0.1255248677335012164 -0.095494909116458345788 0.54523072541808714764 0.82331505875539101602
1671632067.1998372078 137.86326829722821685 346.74040403042880598 75.000637375162909848 0.12346743939190536754 -0.095376143251403797119 0.54702459256530122644 0.82244955944863895603
1671632067.2996819019 138.21762109119600836 347.44737938172920622 75.24474358994579859 0.12253185338283432981 -0.09633303233775535046 0.54832999980165708642 0.82160824186755554432
1671632067.3995363712 138.62137056574084681 348.21575198804930551 75.491604638533786442 0.12272004550929102584 -0.094692133324442109843 0.54976787263822279872 0.82080964695324287739
1671632067.4994277954 138.96339664650022883 348.90677394758745322 75.723802686636958015 0.1236516784531535712 -0.092949761118136228766 0.55074567292263909568 0.82021326987606613113
1671632067.5992634296 139.36464773126039063 349.67632960904154515 75.966270231650327105 0.12259405703457029735 -0.089880248657833367032 0.5521498953094832185 0.81976992576621032782
1671632067.6994979382 139.6968657756778498 350.34220968987921196 76.19410755159344717 0.12000965446802923375 -0.08729553362336539557 0.55345781388115344868 0.81954964516969353028
1671632067.7993326187 140.09506261023472007 351.11936883706636081 76.43503811639128287 0.11976009372751608706 -0.084727526033060995836 0.55500889906093686665 0.81880638019366958069
1671632067.8991663456 140.4323969714670568 351.88734081589541347 76.65650756104500374 0.12050344084814955392 -0.085111755108664408076 0.55568971431889013779 0.81819548476282211169
1671632067.9998209476 140.82303905769339281 352.68244279937016472 76.891322986003885376 0.11979380725634743154 -0.086824384880763813555 0.55624796987840763318 0.81774028024749811916
1671632068.0996539593 141.2017374736877855 353.47563868796510178 77.132736192043708456 0.11985841378265520152 -0.086857955329006364398 0.55693371289173265737 0.81726035979129618703
1671632068.1995060444 141.61728781864766802 354.27542971451129006 77.372769155588912326 0.1220435531219174613 -0.084890430804581792912 0.55780879839545727261 0.8165465879738926791
1671632068.3992183208 142.41475434116404131 355.87142686464011376 77.829449685900868872 0.12709286402647940184 -0.08197192224495766788 0.5586704150864629792 0.8154847485907584792
1671632068.4997954369 142.83031835354358918 356.69477892823465481 78.049873351444148284 0.12947018247454247786 -0.082161985569697226772 0.55884904523123535292 0.81496909427375852086
1671632068.5996410847 143.20995878779086752 357.49928652735485457 78.276857301848451698 0.13256072298576868085 -0.081864634385063389521 0.55920769735428965674 0.8142558489677577116
1671632068.6994721889 143.62677611539353961 358.30800213487231076 78.513486341581611327 0.13349881632223159489 -0.083076732774843398133 0.55918812603030965125 0.8139932200078393576
1671632068.7997860909 143.99363639786685098 359.11078296543445276 78.708445534189024784 0.13341270916989864115 -0.083679438540536610347 0.55936189184942308739 0.81382619430940117411
1671632068.8996200562 144.4052159849937027 359.91737151029263941 78.942842864993622243 0.13286054053043122591 -0.083287105263828861701 0.55982430541120142831 0.81363879082649392949
1671632068.999774456 144.76458380468744735 360.71741907387473702 79.164742989217430136 0.13321319049884411401 -0.082387149044072460757 0.56047436343374623657 0.81322511734638736058
1671632069.0995972157 145.17441034921944265 361.5308303324048893 79.410277879461844464 0.13321588264721748174 -0.081684608428777963351 0.56060114802936655831 0.81320815673757007591
1671632069.1994445324 145.56093764466874063 362.34058759138883943 79.618801404866132998 0.13354366688447527611 -0.080715974471080351171 0.56063585810680582888 0.81322718541934990721
1671632069.3996441364 146.39863602777219853 363.98844986207660668 80.08892113254216838 0.13548499956378143305 -0.07942150187531614447 0.56078643884431622624 0.81292964636638831433
1671632069.4997508526 146.7521657976257643 364.81371567280984891 80.298898842496072348 0.13794593277290631561 -0.078191213041028245767 0.56140575749486953949 0.81220725759266487742
1671632069.5996096134 147.16527647490002551 365.64937061680677743 80.539367654377485906 0.13851426189775317699 -0.07800347915501243401 0.56162515282776293013 0.81197687417920105801
1671632069.6994495392 147.52345081264218152 366.47802778629829845 80.744762730309730614 0.13997892290371427571 -0.07704260996689753227 0.56183062673284245303 0.81167523324121793049
1671632069.7998199463 147.94073809717244217 367.32591321815351648 80.978864225086553574 0.14150734466074854634 -0.077081867397763001448 0.56174256233055430698 0.81146740587151178214
1671632069.8996598721 148.27905795750297102 368.12819317631243621 81.157007822590884416 0.14169697949865131537 -0.075730705735048517435 0.56201389564950410271 0.81137365455546950344
1671632069.9997813702 148.69206645693239466 368.97805335249478276 81.390590300624268139 0.14142881805867255074 -0.075059416772131182238 0.56234649877572817633 0.81125235820368191142
1671632070.0996131897 149.11598852462617515 369.83013356614043232 81.632459011774002988 0.14139309002155606154 -0.07340421734179665425 0.56290572864784338414 0.81102216716069785996
1671632070.1994876862 149.55674206383216074 370.70235695283378163 81.88752973113474809 0.14157438759769697123 -0.072684844070380172365 0.56334326998129657937 0.81075148250594131216
1671632070.2995502949 149.99432175675951839 371.56363902059922566 82.150037800099582341 0.14131037400943835536 -0.073050337437045906319 0.56359371308355632468 0.81059061983860669631
1671632070.3993825912 150.43106577874465302 372.43129504367152549 82.416291596144461096 0.14059250397565009605 -0.074260115428246689651 0.56376230910329339086 0.81048827376894416741
1671632070.4998102188 150.87289471120021744 373.30698490437112014 82.684047792474245853 0.14039209714230690973 -0.075715218122721222871 0.56391988730699049714 0.81027873321733245859
1671632070.5996377468 151.3136193461479877 374.18169754980431208 82.962495749038069448 0.14072871878038559212 -0.075904806246284955984 0.56399895573107150515 0.81014755818517802943
1671632070.6994800568 151.75407274186966333 375.05418430849528022 83.229026942729007033 0.14111276608012993106 -0.074611879195815564159 0.56425534327438420235 0.81002232211118108118
1671632070.7993066311 152.19956868985306642 375.94671899023632022 83.50013714815206356 0.14023078451079690199 -0.072654984580484568979 0.56454609617027862178 0.81015077954044700803
1671632070.8997759819 152.64004344648145661 376.85428199511784442 83.773632052770508949 0.13961438117489610722 -0.070811364420400327302 0.56505939876772870445 0.81006262171657128501
1671632070.999765873 153.08372124116644386 377.75082058871140589 84.045244127843588444 0.14022415121548317818 -0.070450749479465307745 0.56554289724343909107 0.80965122780810716563
1671632071.0996160507 153.52883592135663093 378.65569129264548565 84.313167083403655511 0.14032556457772421554 -0.071198883634703641343 0.56575960368155653324 0.80941678123028981684
1671632071.1994748116 153.97119379451731902 379.5706891888245309 84.587896068703841479 0.13973097259929401215 -0.072007249612945689599 0.56567917845600956817 0.80950434116252167893
1671632071.2993190289 154.41790929304823976 380.49165986141053963 84.860331317744879698 0.13913193179021901558 -0.071240243547309720085 0.56593834250759667004 0.80949424070551334598
1671632071.3997340202 154.87183331036760592 381.41467683989981197 85.13720969295742691 0.13847441406904653638 -0.069614407710155923326 0.56627409941925288539 0.80951362880084509754
1671632071.4997839928 155.33221443993517141 382.35268714451399319 85.408623097309970262 0.13926515359092025981 -0.068453488005341359135 0.56637962304285904835 0.80940315021442110766
1671632071.5996274948 155.79166120999394707 383.28057814680892079 85.683901263243271273 0.14090889274567947043 -0.068804090246671723019 0.56606479054125669048 0.80930917084881603962
1671632071.6994771957 156.24911062355502622 384.2102994222535699 85.954427766094951835 0.14179803533545037864 -0.069530462245708593572 0.56608586841826036284 0.80907701831905276535
1671632071.7994942665 156.70355186329123853 385.11887395622954955 86.230427730145336795 0.14264879886170306333 -0.069658791173067877156 0.56620020809247340043 0.80883638478474761957
1671632071.8993449211 157.159185662747376 386.06511253880012191 86.508595867056371276 0.1430922557668813655 -0.069358701430144290012 0.56630536906896833393 0.8087102112865456327
1671632071.9997839928 157.61548924511714631 386.96837918471271678 86.795396721715462718 0.14415255783070873852 -0.069299591224394399558 0.56626945966246866604 0.80855210455515602597
1671632072.3994827271 159.46087881266626596 390.81929389449499013 87.920353435236208384 0.14162273422514271015 -0.069274851895101158261 0.56770425768692533985 0.80799497018833188466
1671632072.4994580746 159.91866908448076856 391.76137937606506512 88.206825223386402968 0.1434678274768698969 -0.069439044933323854081 0.56766351269372217203 0.80768393439144214874
1671632072.5993106365 160.39242052525864324 392.74602683510664747 88.499135954286288097 0.14292444810673568534 -0.071419676124843914367 0.56758621166318690143 0.80766188737951472021
1671632072.7997701168 161.32195068693502549 394.65416047063422411 89.10012803329246367 0.14607830085795514563 -0.071411250089469205382 0.56800920231562501694 0.80680053883464863951
1671632072.8996076584 161.77948209159001181 395.58300171794604694 89.416974723296391403 0.1481048534658634952 -0.07073413588865146151 0.56805473117322247134 0.80645858963226302318
1671632072.9994542599 162.23590069228339416 396.51568685553519344 89.71538625279886503 0.14946889463655169128 -0.069913026391990762409 0.56806692326587038266 0.806269923144903089
1671632073.0993053913 162.71254048441500117 397.48636043608405544 90.01110611567480646 0.14952437392332654231 -0.069085017566783243903 0.56833922357230692857 0.80613910021773649284
1671632073.1998128891 163.16122394291213027 398.31092182294355553 90.294899994987332548 0.14896527424169353493 -0.068541844770004231591 0.5684569995552649635 0.80620593041867871786
1671632073.299798727 163.6410143963980488 399.25952944136719225 90.581639557841953092 0.14897405007226063867 -0.067059186126855171994 0.56859726304656110774 0.80623008528399087158
1671632073.3996393681 164.08173430097988899 400.0606504461556483 90.851952354214276397 0.15341898984599369737 -0.064222611545881685968 0.56860691616517078373 0.80562040975263049525
1671632073.4994773865 164.5405324240710172 400.96519747732321548 91.12784178843874372 0.15476588309966929358 -0.063976222511268041049 0.56829382456004318147 0.8056033101648026884
1671632073.6994848251 165.43719740865108747 402.77699096106141496 91.674321359389736585 0.15737933351395391735 -0.06430025775489499329 0.5680047955221625422 0.80527496825567856931
1671632073.7997777462 165.87691170727015333 403.71891807075240877 91.931423201352870933 0.15698097992554851943 -0.066364401140413961655 0.56745916829997877784 0.80556987934951040931
1671632073.8996198177 166.30973559838170672 404.67451149066124572 92.209669463761784414 0.15371534152900664938 -0.06725063209575418699 0.56769395544838163747 0.80596061889444281512
1671632073.999778986 166.73901715394649159 405.69697027981567317 92.490253627799660308 0.15021905568950003063 -0.067700106538382667787 0.56781912514473220632 0.80649387598562549684
1671632074.0996158123 167.17662948340546336 406.62756324317786039 92.760496010976197567 0.14900154889667743818 -0.069025922505050310574 0.56724169698691029318 0.80701351763655615468
1671632074.1994533539 167.62789808787641732 407.55912727649672433 93.037233815521403812 0.14883713070168708148 -0.070232464518408366239 0.56620496751519455714 0.80766753321727446924
1671632074.299778223 168.08788268900275398 408.49878744828816934 93.309250351425973236 0.15005413924986454877 -0.06945458227781770022 0.56569558359113814028 0.80786652548553949948
1671632074.3996293545 168.58940463851359937 409.50353972593813978 93.602995067234729731 0.15045225534641440412 -0.067989297984373656125 0.56536061061856679455 0.80815156634245954859
1671632074.4997587204 169.05902160304614767 410.45032548382812365 93.876247916827992412 0.1506088815115118329 -0.066483729976046873622 0.564920477033039381 0.80855533705930537902
1671632074.5995941162 169.52920366604107016 411.39309994885690003 94.150901315603661601 0.14948224006913796158 -0.065987935000151001774 0.56444600567898506327 0.80913618075783022565
1671632074.6994411945 169.99569093458219982 412.32871310980306134 94.418403649284655899 0.14993379495638761711 -0.065102916011690908915 0.56404939602317771818 0.80940085637626979498
1671632074.7997722626 170.46389458552320662 413.26535741477584907 94.688681000222516104 0.14923718144358191773 -0.066046744343038352176 0.56346755184003405326 0.80985826492038670565
1671632074.9997704029 171.39840531211186203 415.12880878878127078 95.212233396799149432 0.15542319948474658808 -0.062387345844768793413 0.56296985481868988543 0.80933082896044028498
1671632075.0996127129 171.8346742507855538 416.04573877355767308 95.46323993821678755 0.16196761862342912153 -0.058502018888694169718 0.5632953057076750536 0.80811039027542463931
1671632075.1994941235 172.31046239037959822 416.99040396575480827 95.747980460207074316 0.16575648609485155172 -0.056125478022666000499 0.56352566336216136644 0.80734970413473916562
1671632075.2993395329 172.77122901798517773 417.99915738680942923 96.039440312552315504 0.16838000755431503652 -0.05341311827611101154 0.56419432375704581251 0.8065233889307618087
1671632075.3994803429 173.23003955876851023 418.94270697227210576 96.306347780752602716 0.1688916118107556541 -0.05305433789350762902 0.56439495780660142721 0.80629969136365864379
1671632075.4998111725 173.69643687290405865 419.86730086227373704 96.574456686831851471 0.17066267707473295467 -0.053860315235300784686 0.56401820833933713484 0.80613694727268481177
1671632075.6998183727 174.63201395397004489 421.68658761823951409 97.044262144881017207 0.17685255937820609784 -0.056198799425047123168 0.56268605981707353614 0.80557387325564266956
1671632075.799659729 175.0721129124138713 422.55717220224443054 97.253491961444552771 0.17458106498077802238 -0.056107259344042058335 0.5629227415254949296 0.80591030162946697413
1671632075.8995072842 175.51242727705576385 423.44711891190837605 97.492902535256263263 0.17300035497490834357 -0.054878968884742966583 0.56326536135371141345 0.8060963395598417236
1671632075.9998009205 175.96295833827934985 424.34782509579821408 97.745885723639815978 0.17282577832544049334 -0.054811664324504433266 0.56316197076159968393 0.80621059685921714344
1671632076.0996296406 176.38348487970941392 425.21989564533481598 97.987183908266544563 0.17251851367199139142 -0.056795806317518765516 0.56310917718299891011 0.80617594444230078476
1671632076.1994996071 176.82524971285187121 426.16636926113437767 98.255977739199053644 0.16906988601778605297 -0.059989008687195630176 0.56302342986020137428 0.80673496881386974611
1671632076.299341917 177.26586505253789028 427.05939150434767271 98.518376048681830071 0.16809444444451840384 -0.059600399402251924563 0.56346877600156886068 0.80665667331850365862
1671632076.3991847038 177.73858352220608481 427.99911299440111634 98.800819849217319302 0.1671955790410606657 -0.057064168181001663493 0.56426088275210339873 0.80647317082141756206
1671632076.499822855 178.20719977242234222 428.91791881438069822 98.994467031351561559 0.1614659125963124886 -0.056003451011010972616 0.56515815980628858473 0.80708650524504899071
1671632076.6995167732 179.16150750430489325 430.83226475763797225 99.533824239883500695 0.16096725137645145898 -0.056904564822888664688 0.5649542735771212465 0.80726580706330897108
1671632076.7993543148 179.64490667113025779 431.78748769757135051 99.712246856992152289 0.15514944874251387907 -0.061652848397392413793 0.56415270493517466477 0.80861566912452775835
1671632076.8991985321 180.13344499944818722 432.77324910830463978 99.991756214360890453 0.15633039801390050116 -0.062435189715394391607 0.56394473729068472778 0.80847324447019208726
1671632076.9994411469 180.61517552070125703 433.73248060502373846 100.16085382130574999 0.15040996077409096721 -0.065436758344772735785 0.56361491845505895526 0.80958822746638436918
1671632077.0992612839 181.09960208877612331 434.72639280129124018 100.4351909093167734 0.14758407835906481309 -0.065828705889905400617 0.56367259887508314176 0.81003624769091375768
1671632077.1995303631 181.57488629398588387 435.69644831168670862 100.69677751419511935 0.14414702724947747736 -0.065981848699632902888 0.56368462716581124727 0.81063411677171448577
1671632077.3992137909 182.54234410455291027 437.69808219113247105 101.2709881691412761 0.14224142020746780024 -0.067036147919130636974 0.56384424981634506668 0.81077320823925225213
1671632077.4998075962 183.01434905867174052 438.67293057080547669 101.55439314902248782 0.14133442944001198271 -0.067293561597037199196 0.56397484763744243352 0.81081966358418788854
1671632077.5996623039 183.49862883892308218 439.63519319553870446 101.82615318813475369 0.14265884321315402961 -0.065831738114630722336 0.56401808956497623271 0.81067763713659046765
1671632077.6995096207 183.97733275631156857 440.59615350854568305 102.09239851501133955 0.14331254873097265534 -0.066430000884733136912 0.56381320971420934018 0.81065605093063231035
1671632077.799762249 184.44941641924097553 441.49705592048059088 102.34636967698538967 0.1453832112772372176 -0.067359951036016357806 0.56340029611918296393 0.81049766514651988558
1671632077.9998223782 185.41943303326564774 443.39012313070469418 102.87480746103503293 0.1493103775203049044 -0.067433743937504633803 0.56258073987975731889 0.81034684701037751342
1671632078.0996668339 185.85604781157090315 444.25092475419444327 103.13312797974080581 0.15600729810402663711 -0.063543988047485649995 0.56255213357097400007 0.80941891597370485556
1671632078.1994998455 186.27349531925071346 445.07057865054895274 103.38906533184722036 0.16358170857405279763 -0.058811396456961317902 0.562724289814598988 0.80816063868480469967
1671632078.2997946739 186.72553412541884654 445.9194904456758195 103.66806647341884684 0.16681073322538125803 -0.05616209150551021434 0.56302943999141785714 0.80747622160747756226
1671632078.3996355534 187.14770979547844831 446.78070368316275562 103.92296176752758186 0.16889832757129163987 -0.053239621623403322881 0.5635324157367346265 0.80688915846412101462
1671632078.4994723797 187.60301262071430983 447.73889355717568606 104.21387722176309865 0.1721932439430005346 -0.049694236778100621399 0.56382279735517026875 0.80621574206537238716
1671632078.5993139744 188.0316825400771279 448.63369508620064607 104.47781042542311525 0.17569349518976631885 -0.047254374276842252278 0.56404020408182387047 0.80545482060699225002
1671632078.6991758347 188.52975643755405599 449.51800536581822598 104.77094385660221576 0.17910963784360278694 -0.046733797108637259443 0.56355935589956940301 0.80506927789936510997
1671632078.7998223305 189.0044002878024969 450.41458908343753365 105.04049180665816721 0.1813984874276838577 -0.046694924985290382768 0.5631271323753039848 0.80486148219574615847
1671632078.8996500969 189.48744671392523742 451.17160347169908619 105.34191345011275587 0.18958057388658056119 -0.042483368019567271934 0.56262566536619951219 0.80355879070407187914
1671632078.9994790554 189.95388032906294029 452.02553831227641012 105.6123168463554407 0.19145723817325727145 -0.040744429893231563777 0.56245296747316420038 0.80332476419215159691
1671632079.099326849 190.40359719599581467 452.91349461988744451 105.88934412104104865 0.19240182485815926494 -0.040583600697077337749 0.56196894175686451511 0.80344596436000581541
1671632079.1991868019 190.86441350174544596 453.83524918244762603 106.17121951275558445 0.19356353393222766601 -0.041513866115169890947 0.56130438648855973671 0.80358393647492731837
1671632079.2997806072 191.31958022832748156 454.72302347151230606 106.44369163940007184 0.19504031910745009415 -0.041514619502025028319 0.56065948645775032233 0.80367701879237396501
1671632079.3996229172 191.77031227174754235 455.63469694987782077 106.73057120062246383 0.19203306969015512817 -0.042051845172173807352 0.56058051557055887937 0.80442801295432164732
1671632079.4994552135 192.23924170214499441 456.54774518457537624 106.99852841585293106 0.18966747364552699606 -0.041061524620646168426 0.56076088926526113099 0.80491454559299979721
1671632079.5997576714 192.73340161805541015 457.52541849351734982 107.27854065003838002 0.18775560735240923171 -0.042005516683335318573 0.56039645076784205813 0.80556761754845862544
1671632079.6996040344 193.20660498076000522 458.42612992189793886 107.54826357453900698 0.18727323517340949133 -0.043304240789994022376 0.560006042375352453 0.80588256627152676792
1671632079.8996124268 194.12107790823546338 460.34401869420247522 108.04701411088781526 0.19001259813672846666 -0.041319856661795301145 0.56022374159396659543 0.8051939153702264429
1671632079.9994721413 194.58307197432853286 461.35177310963683794 108.25753055543430037 0.19167468683661131879 -0.0383061546393847277 0.56017071966098741509 0.80498584942675988074
1671632080.0997269154 195.08125099232177035 462.3826970727154162 108.48521262340295834 0.19337958859352133434 -0.034562888228583867056 0.56023987313965706303 0.80469933889444711372
1671632080.1995954514 195.58961193763644815 463.33844978077348742 108.73606935195164169 0.19299812787975248463 -0.033023800296310343305 0.56008649080800110287 0.80496228114320922398
1671632080.3996505737 196.54576299227733216 465.28114526954976782 109.27881097742351812 0.19591199027517605669 -0.032584241559686408229 0.5591504478877503681 0.80492703762224770969
1671632080.499474287 197.02755954292450724 466.23011743541104579 109.57323626887441037 0.20026122059237291828 -0.032093853419862913845 0.55816433352471150897 0.80456075275918836898
1671632080.5997376442 197.55557579842397331 467.23230430593525853 109.92637511578557508 0.20181267059036595013 -0.031927148910894258271 0.55715189086855032574 0.80488140347084979886
1671632080.6995761395 198.084230411459572 468.19723323592950237 110.20331218427067199 0.20105889896925435711 -0.031013269775352948071 0.5564602104527175408 0.80558396857560998772
1671632080.7998011112 198.55229114295920567 469.16392225062696753 110.48149226638791731 0.19858938565125341946 -0.031533930728026696166 0.55563710951163591822 0.80674362076997663262
1671632080.8996498585 199.08798987584719953 470.11700355295226927 110.75348257174786681 0.20123052717046288618 -0.031525274247666296157 0.55444224093291138988 0.80691154006346865746
1671632080.9994924068 199.57863900606153607 471.09142631391557643 111.03884449982592741 0.20474756723949083526 -0.033648490446357252892 0.55241963030132912316 0.80732816429128373414
1671632081.0993330479 200.14010511278976878 472.08552782237148904 111.33435227847914462 0.20740616119929111694 -0.034484000945588788589 0.55086691035581059062 0.80767517298131807912
1671632081.1991910934 200.71114580127252225 473.06661457660413816 111.62580466787457567 0.20783732915415517595 -0.032079545364391226503 0.55010388767258422416 0.80818330850543440569
1671632081.2998175621 201.32270886660583642 474.11516344643951015 111.92378412226199202 0.20819937281852279876 -0.027481000185942294767 0.5495881300794760449 0.80861035305176465204
1671632081.3996622562 201.89643738355584901 475.09740271913415199 112.197629608988521 0.20843857620161940214 -0.02495729684400672943 0.54892600887874420934 0.80908017529892217734
1671632081.4995093346 202.46931733291708611 476.08273087867894446 112.47375619792738632 0.21002783838020255835 -0.024974743587109680953 0.54803033909384224476 0.80927579768629309687
1671632081.599768877 203.03174100535764524 477.07726039303128118 112.75454754289305015 0.21084789423849109591 -0.026294959335922886423 0.54681845235567860808 0.80984030572209542154
1671632081.6996014118 203.59539895022388123 478.08379621174680096 113.03492232932498496 0.20913270453786145242 -0.028177885806888784692 0.54601830313393684424 0.81076108150728931623
1671632081.7994439602 204.16545107467379694 479.09308960824171209 113.32058652207211935 0.2070686223752346844 -0.029435540221861608567 0.54523722480435821147 0.81177121363541338006
1671632081.8992955685 204.73793910980222677 480.10941540628209623 113.61401713326274887 0.20716838067580903293 -0.028363480945986431492 0.54439841704093006047 0.81234668616306848765
1671632081.9991271496 205.31254972627451139 481.12304125098188479 113.90398751760561424 0.20846841549456102127 -0.027235200162582965527 0.54366521188299887779 0.81254372251682849271
1671632082.0997669697 205.89686944016315806 482.14465639096948735 114.20127206168933753 0.21056925735205403449 -0.026620120511776975553 0.54301883294723762852 0.81245461664437790272
1671632082.1996254921 206.46830187625576514 483.16655175499130337 114.5011298355544227 0.21182011756228349975 -0.02585733264547983995 0.54263942776488427455 0.81240758710105620555
1671632082.2994635105 207.03819175426457377 484.18962587147433396 114.7951987414397621 0.21327669579312674708 -0.023985143115863652441 0.54268525945838241853 0.81205324524187805224
1671632082.4991385937 208.21008015068602504 486.19258368665396119 115.39117555874800303 0.21791725372127096483 -0.019840613150984443697 0.54236268272447274441 0.81114803888580366831
1671632082.5997717381 208.7910750599074845 487.20566161099907276 115.69261085669710099 0.22120074630946484628 -0.017389259737805598527 0.54239528461749741961 0.81029327943813722612
1671632082.6996176243 209.362216824230984 488.2178438425739273 115.97341363419063498 0.22311631800444695073 -0.014913133535995125312 0.54276461696516320465 0.80956981024426544202
1671632082.7994494438 209.9200656295857641 489.2427169444295032 116.26686100131027501 0.22409973819034384457 -0.014441116632552585333 0.54312292825015051623 0.80906628053726636907
1671632082.8992917538 210.48959678627522862 490.26418240679618066 116.54589295571089735 0.22466533508953517861 -0.016271615710356648193 0.54284752204908803819 0.80905950926767200571
1671632082.9991402626 211.0621404983896241 491.2867001467846535 116.83953509674294935 0.22481787604898118005 -0.018658169640321745769 0.54258099588065911156 0.80914439887059119716
1671632083.0997774601 211.63738270562041066 492.31282568333517702 117.13575708517748808 0.22472080901372074035 -0.019420563833145436383 0.54290004068454134067 0.80893939545638682276
1671632083.1996479034 212.21084913352217427 493.32782963859011716 117.43278033158308915 0.2248896763409428956 -0.018376904590040862852 0.54346923989643136643 0.80853454356591969443
1671632083.299495697 212.77710496270961471 494.35389518148565458 117.70948125411527485 0.22758707418227888675 -0.015070732318595141466 0.54422057252695765772 0.80734191339912597662
1671632083.4991691113 213.91981874789169638 496.41433453561819533 118.26603945474499824 0.23216237264278277719 -0.01361059213348156556 0.54485870266976843546 0.80563290563113565401
1671632083.5998077393 214.48678976613672376 497.48275048129920606 118.54974110351805905 0.23275649104460727212 -0.014007260016794611385 0.54543189911906264644 0.80506661585659877733
1671632083.6996481419 215.05600120989473112 498.55082440916902442 118.83279230082990807 0.23289533392771447073 -0.01326250972338751527 0.54651574345379627662 0.80430368109792949038
1671632083.8993327618 216.20763711445141553 500.65567819204926536 119.40093696871380757 0.2307920754897037352 -0.011626549480324856189 0.54887822987676526676 0.80332591767332228727
1671632084.0998125076 217.34047727214669976 502.73050037958665825 119.94178819483566656 0.23366662089797779478 -0.010458771462438794242 0.55110891874624190478 0.80098032688447795557
1671632084.1996636391 217.92717377765040965 503.78402690045498957 120.22306660671506506 0.23586406718955235662 -0.010950049910174199791 0.5517467374884555964 0.79988985234631670984
1671632084.2995350361 218.5045192721827334 504.83730210322897847 120.50683132501838202 0.23944224056466198447 -0.010374989414531490123 0.55239293060921179634 0.79838701344710583108
1671632084.3993723392 219.06053544618148976 505.88931095802661275 120.79850392447464458 0.23992616504513045173 -0.010665938960972107252 0.55341448061040676709 0.79752999048533079751
1671632084.4992051125 219.60214075401788136 506.93139127302339375 121.10899319526188833 0.24175574679120492849 -0.010391104735167406084 0.55454784007417179392 0.7961927385406629698
1671632084.5994496346 220.17775190239908056 507.9915324980199216 121.41479160037343377 0.24296690815832627797 -0.0098151308755564242725 0.55558910932245042513 0.79510470150047862781
1671632084.6992917061 220.74343967789826593 509.07397527355254851 121.73361425722740137 0.24385849357515229641 -0.0093275655202136320554 0.55627488237019284689 0.79435778266266865444
1671632084.7991299629 221.32238633801526362 510.14748926700463016 122.04280728705415981 0.2484831031622883879 -0.0061533272121097768934 0.55717814252214203918 0.79231988584323431724
1671632084.8997597694 221.9257926069182929 511.23569953062497007 122.35567808037377802 0.2519149892569495508 -0.0036420153699383353563 0.55778615981506796118 0.79082246669557576535
1671632084.9996109009 222.53931442461370693 512.32360605903193118 122.66390541672463144 0.25659885440181151584 -0.0020013169944593542197 0.55795554217264908825 0.78920126432285364615
1671632085.0994524956 223.17249366196955407 513.44348676099957629 122.96955408066122573 0.26293217358990017551 0.00034311434748820275782 0.55823752704380724676 0.78691639820494896362
1671632085.1993119717 223.81131990380569619 514.56350612156904845 123.2733000662692433 0.26831693765272246477 0.0027877191570102014158 0.5586649211614862498 0.78478771362337029771
1671632085.2991776466 224.43866282677518598 515.70991807455209255 123.57838252510502741 0.27553011716290753963 0.0072956125204856076688 0.55871876813665732886 0.78221689236809610613
1671632085.3998117447 225.06277124299481329 516.85131314064017261 123.88095982803785944 0.27938691181038460831 0.01010950496219878425 0.55869754808797578161 0.78083148065312990571
1671632085.4996445179 225.67734200825026392 517.97164558450026561 124.1841902850103736 0.28274061476475642607 0.011175456859649164632 0.55788125073706562596 0.78019315813615885968
1671632085.6993091106 226.96353832123878647 520.20006508390883937 124.79579592935391474 0.28982754179102343528 0.014715300177712038396 0.55655913897990794137 0.77847631998539024156
1671632085.7991456985 227.47762627350132902 521.35932617676587597 125.1432138140455379 0.28948110900463031037 0.015101211216401875387 0.55737615690683373071 0.7780131494139517212
1671632085.999620676 228.6794036939248258 523.60574191406976752 125.80216676428030098 0.29151243901548723469 0.016843044691651980205 0.55737440206163701983 0.7772197795161862599
1671632086.0994632244 229.21771450801676906 524.73106550726936348 126.12797834525460416 0.2916497861054503371 0.017733989211815525538 0.55801786254615104443 0.77668653456249969746
1671632086.1993191242 229.72349060525465347 525.86370355313897562 126.46656926515649388 0.28848870166167328577 0.016888524159231907418 0.55912795487436839359 0.77708749625977835418
1671632086.2991540432 230.25002915338313869 527.00279872118619551 126.80873056386435849 0.28566293319668512041 0.016440149760846262117 0.56030810935961750108 0.77729095753080690301
1671632086.499635458 231.40177940690412584 529.25130612108694095 127.44941840049600046 0.28354199060329698945 0.014884265631292723647 0.56121536018544704305 0.77744435022273850056
1671632086.5994639397 231.93095917946320128 530.40582678920554827 127.78750248539208201 0.28070388903418741489 0.010915775354353880397 0.56148570589402935216 0.77834438046804155231
1671632086.699296236 232.45150319554369389 531.54677981972668022 128.1275930960724736 0.27794984659279614592 0.0073109931047491451273 0.56158923859264686662 0.7792996594736807392
1671632086.7991373539 232.99515657357866871 532.71086279654434747 128.47216306638861738 0.27638034227257679554 0.0053486748418959985385 0.56162995751066091543 0.77984427221676910769
1671632086.899777174 233.5496930973595795 533.91191267598810555 128.84440547766922691 0.27541273138091781902 0.004572495077255337749 0.56151188260277795639 0.78027644163972720293
1671632086.9996190071 234.15403817641970363 535.10074310558354682 129.19198536920342235 0.27402730865211055722 0.0049186588680873704477 0.56139153792199525395 0.7808485013479868897
1671632087.0994639397 234.77020021307239972 536.36646371977565195 129.58486658461393404 0.26763172850266198077 0.0017696573880849567496 0.5614719171095139405 0.78301942026285265008
1671632087.1993136406 235.37049003366138322 537.56418549840759624 129.90246052543295718 0.26302988406047600467 -0.00074697276557393621228 0.56136757462109976302 0.78465353391598513522
1671632087.2991552353 235.94158217674325329 538.74022966359223119 130.23001008075300433 0.26045263327507428563 -0.0019009898105246097327 0.56131205874459277894 0.78555049790941311461
1671632087.3997864723 236.54595658088493337 539.93845008526261608 130.54911318780136753 0.25595689101149521338 -0.0032349651015687484398 0.56101113501765920155 0.78723701089996944713
1671632087.4996244907 237.11592706634397132 541.0885747995176871 130.8710952459902046 0.25428638697698968674 -0.003160693428996938243 0.56101340355092077505 0.78777687478844427016
1671632087.5994694233 237.70423030889969596 542.21448241653808964 131.19130166552747596 0.2522918542565298905 -0.0040413910852157008957 0.56130746511240858787 0.78820455279259871162
1671632087.6993143559 238.26951670171882824 543.35780573533054394 131.53076036746642785 0.25211782117409992088 -0.0042979915788489680278 0.56140142677883486666 0.78819196235783905991
1671632087.799156189 238.84062365013295448 544.48269261380778516 131.84160697613981483 0.25350394632089512381 -0.0034775663208338920829 0.56147058938894578439 0.78770199503584270584
1671632087.8997898102 239.43819910260339157 545.6286711865544703 132.17665611596837039 0.2541801839872243618 -0.0033798907325121195153 0.56144405856913348618 0.78750338380496887059
1671632087.9996292591 239.98188669625847069 546.81833429010328018 132.49238381757092498 0.25394551699875078654 -0.0025521902322473491442 0.56182794336573249616 0.7873084038511762861
1671632088.0994706154 240.55462142166288686 547.98377594683370262 132.80961433757963164 0.25658328832395566055 0.00040535888730497887178 0.56207751817835682751 0.78627839560520618178
1671632088.1993191242 241.07325531396938345 549.11893230429120649 133.10478497175643042 0.25778439370364497618 0.0031615095215376210966 0.56240401201570400236 0.78564555525314905271
1671632088.2991583347 241.6408729830940274 550.26809504841776288 133.44314609906896862 0.26290378903598982108 0.0069727452174761098483 0.56199114266486760449 0.78421867747515949798
1671632088.3997895718 242.20795277715649263 551.42564569222031423 133.75833359174399106 0.26627144679041747644 0.0083333809097502799246 0.56148274596509784029 0.78343295652547362273
1671632088.4996259212 242.75944965693480526 552.55675561680368446 134.08518611770526263 0.27179753961872799017 0.0093921136333842535765 0.56100793180293795359 0.78186187150473929197
1671632088.5994586945 243.30785998292205363 553.66558831895918047 134.36641789911553246 0.27916271848266749345 0.013507015450385084082 0.56085385533773957079 0.77931296030271668407
1671632088.6992874146 243.84376345634649397 554.77866381146850472 134.63698847710080031 0.28190576259069516363 0.017685737637055921889 0.56130937522850488097 0.77791268210704556108
1671632088.7991290092 244.31395136694032999 555.83556960746500408 134.87123519999673249 0.28816490601785987868 0.024360284104664415433 0.56159409663575965421 0.77522876244494642872
1671632088.8997681141 244.76315422537334143 556.83739783922680999 135.10461249269167183 0.29458552246714303502 0.028854765688596652889 0.5616391402915886788 0.77262426090716451732
1671632088.9996263981 245.30273815661823278 557.88286269134437134 135.37122635753343047 0.30307895904129650289 0.031373481783424271574 0.56057684451381195601 0.77000808477714488554
1671632089.0994606018 245.83590913394442623 558.86052673484573461 135.61924721111682857 0.31334987833640837174 0.034628409274713285726 0.55912165733253238464 0.76680877624045429286
1671632089.1993076801 246.36479948194258327 559.86866767244032417 135.88329701973708552 0.32139263889413866027 0.037834671753812595951 0.55793923986988236408 0.76418526149838872374
1671632089.2995216846 246.91870089620471163 560.87410832217153711 136.16914554687937766 0.32928816333775939862 0.042662928175536643516 0.55706377205464363556 0.76120242636856172425
1671632089.4996116161 248.03093390241622274 562.8805830588611343 136.71906956629217689 0.34505830763634337544 0.053946958090440873257 0.55602354312408064363 0.75422961327149917743
1671632089.5994389057 248.57909169218584111 563.89372300180968978 137.00170923996589067 0.35052823073449462798 0.056496770246733246656 0.55518611277393270509 0.75213459872073606949
1671632089.699275732 249.13319128816803527 564.93423487911059055 137.33735040343012201 0.35393930444594923213 0.059093700800682429086 0.55503259826511652797 0.7504490110307768802
1671632089.8551523685 250.01844461028628075 566.42442783662261263 137.76996046727444423 0.36237748176382567067 0.067031741036019373836 0.55482535988711256802 0.74589417911009625595
1671632089.9995863438 250.80785088311242248 567.82889512571398427 138.16445833135185239 0.37170990965743938572 0.075096067821891723804 0.55408999620267129771 0.7410645044584661667
1671632090.0998294353 251.21743401774293147 568.8294650222197788 138.37577951513171115 0.37846303426610045095 0.079937016355505111087 0.55357564796253155848 0.73751597073767782842
1671632090.299533844 252.39462355465786914 570.66091322764464167 138.8602996203303519 0.38350097104110447699 0.077471831569983190535 0.55108653742074775739 0.73704053402600089306
1671632090.3997635841 252.84207010073811261 571.7398112546984521 139.16397621697461773 0.36687041098868933275 0.064883837140377015329 0.55312276624570844152 0.74515192724680423542
1671632090.4996035099 253.29648701467522187 573.0014254248267207 139.49674786246200142 0.34756547719291908116 0.053974125445750677221 0.55615891748316059751 0.7529756246718639634
1671632090.5994405746 253.77251479641697074 574.07289108516806664 139.75960105616667306 0.34063318932998121191 0.05176093632329849259 0.55805803089929506555 0.75489142924437968585
1671632090.7991392612 254.85239513551061918 576.10480537604712481 140.29626745465270687 0.32744590964640379882 0.04594092093345261002 0.55980607070525023605 0.7597932424292633824
1671632090.8997786045 255.32573360014890795 577.04622790341852578 140.61427386287846275 0.3213957997550284662 0.040462232656138012732 0.55973757004177504548 0.76273284989702361258
1671632090.9996185303 255.79594217601936634 578.10718571778033947 140.92208013591763915 0.31136455780758615086 0.033285580708862123889 0.56049690293329335056 0.76667294465133317694
1671632091.0994596481 256.27881250510313293 579.13180767871995158 141.24994043316064563 0.30225185506820589909 0.027175603656806972958 0.56133498776758916637 0.76994047444050972562
1671632091.2991623878 257.2658174507126887 581.17481610149127391 141.95088493377116379 0.29504770460194251758 0.02395822818623126807 0.5623446177395261536 0.77210192734553362293
1671632091.3998076916 257.74316321198438118 582.1550728222817952 142.25784691036068352 0.30054488251470307114 0.027207123293397320052 0.56211285986673165116 0.77004005013295628856
1671632091.4996397495 258.21256992394563667 583.14507620530071108 142.58079496116195628 0.30214926430494898346 0.027784940067262304392 0.56205949996216764131 0.76943026824249305395
1671632091.5994815826 258.69287471251931265 584.16163347739166056 142.90717582255666684 0.29848084966663240847 0.025446674310200291524 0.56217744572554073645 0.77085547845646318343
1671632091.6993203163 259.18580662043444818 585.20603306275631894 143.20705892475760379 0.29873480116851336419 0.024908587652409733271 0.56204995346365382858 0.77086764794189921446
1671632091.8997890949 260.24051993411438843 587.12435020316718237 143.73535790234936371 0.29574817379746715096 0.021108598379985143295 0.56183431551830742556 0.77228857733101974326
1671632091.9996304512 260.75529955533738757 588.08859982184594628 144.05662306219392121 0.29841872600681806915 0.021773993210186741443 0.56141954629358647999 0.7715440688824287685
1671632092.0994710922 261.29360096510265521 589.06745506509639654 144.38040392509134335 0.29584908156907119281 0.021036290477423943285 0.5616376763507653358 0.77239492225221106914
1671632092.2991850376 262.32817770639553601 590.98125371977550913 144.95053281889622099 0.29009121938522464124 0.020912163335868372283 0.56297138151380499149 0.77361036023094065239
1671632092.3998115063 262.78712947020380852 591.97471203015493302 145.27228379395023694 0.28742717288038888146 0.019143665307739435311 0.5634337131348190475 0.77431362591115693306
1671632092.4996464252 263.24728484907177517 592.93865696408806798 145.56713406921505793 0.28331622041074944196 0.015471666973816956131 0.56363009795886864772 0.77576649801863362121
1671632092.5994884968 263.79363284271391876 593.87963159110177003 145.83189728562274468 0.28712013837564009933 0.016282310229819692282 0.5628150718541515829 0.77494264781759147898
1671632092.6993303299 264.33984584521681427 594.85132751896583159 146.10178178250549763 0.28544572962876502142 0.014681258563493414238 0.56258256997312006131 0.77576159227312457833
1671632092.8998169899 265.52420277896038669 596.74864189969548534 146.59113707576344154 0.29774807624752513968 0.022480625998672620902 0.56163519125336081039 0.77162595633597419464
1671632092.9996643066 265.98075904819927473 597.7319592507502648 146.85482470198061833 0.29865828891950230162 0.024479643061791764996 0.56214767467245640997 0.77083977932874769845
1671632093.0994980335 266.51470931032247336 598.7178666491953436 147.10537766560324258 0.30164926450176021699 0.027016592075058534772 0.56190210898492520819 0.7697686957109193262
1671632093.1993687153 267.060288169447972 599.65288522522303083 147.33370532094892269 0.30455578398423549524 0.028337917078161481421 0.56141894579687889877 0.76892880307460231837
1671632093.2992780209 267.63890506078172393 600.56778031849273702 147.5696510331506488 0.31327280771443827279 0.032691387667272454876 0.56010816040004840488 0.76620510946637143679
1671632093.3994603157 268.05862338011968404 601.51904116481603069 147.77521690146679134 0.32135913230092416626 0.038348009984124055427 0.55938230561043966738 0.76311806058237408035
1671632093.4997477531 268.67562831727593675 602.42753335479187626 147.97907092141895191 0.32266729750988315528 0.040682454682564407611 0.55930762517225052211 0.76249966126080825912
1671632093.6998071671 269.93588745494128034 604.17155068856618527 148.34425354532140773 0.32484361342215400947 0.044450348985832596749 0.55943506645560903134 0.76127077949549859515
1671632093.799643755 270.59088860694879486 605.04043427355520635 148.5155900336572472 0.32656491434394091522 0.04571367637380531479 0.55919229582149210245 0.76063762252850364298
1671632093.9997415543 271.95963465256363634 606.77341713891064501 148.8356934373272793 0.33094695249789318758 0.049088448736182004051 0.55793064955549631634 0.75945890548443406587
1671632094.0995841026 272.66990899767159817 607.62884825482751694 148.98242878522350452 0.33342405548955367234 0.0507801318474270999 0.55748463628713207374 0.75859123230779634817
1671632094.1998291016 273.3987103283583906 608.47995319248013857 149.11960165694830494 0.33476663869249090322 0.052608959038242947281 0.55757687763600594089 0.75780711303941061807
1671632094.2996718884 274.14141062816696603 609.3146824112344575 149.24725417823586326 0.33603224425413164012 0.054217534233749899164 0.55739591237080654551 0.75726652288045848138
1671632094.3995172977 274.9016348347537928 610.15084781294547156 149.36925854598084129 0.33696854603254011717 0.054580710149430437805 0.55711970867825821863 0.75702759214347825623
1671632094.4993526936 275.62834224916048242 610.91486693489628124 149.47209193048959719 0.33594143750239635615 0.053015067065891346987 0.55687108697685616665 0.75777789999579503455
1671632094.5991847515 276.41965133849691938 611.71652894540750367 149.569730731440103 0.33753860629841436758 0.05347425979423271053 0.55648635970015125629 0.75731837708143401322
1671632094.6997525692 277.23761631622392088 612.5122773081335481 149.6575067286336207 0.3392514365141158228 0.054544338576430803633 0.55615835892216680669 0.75671742265747432565
1671632094.7995951176 278.08150313314104096 613.33347194499231136 149.74694951530418052 0.34114996507701750295 0.054610001412475628335 0.55574056121434345368 0.75616590619707624299
1671632094.8994805813 278.93769648613488243 614.10925406704848228 149.81259396690015251 0.34275347666241517963 0.056146563754080183739 0.55564929010297292589 0.75539491924588619831
1671632094.9993190765 279.81107568961448351 614.87712460177397134 149.86702566453823238 0.34419720744297049864 0.05783333851244853302 0.55565213024830450994 0.75460870488981623971
1671632095.0991549492 280.69891779708120794 615.67489406654567574 149.92544990006152261 0.34372204138548229091 0.05932164834826424149 0.55529183309306517913 0.75497488726658001923
1671632095.2997219563 282.57581677768530426 617.22622725428652757 149.98756468080665627 0.34698489855927611147 0.06207932540053080761 0.5540293715908894967 0.75418770405266322143
1671632095.3995566368 283.53068861030232028 617.96876283994652113 149.99659573059503259 0.34870176213376469221 0.063822035470185695116 0.55349324406333599846 0.75364385332164296472
1671632095.4993965626 284.57326854644702507 618.77630615373038836 149.99989702130963565 0.35215967606921377842 0.06512653854138981957 0.55259615738870515589 0.75258194461977434564
1671632095.5992383957 285.59137055664029958 619.49742809423025847 149.98007124830311909 0.35637469819155237483 0.0664806207320906839 0.55133894632329372154 0.75140053754510705009
1671632095.6998269558 286.63794974446267361 620.21300948103680639 149.94954171874428539 0.3596585375857523359 0.067691920037567271384 0.55028815216302084945 0.7504974949274071383
1671632095.7996795177 287.6987105742497306 620.91684062964588975 149.91101383991752982 0.36205264127931630069 0.068935161877010209253 0.54960469712688042598 0.74973362289264511293
1671632095.8995194435 288.75725446444710087 621.61994485166144386 149.87284965309450513 0.36285174946481035807 0.069340833171701934945 0.5491369869309261631 0.74965260377711251394
1671632095.9997859001 289.86074001355297014 622.31472335258297335 149.81500922138880583 0.36461827927216883261 0.070901020761483093957 0.54883652538832239376 0.74886916352274468522
1671632096.0996246338 290.9603748814989217 623.03136698146590788 149.76108690223790632 0.36524457118016762092 0.073356747835781985212 0.54873303423587604932 0.74840313194738994351
1671632096.1998562813 292.14184547805831471 623.74959012605916087 149.67957298221912765 0.3668974288884585544 0.07681752806950634116 0.54798318399479306606 0.74779661280006992641
1671632096.2996912003 293.31281000547858184 624.41302538272179845 149.57608147517447605 0.36926529920929956896 0.079018446610492204529 0.54733936124704118953 0.7468727117285866024
1671632096.3995308876 294.50108803874303476 625.0849091275003957 149.46535691487235908 0.37093941249921513759 0.081521155750929386041 0.54687684147800019741 0.74611257439800315883
1671632096.4997625351 295.7432265820154953 625.75750714045102541 149.33495884036122447 0.37245633166770258926 0.084337055668425517374 0.54588362820355440519 0.74577114887956263978
1671632096.699451685 298.26193595446625295 627.00205867886245414 149.02430393366452677 0.37611888945616611668 0.08798569933259028919 0.54393159307072913577 0.74493725894652007558
1671632096.7992954254 299.55212034500658547 627.60974418262878771 148.85198737941152558 0.37835777706881418281 0.088909455440309079211 0.54244700772109166742 0.74477630539598105308
1671632096.8991322517 300.8862941568282281 628.22040889153822718 148.66440533592216866 0.38018198801963859479 0.090102043816956370326 0.54113252809576062319 0.74466023441710171848
1671632096.9997677803 302.22146987111199223 628.81361399237891874 148.47171182974062731 0.38032658340497560445 0.091679990513852865908 0.54022500056837141624 0.7450526277087954341
1671632097.0996172428 303.63563945980013159 629.3930600370930506 148.24327392027745987 0.38066315817263007837 0.094439254855781987197 0.5397863133388286494 0.7448540280379771783
1671632097.1994867325 305.07001730501724523 629.963177359187398 148.00064946359188411 0.38043091813832419223 0.097286164350482651209 0.53969287229121865046 0.74467397050552053273
1671632097.2993311882 306.58932045836638736 630.49611824929877457 147.71198996860104558 0.38167557807270324766 0.10080895258995391239 0.53900917063478614999 0.74406345304159660081
1671632097.3991639614 308.05082067527280287 631.03027142477628786 147.43971132046161188 0.38319061433759060709 0.1025336808041497072 0.53788876888788428321 0.74385984546056049815
1671632097.4997982979 308.51085137897263166 631.92265555406083877 147.7586220163375117 0.37683444940358934439 0.095546299285449720617 0.53777002434280352094 0.74811102341423196815
1671632097.5996329784 309.49979159429227593 632.41649658623043706 147.6905931162246759 0.35649035355627811672 0.083974962479008569138 0.53565138938594403228 0.76088134590544176383
1671632097.6994810104 310.29653500797979859 633.10568696430084401 147.84065380954828584 0.34469146626559538094 0.077007184554812424526 0.53130009684164980488 0.77005057866783566123
1671632097.7993206978 310.98140875940339356 633.87936716607953258 148.05491517562205672 0.34283173582024495385 0.075212780440866669474 0.52602933908731275281 0.77466287699372649023
1671632097.8994908333 311.55797670993013071 634.72427757128389203 148.3107119015750186 0.34217715296838585592 0.073590011989880382837 0.5203400686467896108 0.7789387133031928645
1671632097.9997937679 312.15206968678012345 635.59872981979401629 148.48882068600650541 0.34071509525943599606 0.071578808084905506948 0.51628301670108422972 0.78245865370735445676
1671632098.0996274948 312.61051354839082705 636.50590041580221623 148.61315379484253185 0.33846045716943257142 0.071663911736300905941 0.51563985140177459598 0.78385224776973505545
1671632098.1998269558 312.93887607002028517 637.51626473480848745 148.71353932327852476 0.33278521608473482507 0.071895138179863982142 0.51745902005701049919 0.78506130437257803933
1671632098.2996957302 313.15824349798452886 638.52264319967730444 148.92204658836308795 0.32548338394184483935 0.070007790219534030141 0.5214367742558180252 0.78566097430127634915
1671632098.399525404 313.34891186747262282 639.54315740939853185 149.10973661906916732 0.32920625612315679298 0.074468800666113679765 0.52498745305894167767 0.7813231167624637985
1671632098.499423027 313.56138046907273065 640.56059743267655904 149.33009748245649462 0.33269001423642291515 0.077509062707253981173 0.52911665627798176725 0.77675302617680208606
1671632098.5992465019 313.82432874429207459 641.63493660986375744 149.65285517705726193 0.33555586877500703791 0.077784430066061893694 0.53290103449228665156 0.77289606597976645563
1671632098.7993586063 314.5095957973388181 643.60195524978666981 150.20904689837732349 0.34292238779710748631 0.079651501901765398017 0.53747089105016843114 0.76627991978523191108
1671632098.8991827965 314.86200728951399697 644.57113972307638505 150.55980242689884108 0.34160678872526489824 0.078186408965156745099 0.540496261668243827 0.76488919359120166597
1671632098.9998276234 315.24258520286127805 645.56408036568927855 150.87051177974211669 0.3445541256361135396 0.079148975763710160969 0.54246150981757679244 0.76207178435441658149
1671632099.0996780396 315.66214119066336252 646.51330482325795401 151.13354726752965007 0.34795732045859834036 0.079230283863176695358 0.54380493557881515176 0.75955543398645597453
1671632099.1995303631 316.12026483944129041 647.46420538472693806 151.35955443672997944 0.35567697068173198538 0.08273847662248572099 0.54406513384690613488 0.75540807987802527368
1671632099.2993938923 316.61399102973058461 648.3687585733856622 151.59001660729882133 0.37135553916198832392 0.093511673618288146392 0.54289982244994239302 0.74740244394478461132
1671632099.3992404938 317.07771410021416614 649.27884697864612917 151.81011892041357214 0.38597650339909489459 0.10514431508931854076 0.54239154697339642119 0.73876804316376121218
1671632099.4994757175 317.53494429845841296 650.14393190573946413 151.96826989822048404 0.40559958330306578045 0.11880256837896993605 0.54052222224538559736 0.72746866257581810356
1671632099.7998034954 319.02480256382460766 652.83899270247252389 152.32629260267862037 0.43329729789531290507 0.14695353127074792243 0.54174768558957331344 0.7051010966109885203
1671632099.8996465206 319.54035418568281557 653.72050217316098042 152.36592234981657157 0.44145005523121277902 0.15413380065765913685 0.54160549470011964956 0.69859008606036132605
1671632099.9994857311 320.05720991812108878 654.59817955082905883 152.41829356332658563 0.44784087388649235217 0.15672754535437274925 0.54058989396628032154 0.69472123527736051596
1671632100.0993144512 320.57493368719940463 655.44389614486715345 152.48304424384144795 0.44873599316128409686 0.15432839253779775945 0.53983828749037054973 0.69526497039453938331
1671632100.1991775036 321.103316437974172 656.27192981504083491 152.60853623863712869 0.45157789651936502962 0.15234932813312068722 0.53896960251991754554 0.69453499058870626914
1671632100.2998101711 321.59763070085068648 657.09297675193852228 152.73455923820134217 0.45527367000194418623 0.1520476166642997784 0.53778332225470515393 0.69310641749615842233
1671632100.4551839828 322.35407336411401502 658.36836504334451092 152.95360392443345177 0.4606164628326704924 0.15343526385113578914 0.5369582682019644615 0.68990282807363456641
1671632100.5993368626 322.98987569966720912 659.57824585456955901 153.18854222297738943 0.46341347268864141462 0.15356905030242282151 0.53792969386833100476 0.68723805524329728556
1671632100.6991860867 323.31202671637674939 660.37542708083594789 153.47792067238080449 0.46383684754700255093 0.15219583656942875516 0.53989579082003802402 0.68571447501376003864
1671632100.7997722626 323.63461479914542451 661.19483526193459966 153.72441665207554706 0.46828808463744414636 0.15240130695180140186 0.54036961052220844337 0.68226153009681933526
1671632100.8996067047 323.91868630326024459 661.99844741292588424 154.01804148037416553 0.47323087498182170307 0.15275123972042167764 0.54113221846136450033 0.67815597016534190367
1671632100.9994475842 324.16605364209857498 662.85641768832556409 154.3492711737738432 0.47857630857161342908 0.1529804158165982142 0.54242549437576814686 0.67330252658203493255
1671632101.0997552872 324.34299059122741937 663.67984299035310869 154.76601911544963741 0.48522358024990580594 0.15451797718078524868 0.54430835361391982641 0.66664134891523640913
1671632101.1996359825 324.54516115647243168 664.5182649110370221 155.18927930924164116 0.49424852064726054746 0.15885695887130596438 0.54525216210220428525 0.65816635144849666705
1671632101.2997906208 324.76699499831943285 665.3871812707625395 155.56445060704831462 0.507769278278848879 0.16570112020018187837 0.54401031614238526402 0.64712153010948658682
1671632101.499494791 325.36418521377362367 667.01098467513020296 156.30610096414494592 0.5311666503319815158 0.17338267525662373614 0.54208371988771908434 0.62765092059890392751
1671632101.599783659 325.57545118279210783 667.78172202550695147 156.71616104419277349 0.54792954689659345568 0.18093443167244158132 0.54031592382584880951 0.61244970857473923775
1671632101.79981637 326.24372864725205545 669.18638372742975662 157.44730388562319945 0.57516798947921887741 0.19022942806332499011 0.5346324589944593253 0.5892051275800908039
1671632101.8996624947 326.58429236816749608 669.83113195548526164 157.80530037916085462 0.59122830221159994313 0.19594986322949642377 0.52986117123421772046 0.57558655733315555736
1671632101.9995086193 326.97562461377134468 670.41486277858462017 158.14170872459339989 0.60591813357236523618 0.20036729284685356189 0.52431043026215118363 0.56375059741318422901
1671632102.0997703075 327.3946936236034162 670.9725758707335217 158.4816657019677848 0.61878834057311082884 0.20604644949013317667 0.51851853595130359409 0.5529777374345216101
1671632102.1996369362 327.8061284889869853 671.46652573528524499 158.93148675326776242 0.63357382375384652118 0.21347696260211868058 0.51183048613382142733 0.53948248327088488274
1671632102.2994837761 328.21896684430242885 672.03719250011852182 159.3166816112972981 0.64526422706257602346 0.21931348844877532334 0.50567912773989243114 0.5289842065940971727
1671632102.499468565 329.35186280198922759 673.01318854304747674 159.85885048162751332 0.67157013508164054016 0.22943920396103673065 0.48922067087048459744 0.50696581792581030257
1671632102.79981637 331.43501477001319699 674.24939112363301774 160.56788699030639123 0.70588253748748208682 0.24272981588547656862 0.46478493284124988705 0.47622163532770184213
1671632102.8996596336 332.1188557567868429 674.56670685837968904 160.9799164015205406 0.71763042714745772788 0.24605559172204852225 0.45636078200461593912 0.46497102325048739191
1671632102.9994971752 332.82273986487700768 674.80912304792298073 161.56940023791290173 0.73024222677970740403 0.2480698706887706495 0.44858255253767131965 0.45164291541333700941
1671632103.0998129845 333.55803935968435781 675.01597252845976982 162.25235140436265624 0.74209439718366543293 0.24926506628522371312 0.4416793605706347825 0.43827180475630722611
1671632103.2998480797 335.29939941244708734 675.35809093368914091 162.84878606805358459 0.7657165443837236074 0.2533664793116868208 0.42254718236905502993 0.4134458604100692547
1671632103.3996789455 336.11193780393904262 675.49884157887095171 163.35936958638237115 0.77625197976737458916 0.25344668476481885255 0.41488953668561578958 0.40132818769399825065
1671632103.4995090961 337.09856011940530607 675.61699650237312653 163.6399119522046135 0.78748797895147626402 0.25460335046360993427 0.40416960746661451109 0.3894698259684649666
1671632103.5998175144 337.93660952858601831 675.77871819559527466 164.18837348999247183 0.79589608955952828584 0.25352529161867626284 0.39768156783215302674 0.37963628875553667719
1671632103.6996612549 338.96301473282960615 675.89340691299764785 164.48344926943826749 0.80658657035283110037 0.25365492787453614021 0.38741696610500697684 0.36740356076855507084
1671632103.7995095253 339.91052194812482412 676.0043525352504048 164.82460111471277742 0.81391483481210680218 0.2525463181714315275 0.38010565661560213879 0.35955901971673176476
1671632103.8993518353 340.84734967396411776 676.11772376789156169 165.25232683480052742 0.8205926114998582932 0.25140746991448337244 0.37391954174865471572 0.35157677158981476273
1671632103.9991986752 341.55693867643259409 676.43375359908009159 165.83539254030023358 0.82172373594157444021 0.24868839577862861256 0.37423889925010156432 0.35052735967873677181
1671632104.0997676849 342.66846133660811802 676.47905007443785053 166.10817839109571992 0.82884998806727694376 0.24754933685589108894 0.36700392805431908405 0.34210398988580004165
1671632104.1996164322 343.68711844458994165 676.50261610214397479 166.43114686265795399 0.83657208775573899118 0.24597106318506412048 0.36006991001122368168 0.33165499840666146092
1671632104.29946208 344.89995890185497274 676.4481473318752478 166.59471585688419282 0.8458043341676978466 0.24495188631548422964 0.35048945358471406131 0.31901527333266027631
1671632104.3997688293 346.16419917459751332 676.33736127180168296 166.83689597155370166 0.85661706470215526199 0.24185681725945212817 0.33966305067788932215 0.30387743649435644544
1671632104.4996109009 347.46145821251286634 676.21740139354801613 166.90695784952765734 0.86743329579484806935 0.24027386160543887095 0.32666999546921987596 0.28829613739319853716
1671632104.5997960567 348.79951463850437676 676.04101194602310443 167.03885217344986813 0.87684234001708416528 0.23799587860678794726 0.31398636129628254565 0.27553228021316844565
1671632104.6996324062 350.12098384849889499 675.92263049952271103 167.24131741198772261 0.88668911051723875438 0.23740556698271989 0.30050705392847137931 0.25906857894193202618
1671632104.7994663715 351.57943537444464255 675.72117728923694813 167.20984367094851564 0.89666672039213957124 0.23618891379039469447 0.28503253800605582446 0.24281688948988727761
1671632104.999620676 354.73122886756937078 675.07637188072021672 166.61560406748424157 0.9179090057453435092 0.23284851956548036078 0.24959247246192872716 0.20230724603459107613
1671632105.0997667313 356.25783622366429881 674.68058026827827689 166.43512187224916943 0.92719962089265683947 0.2300834833211874153 0.234128262491756306 0.18040623720341050773
1671632105.1996076107 357.91717840997523581 674.25716131855529056 166.06564285525101354 0.93581277553459474294 0.22685068783010123306 0.21756163625720870147 0.15956236713691202
1671632105.2994725704 359.63631721502662231 673.80003032288311715 165.52275528660786108 0.94525135025764317476 0.2234774370843818081 0.19737457634089253244 0.13266874750502319347
1671632105.3994398117 361.33864868174327967 673.55206375108741668 164.72403904683207543 0.95358863678767669114 0.22148352818772393258 0.17587798998446421694 0.10334742943084206102
1671632105.4992828369 363.07722941111279624 673.06940639605136312 164.18993793969542594 0.96002942231339227774 0.21529139114281511946 0.15973495829175135552 0.080485205422724651059
1671632105.5997946262 364.92742176201403481 672.58778328993548712 163.31308593329794121 0.96582555463674779617 0.20901372554361999367 0.14106968846699688425 0.059946672474953728582
1671632105.6997532845 366.80490511166254919 672.21740190356467792 162.27023587647207137 0.97092312381545164968 0.20152224031141593996 0.12166417318561685568 0.043530486597020807971
1671632105.799571991 368.78393836670960582 671.74519389778765799 160.89563940741331294 0.97562717732918191604 0.19362830119668963946 0.10025115170780565799 0.024685996306325327931
1671632105.8994231224 370.7489628167136857 671.26065149706880675 159.45642087848409574 0.97944153712956039115 0.18465563019827194169 0.080748915474510657431 0.0087284724352429989003
1671632105.9992508888 372.67570760136965191 670.96646931126372237 157.78833815632023629 0.98229936032052533879 0.17686460608380155657 0.061629633013760301563 -0.0029438347945683371147
1671632106.0997650623 374.70433998028050837 670.40974737443264075 156.08703653545953216 0.98492839879705396111 0.16672748478938775873 0.041192962646405290039 -0.020521571267521809129
1671632106.2995064259 378.78877685424157562 669.22275238844554224 152.12882669503267152 0.98724171476409672277 0.14705020896500045624 -0.00070568147173329012073 -0.061069916379967552345
1671632106.4996402264 382.80408740415083457 668.53660430487741451 147.11640993929773913 0.9875566801346001844 0.1297698825881545559 -0.037289842767588461669 -0.080629081111922976111
1671632106.5994772911 384.07452811011029326 668.96526905086477655 144.71894415331954065 0.98756591373007696077 0.12821447840105501537 -0.050082655378469391472 -0.075936428656248153302
1671632106.6993319988 385.03007467691656984 669.8261790706882266 142.24710136973263275 0.98786441242996303469 0.12989101814904163712 -0.061833618327507930412 -0.058556209774343039032
1671632106.7995047569 386.57001466383462684 669.95821335108053063 139.53362238911969939 0.98774080524188134778 0.12368741162770365005 -0.078137463866590692319 -0.054443205319453610858
1671632106.8998064995 388.42287005520182674 669.61219564759232981 136.28323106662779196 0.98711353619473063414 0.11309551811124506082 -0.098625635041584391871 -0.055581062934492622696
1671632106.9996445179 390.09332410083277409 669.52810342483871864 133.0004291094386133 0.98610235942123647401 0.10643867432799500317 -0.11767426534867371501 -0.049251524096411258835
1671632107.1996629238 393.71259971028416658 668.54209170488684322 126.15483494710562695 0.98189089471664525721 0.08732772778044829709 -0.15536842424903815618 -0.06422454032237741306
1671632107.299590826 395.38821781074960882 668.15745016150628999 122.77857119841442568 0.97927107810935642984 0.079089216464568859455 -0.17225798408236811521 -0.071415952961773429553
1671632107.3998150826 396.95000619866743818 667.89581065447498531 119.50097351211944385 0.97626420465994812048 0.072405151953054358582 -0.18787112840064826291 -0.079813130397207776578
1671632107.499651432 398.64078374100131441 667.31026994271712738 115.70931789658392574 0.97249129358887542729 0.060981469831316727215 -0.20589329369462908148 -0.090276773550152900061
1671632107.5995063782 400.28202682258091727 666.82106630865564512 111.64485241099426105 0.96839721519463184407 0.050433403797177596417 -0.22223899206632027892 -0.10135647877693045038
1671632107.6993353367 401.83774455910457846 666.3900316723169226 107.67595608794802331 0.96394007771890033442 0.041391702960218615392 -0.23646295274579240409 -0.11485436636051243875
1671632107.7991716862 403.37043026055982864 665.91996228644325129 103.52072759206909325 0.95919347342016014757 0.031465512594889603892 -0.25062064183265608808 -0.1270712239364079621
1671632107.8998007774 404.93279743521293312 665.34899233111730155 98.944932546273335561 0.95373032604734564455 0.020781529541336957873 -0.26627084754808905132 -0.13808124041146441208
1671632107.9996449947 406.9893829176237432 665.4402852952075591 97.12350931549953259 0.94176596065528805912 0.011156135403325448743 -0.28333275202677149496 -0.18076218526788501162
1671632108.1993584633 409.89183109848676168 664.43234969132402057 87.536969618835627216 0.92249220361538697421 -0.0063998770572512983165 -0.32403875000122628336 -0.20968086307558461701
1671632108.3997769356 412.56654434445022162 663.47998214607639511 77.318330613550685371 0.89892556680413582271 -0.022743194564987433137 -0.3678701795999423374 -0.2368271593545566156
1671632108.4996156693 414.33911868695201974 663.71070602883230549 73.053207181499445255 0.87067769683226492461 -0.047572921299728530842 -0.39866460301591682969 -0.2841191646123765735
1671632108.5994646549 415.72698957039602874 663.37612442362171805 67.927310561157668189 0.85361577075271533044 -0.063908648755369015793 -0.41974914032376681172 -0.30177219841126745603
1671632108.6997344494 416.97905265016487419 663.102521124825671 62.585921471891502676 0.83531447948839376849 -0.079942367668245403745 -0.4410360721424472219 -0.31834905571996147122
1671632108.7995684147 418.14999503715773699 662.88427354588395701 57.125343333354386743 0.81673089645124419267 -0.09623876145625441525 -0.45996329132266461359 -0.33484700119746546587
1671632108.8997981548 419.25344626246140933 662.70441526341369354 51.515023438109523113 0.79754761940556750943 -0.11107345542942947958 -0.47839152716013755295 -0.35031704072292818575
1671632108.9996285439 420.28112960293793776 662.56268675578337479 45.80828278435348011 0.77743826791983605684 -0.12530965617843276005 -0.49670307446092493153 -0.3649291512928407033
1671632109.0994999409 422.12318508195761524 662.8467906214876848 40.766407888505298729 0.74633746779204501731 -0.1545706423246586414 -0.50091095594261092483 -0.41009330025953860677
1671632109.1993496418 423.40979747596378502 662.91293551645208026 34.997471905326520414 0.7141574509065261589 -0.17523559986725065207 -0.51496089897072916397 -0.44055293936724093662
1671632109.2991831303 424.465035733535899 663.00302142469683986 29.1233373937485851 0.68071787926230797883 -0.19316386434236607061 -0.53273175463003785701 -0.46422814216045843461
1671632109.3998165131 425.42220230787495439 663.11473579384460209 22.990397190619518142 0.64324866604740982279 -0.20804252238418141641 -0.54818113416538460925 -0.4923889790129423738
1671632109.4996464252 426.32555754141185389 663.23080250612770215 16.82144387824668641 -0.61687711380700949171 0.22584129035440594913 0.54630458680196791743 0.51962451488678007561
1671632109.5994853973 427.15572244973930083 663.44013088177894133 10.712304707021154115 -0.58986022240492541613 0.25429824014567214974 0.54293796253693038523 0.54093963796293642599
1671632109.7991831303 428.64238924334142666 664.14525217558309578 -1.8940365037649313784 -0.51926682222235720499 0.29118888675407339495 0.55068787526378437658 0.58507594687141006862
1671632109.8998148441 430.31653192745204706 665.97039317402595771 -7.4145316015118307718 -0.49853642656535440691 0.29987285478259267935 0.55108187686450449405 0.59820269753945520819
1671632109.9996547699 431.36482641598706778 667.03001502127312961 -13.46264921766160505 -0.46821311850963981405 0.31768558882728231696 0.55129179011374407349 0.61313106629832780925
1671632110.0994894505 432.20299733711470935 667.97026827224601675 -19.724789324720251926 -0.43493456873447527977 0.33840810255470921142 0.55026148972259125713 0.62731504841933416472
1671632110.1993522644 432.9804465277496206 668.98799149156025123 -26.06042903887779616 -0.40070289210483350795 0.35995606841819960398 0.5478233686373498168 0.64012372073104806258
1671632110.2991988659 433.76430426968835263 670.08941800710749703 -32.426025084486632011 -0.36326049659467879449 0.38653267926235196361 0.54550754511980492634 0.64888813958448887664
1671632110.3997890949 434.50237388042557996 671.28849497952478487 -38.932936790897230139 -0.32620672842072701014 0.40944944568116170558 0.54329206311122679729 0.65633379916379641639
1671632110.4996302128 435.24378662949573027 672.56438205128665686 -45.448449356314135628 -0.2883313027446876009 0.43930256922239974138 0.54070822082000491449 0.65689643968422839482
1671632110.5994634628 435.93846086677274343 673.93892413463254343 -51.970996120645857275 -0.25034659827057303971 0.46426869252799995991 0.53558602629804508144 0.65949129661198968577
1671632110.6997790337 436.59260981879629071 675.42459235005003393 -58.568187036219924835 -0.21245353938450564635 0.48567648059706858277 0.5301122685750843111 0.66178760377028766904
1671632110.799605608 437.16751199572058795 678.26014678356079912 -64.125984117302579079 -0.20724308712719230474 0.48756476682084176622 0.53247913085839060354 0.66014913178252543347
1671632110.8997831345 437.5783733917244831 680.90930842260468125 -70.235695997160561888 -0.18977260284909730492 0.49877239126622074927 0.53251264426069200297 0.65699523942030269019
1671632111.099452734 438.08709303918357136 685.33335344345061912 -82.756355752061722342 -0.15516599996188529254 0.53420109406781535188 0.51455029597470103297 0.65252639522468736111
1671632111.1998157501 438.29129011534695337 687.74697631586820989 -88.937785102480589217 -0.15552869210403902356 0.55316119921298723128 0.50457445463299421817 0.64438197782795958446
1671632111.299643755 438.58984691549585477 690.2374757979922606 -95.238320957804290856 -0.14908915571675343537 0.57242634751659593473 0.49301183022237587972 0.63799673633746611934
1671632111.3994796276 438.89716787181828295 692.86447672664962738 -101.55093323072983935 -0.14518492078826583658 0.59250605785734467013 0.47852940218530820582 0.63155959451363374857
1671632111.4993155003 439.19844705718634259 695.58954294477041458 -107.91213601288390578 -0.13702404706450632688 0.61088288947412627827 0.46625922521213819527 0.62501907233170339584
1671632111.5991687775 438.52894569866788288 698.52962603414721343 -114.07066120765880157 -0.132904882833917104 0.6144541314100880891 0.46532201861861482994 0.6231033874893270319
1671632111.7996582985 438.22740314940512008 704.81088053727069109 -127.03818765847253758 -0.11657766481598744179 0.61919142715497932361 0.45571471578573613526 0.62875728418854637258
1671632111.8995037079 437.93795147562906322 708.35208762637853397 -133.50270194184565753 -0.1021178286800152879 0.61322245180219003835 0.44869274816419291163 0.64203192398529085327
1671632111.9993464947 437.2980748044781194 711.81194280720922052 -139.83158398026742475 -0.085984168349165349121 0.61561173428232074389 0.43837095352949373428 0.64919937038544506258
1671632112.0994961262 436.78419749969879149 715.45682033139905798 -146.21612373804174467 -0.065727784130796634843 0.61901024217588207499 0.42207452573353615444 0.65905938518575235552
1671632112.1998414993 436.14453991417860834 719.01469794871070462 -152.66788284809410925 -0.053771218200752521343 0.61769968165967470419 0.41380276316612973897 0.66657560153880512921
1671632112.2996754646 435.61229385902180411 722.70112137353964954 -159.28805339368500427 -0.041434987591811474339 0.61583685303811042111 0.40605597061277420856 0.67390404433650730187
1671632112.3995072842 435.2397652260009977 726.33304188478757624 -165.76983282850568457 -0.028821431597637607591 0.61479987078203135464 0.39844637197434384923 0.68002274419870900601
1671632112.4993402958 434.79342287413152235 730.02297762641717327 -172.47217956151649787 -0.017559920627884022248 0.61306199269378125472 0.39179793870339413298 0.68581412753722426068
1671632112.5991809368 434.48621350568186017 733.67888381899581418 -179.02197923070497154 -0.0048115339974713613666 0.61190733832474486498 0.38396846608848200777 0.69145822396915346264
1671632112.6998035908 434.23597317136977836 737.54889326315105791 -185.78738733335899269 0.0027718326553470111484 0.60880572955506928601 0.38054318441648993243 0.69608532910758025292
1671632112.7996485233 434.0223230365493805 741.36464869207691208 -192.36479405091859007 0.0098790780837101788842 0.60631976366741180406 0.37898241108913405251 0.69903582174848266639
1671632112.8994846344 433.8961710093453803 745.18151358979548604 -198.97127426439161013 0.012873750001515400429 0.60300621286213906824 0.38196681990947117802 0.70022790739787332814
1671632112.9993331432 433.78141529039356783 749.06249373443574768 -205.621602753510615 0.019276119992656815666 0.60098466803865524533 0.38060590430201723944 0.70255605156523992516
1671632113.0991795063 433.82822447282717349 753.03346581039090779 -212.19712504605863046 0.020526936163692395543 0.59732540371225895104 0.38401802628198644651 0.7037834627655058517
1671632113.1998376846 433.88345564413930333 756.94757809713951247 -218.85325666594295058 0.026050412151371361846 0.59631484343150975569 0.38249749070581318122 0.70528409391801383244
1671632113.299687624 434.06384560987356735 760.90618677244856372 -225.38466421044842036 0.030007530112795291477 0.59418148151026051185 0.38397993305739064329 0.70612132539390382036
1671632113.3995144367 434.35688102630433605 764.93042840738473842 -231.96691073871966182 0.032917694623267192144 0.59089781012697051299 0.38571361191258074497 0.70780026345939683896
1671632113.499345541 434.64894812786894818 769.02109344391328705 -238.47620283463456303 0.038556039201030900543 0.58803844077100497767 0.38487006237657367391 0.71035150390703438728
1671632113.5995092392 435.03408561450407888 773.22571102323513514 -245.12185824587407978 0.0417831024497292286 0.58428408511252161173 0.38581091555963098472 0.71275256412652654436
1671632113.6998357773 435.43222909994574366 777.37542699698622073 -251.59112994362118343 0.045065047442213047868 0.58150771057296812838 0.38612711262579824112 0.71464940840840307512
1671632113.7996768951 435.93316876019076744 781.62792177069707122 -258.07135086913422128 0.047968939926091906656 0.57966157639678728142 0.38556201121578087543 0.71626348026323438667
1671632113.8995172977 436.47135652165076181 785.88155129711674363 -264.55476015581865568 0.049691855429206385764 0.57716225202459514598 0.38501729015642893739 0.71845399339310600517
1671632113.9993572235 437.05255146089388063 790.23979180872436245 -270.98305303722816006 0.051228872822525112207 0.574060430480205941 0.38549383124737568451 0.72057250212343937346
1671632114.0992164612 437.70562457834199677 794.65424588102791859 -277.44706634829395853 0.051933209944723238149 0.56858983778497806938 0.38800462795077128586 0.72350601017633098255
1671632114.1997506618 438.38919281093774316 799.1330894501744524 -283.92764549752303083 0.052680063724949419135 0.56359591159546507111 0.39010581943908995139 0.72622442051928270956
1671632114.2996544838 439.15742791604583317 803.59372817786118048 -290.30400820453047572 0.047956223671684394816 0.55689151446799545209 0.39645902730788307178 0.72828035905877708256
1671632114.3995034695 439.9548662115681168 808.155300300399972 -296.58816318070756779 0.046259527405401845712 0.54870121967575979927 0.40192084752416878946 0.73160553577458398156
1671632114.4998021126 440.85967951681112709 812.83382390446422505 -302.95453181611435411 0.043193855406372355654 0.54030722858760416027 0.40916308519284105838 0.73402177032196502804
1671632114.599640131 441.81692306982796481 817.5141415455079823 -309.30860283246897779 0.042686285272937933566 0.53569692337338015165 0.41298887966952241291 0.73528693216131968402
1671632114.6994686127 442.81286431575142615 822.29765173588077687 -315.52506030161998751 0.04298108072535547497 0.53300053493929078208 0.41774440712808375009 0.73454248806132105276
1671632114.7993085384 443.90042308681472605 827.13619304037922575 -321.83381870632746313 0.043778560109537283107 0.52858897324635401027 0.42150398193621985143 0.73553485862262979467
1671632114.899138689 444.97102458239368161 831.95172161813309231 -327.97824624542431593 0.046347712353348294312 0.52445662339318865897 0.42321794748411734055 0.73734910908331408042
1671632114.9997727871 446.15126428658186342 837.00183756901310517 -334.202091012459789 0.047789835635258723356 0.51729357486965932278 0.42678741172567413731 0.74025400654168915793
1671632115.0996181965 447.25882894347176943 842.00945072701165373 -340.32303070397500733 0.049829671851590796872 0.51163900565348430227 0.42909076544477114945 0.74271370440237372001
1671632115.1994824409 448.49394962819110333 847.05391423824039521 -346.25500938481479807 0.048183701655454908019 0.50721009518613091593 0.43336013132724365837 0.74338095671875292769
1671632115.2993392944 449.71798839461212083 852.1672175858097944 -352.28868559562795326 0.046189025607143698038 0.50323528942074380321 0.43730733884470363027 0.74389724343328933465
1671632115.3994860649 451.04925172796583865 857.29749167321983805 -358.14047982327269892 0.043521459856647543019 0.49639902873035601782 0.44276442595373188826 0.74542172621769442475
1671632115.4994263649 452.37800579300284198 862.44414183380331451 -364.05991697881495384 0.045016452704914326766 0.49073644252925385789 0.44574761613419788819 0.74730203108935722156
1671632115.5992703438 453.79039486168113626 867.64816581483410118 -369.82766510268839966 0.044255006979798026945 0.48558214805239774403 0.44903872191311822171 0.74874274492155878935
1671632115.6994178295 455.23087915461519515 873.01403091133374801 -375.70302044648019546 0.044738348406013567216 0.48086587959957333149 0.45211582056283733388 0.74990517454917127171
1671632115.8995661736 458.2489084474461265 883.89984110385216809 -387.24408419159465211 0.048984924339811143634 0.47230113774203030808 0.45580712609046092343 0.75284259728057445482
1671632116.0992460251 461.45583747640995398 894.92884832448999077 -398.62770289816364766 0.057630750124688351343 0.46922405535320738101 0.45434012854607325194 0.7550380984498024084
1671632116.1998107433 463.01604945331314411 900.59880556453140343 -404.28697113514431294 0.061487671803355625766 0.4672339176560832974 0.45390758642758138874 0.75622723793277846216
1671632116.2996754646 464.6438581259538978 906.1890255693627978 -409.80710493838620323 0.063014475074952058797 0.46413477106507111669 0.45594193724661108424 0.75678599358022546895
1671632116.3995172977 466.29825745453609898 911.86626381663302254 -415.46796910531355707 0.069379060646000939583 0.46239787206559601618 0.45568066978739124595 0.75744958976502263504
1671632116.4994146824 467.97344878441009541 917.62585902957459894 -420.96138745697265904 0.072288016372493255068 0.4597718672939364315 0.45760610036631921282 0.75761529131974836293
1671632116.5992577076 469.72108010648042864 923.43518727214825503 -426.47589756570033614 0.077943418682734549874 0.45821598973265975641 0.45764968414145112963 0.75797077571803339602
1671632116.6994864941 471.47646676288542267 929.36292640400870368 -431.8797331515641531 0.08300591830129661064 0.45508620114066622442 0.4583004498925549175 0.75892507185268109904
1671632116.7993266582 473.28572015220674984 935.26382701121019636 -437.25709104751803125 0.088314782385970430623 0.45207412243902067583 0.45831105238408409441 0.7601187185536886215
1671632116.8991696835 475.11074299035158219 941.17248518430005788 -442.54069976123599872 0.092437388715412627249 0.4475490699601230582 0.45911795239578057082 0.76181747481480754924
1671632116.9997973442 476.97837657700603131 947.1455506815575518 -447.80537399665468001 0.095553185680159483106 0.44310651901998848734 0.45982821178620514324 0.76359951358933031429
1671632117.0996472836 478.80822848453811957 953.15267801200923259 -453.07244444860282329 0.10049439785101040024 0.43954330652080619846 0.46050934153056410914 0.76461343439440410119
1671632117.1994998455 480.74602618506094132 959.16335704578000332 -458.09219260897538106 0.097788966957681744407 0.43254094625248140638 0.4654812811283580154 0.76594570608853229654
1671632117.2993357182 482.70967115494971722 965.25816521236549761 -463.26789643831983767 0.097371629085457891972 0.42751709866377113345 0.46916718466783813302 0.76657031577684398016
1671632117.3991777897 484.72292729906303066 971.43336964325851568 -468.28001710960899118 0.097109740072985589743 0.42333535903109303922 0.47248306298937181591 0.76688762368756113741
1671632117.4998202324 486.79955884033438451 977.762744174598879 -473.35881269634876389 0.098174602407368041779 0.41893496591606549373 0.47466669359059926458 0.76781949165857232842
1671632117.5996701717 488.86336273506032057 983.9896245400772159 -478.28209807517578156 0.099719562754465834731 0.41451132252931477407 0.47638877211740504602 0.76895390635559390802
1671632117.6995205879 490.96413664985573178 990.29508129902285418 -483.16341560036545388 0.099717068974594993969 0.4110152072445370508 0.47877022979763306232 0.76935172231455228875
1671632117.7993516922 493.06469641495033329 996.58277010895130843 -487.98197848431817647 0.099670355777508753969 0.40890810065434379794 0.48065829571073098725 0.76930331350053193784
1671632117.8991897106 495.24561713187785017 1002.8709884812044493 -492.7265089774979856 0.10337646933583390096 0.40639787879291100481 0.48112391818107030916 0.76985313213260031517
1671632117.9997618198 497.43126454638377254 1009.3090836725075405 -497.53451844980190799 0.11282302836953980729 0.40210114317446632448 0.47963383515135471491 0.77171045030200058346
1671632118.0996117592 499.70338753657580355 1015.6540853750937003 -502.1796380852662196 0.11665444494625845651 0.39704495290129465657 0.47910511029340879796 0.77408354790722022631
1671632118.1994478703 501.96872149203244362 1022.1596062718900839 -506.8614289135921922 0.12016769797935646091 0.39589055407637718798 0.47882454632312737575 0.77431095006715022766
1671632118.2997512817 504.26879286235276822 1028.6081067481925402 -511.38109868783135425 0.12182369135358599166 0.39501686390729462417 0.47928866115520324387 0.77421124038719857374
1671632118.3995873928 506.68712486900392378 1035.166315404189163 -516.00264402761058591 0.12203368533400084373 0.39087736617751311918 0.48097062081236080511 0.77523540048768713184
1671632118.4997758865 509.09908461586093154 1041.6509873400011656 -520.43571920097292605 0.12220004037565988797 0.38628519047658121943 0.48322209844595109818 0.77611036929302146259
1671632118.5996046066 511.61791091991773328 1048.1262641159182749 -524.83637521863613529 0.12390677251970874662 0.38273382225010282864 0.48368948527035027229 0.77730715606411338037
1671632118.8995919228 519.0184307790685807 1067.9803325718696669 -537.7484108212152023 0.11956644411226949321 0.37456492858994366868 0.48829151128511455449 0.77908688842750872805
1671632119.0995714664 524.10875479240337427 1081.2114192217557047 -546.27569003590360808 0.11953298008270171748 0.37478433616093242975 0.48732471513489400428 0.779591681625485311
1671632119.1995129585 526.71639786549792461 1087.8584360906525035 -550.49034751837677959 0.11717161203710202422 0.37214248028099594645 0.48731666051670230466 0.78121908584326393843
1671632119.299369812 529.25614828393156586 1094.4965486232235889 -554.586725688082538 0.11791048439109555468 0.36976330768301707286 0.48680832978811755529 0.7825534256591527571
1671632119.399200201 531.88350064867245237 1101.2502649958191796 -558.79853484665125052 0.11789866394506108571 0.36553250462554709443 0.48669220081272812628 0.78461238504767860658
1671632119.4997777939 534.5131641896906558 1107.9625400281706789 -562.91643571851909655 0.11394244674043602084 0.36023447979118627948 0.4878547197316246975 0.7869218581510837307
1671632119.5996050835 537.14132849446912132 1114.6925309645555444 -567.04126891548617095 0.1104093889888860397 0.35643564516620201976 0.490229946594053001 0.78767886676008147528
1671632119.6994488239 539.82741461152329521 1121.4070359859263135 -571.1080411263028509 0.10752352602444348317 0.35251989597786226316 0.49239239102526227709 0.78849105736936120348
1671632119.8996105194 545.25765064601205268 1135.0646263469923269 -579.1914499130416516 0.11198201190803928895 0.34343401957050240236 0.49372451824713892155 0.79104311089365186849
1671632119.9997513294 547.95145149527957074 1141.8563828875765012 -583.12690823781679228 0.117013367942179633 0.34017543501246938487 0.49380269737693471832 0.79167382248004680712
1671632120.0995881557 550.70278958401388536 1148.6515620951211076 -586.97844550658658136 0.11882293279125874519 0.33743472552590603186 0.49518443507069331844 0.79171414785631977207
1671632120.1994183064 553.48994297496483341 1155.3865821606004829 -590.7846173203034823 0.11819410021911615216 0.33509976043040828886 0.49665137361164596319 0.79188112638358931772
1671632120.2997841835 556.21754369206269075 1162.265088629108277 -594.54325973691527452 0.12072046201213126881 0.33473012453516109987 0.49596764165710049976 0.79208485164744035778
1671632120.3996207714 558.9519278354295011 1169.1227615937959854 -598.17266417201449258 0.12117041943215779709 0.3315591278181169721 0.49728772791548758736 0.79252204378160762133
1671632120.4997675419 561.7064052416164941 1176.0083579412746531 -601.81979448017568757 0.12120424140230809384 0.32950570220459252102 0.49815202354973925347 0.79283042670803816065
1671632120.5996141434 564.52411972738639179 1182.9099325898512234 -605.47946407000506497 0.11947770187959268207 0.32351409685130438909 0.49940094622373326638 0.79477191873071106887
1671632120.6994678974 567.28723397360170111 1189.7859744521449556 -609.04649931401399954 0.1180583924714870836 0.31796279010387501485 0.50162283172639265949 0.79582436175779547316
1671632120.7997627258 570.1173683402126926 1196.7032387650590408 -612.62228891404731712 0.11450817678243803421 0.31358904638241730245 0.50452796081042650123 0.79624200102694975278
1671632120.8996069431 572.95152450518844489 1203.5164651544141634 -616.09161200648566137 0.10718604872931787597 0.30688065184118767936 0.50882469179275868765 0.7971404201929090938
1671632120.9997923374 575.79354705962987282 1210.4225647057762671 -619.54752521298212287 0.1040563141514888601 0.30077672419675038906 0.51198610403482591735 0.79785705169655474212
1671632121.0996477604 578.62753070756423313 1217.3087280038964764 -622.8488964814365545 0.099851666772824893004 0.29405515876488785842 0.51628496878564444916 0.79812971330006987625
1671632121.1994783878 581.45696862669205984 1224.2219330867467306 -626.14719335913525811 0.098524780973898370973 0.28946097656141139831 0.51932031586023275072 0.79800477449510731631
1671632121.2997806072 584.3584847314293711 1231.2027542379914848 -629.4172918561920369 0.094628149212488216202 0.28303816994164304743 0.523108439395548519 0.79830599920447686824
1671632121.399616003 587.236191764394448 1238.0990394560724326 -632.60528083835595226 0.090199110052884751143 0.27849675526769707146 0.52563614202414277177 0.79875548451889033519
1671632121.499778986 590.11358513503694212 1244.881768142088049 -635.67812989094943532 0.090161156662807828699 0.27435539933058455953 0.52627099443155966885 0.79977429385258247407
1671632121.5996382236 592.98652557275943309 1251.7273028769147913 -638.72277157757002897 0.088328495701550865937 0.27142464090888379635 0.52790693949264244633 0.79990062157126506914
1671632121.69947505 595.79313662382048733 1258.6665518964130115 -641.68212608331975844 0.087685189705272101324 0.26880458144943064624 0.52786590337651462246 0.80088263344302990099
1671632121.899600029 601.36695623752598294 1272.5939660353867566 -647.57141859808120898 0.086330255713375644855 0.26544034033013030882 0.52985538405900389769 0.80083817632376463891
1671632122.0996201038 606.94640634916436284 1286.6416592953705731 -653.39507983214946307 0.08443849243393113102 0.26150560173328463165 0.52970341300603862589 0.80243333399563643304
1671632122.2998018265 612.50026052400107801 1300.7156880226946214 -659.21861477992490563 0.089519601103103862982 0.26387366464674294475 0.52859293802603635193 0.80183940785748519797
1671632122.3996450901 615.26071877608694649 1307.8072431280095316 -662.08920278597724973 0.092784096444628386124 0.26370510790172890792 0.52786874063381239441 0.80200082305142594841
1671632122.4998104572 618.03244523883427064 1314.8585025364336616 -664.90288663916044243 0.094877872893561476797 0.26187200049931164125 0.52822311766885532425 0.80212317168242697196
1671632122.5996317863 620.89074174715835852 1321.9221434565977233 -667.69642992438571127 0.094521032410555982928 0.25749855784604014364 0.53190230385076375796 0.80114930337453471587
1671632122.6994721889 623.69973041075911624 1328.9089728752121573 -670.46104923652831076 0.092599558965746786576 0.25324132317769526557 0.53462020313956992723 0.80092158936413015979
1671632122.7998356819 626.53345200351327549 1335.9258113527523619 -673.21227189172520866 0.091636814463213894788 0.2495089339470482892 0.53805618300513280428 0.79990220030050496192
1671632122.8996787071 629.36003666750252705 1342.9103813510287182 -675.91326440166881184 0.089714394024101321024 0.24666387617597523851 0.53975247567974538043 0.79985969062849859856
1671632122.9998226166 632.18419370116998834 1349.779868355625922 -678.52133430743117515 0.085541051219613251089 0.24115450765105522768 0.54344525320957948189 0.79949639696486229923
1671632123.0996642113 634.88805574126104148 1356.6973181069913608 -681.07972512018693578 0.082476547495155094758 0.236637014362127307 0.54679326009741646697 0.79888526914638802179
1671632123.1995043755 637.62810129275067084 1363.6011246646473865 -683.59924913103259314 0.078527796399946933614 0.23261322447553359205 0.54948372822733904108 0.7986188736844676006
1671632123.2994897366 640.33664015544377435 1370.5642121722016782 -686.08899460875989007 0.07219755905674699048 0.22708612983074175085 0.55279379537156014823 0.79852264958700369668
1671632123.3993372917 643.02193279847028862 1377.4849118173749503 -688.53788276238981325 0.071930056617709292599 0.2253764099621943795 0.55383763438882771535 0.7983078450836577078
1671632123.4994494915 645.69353429677050826 1384.4258374559162803 -690.91103683237690802 0.072564832583154992296 0.22279007532628167243 0.55509471110304242636 0.79810324464552739876
1671632123.599417448 648.35381900821209911 1391.3500266094622475 -693.28049561867339889 0.073249234465198237443 0.22059274657379818185 0.55726406306470854801 0.79713872934759788524
1671632123.6992456913 650.94101157279544623 1398.1948799229694487 -695.62251697127555872 0.073508823512845933301 0.21943608880675583017 0.55913214862522220283 0.79612530180160290261
1671632123.7997565269 653.5491788030698217 1405.038952973589403 -697.95419557774630448 0.072363227600567098241 0.21923824519314566439 0.56096579451061379107 0.79499404559086739308
1671632123.8995902538 656.14449930400553512 1411.8040130635154128 -700.21192738358570296 0.072181770418382945609 0.21915616138068835794 0.56259487315909584293 0.79388121129250199814
1671632123.9994335175 658.67309434479045649 1418.6057578016486787 -702.41705718500895728 0.069107609927849172893 0.21773089179785481972 0.56484307274978651225 0.79294999853304160009
1671632124.0998182297 661.21747945529534718 1425.4940062507048424 -704.70677018988646978 0.069937393056139260383 0.21270510602750303253 0.5675769751513420891 0.79228888430950006327
1671632124.1996769905 663.70969421708684877 1432.1784718944261385 -706.88031120026437293 0.069317689204632784716 0.20756436659379098875 0.57029436872492267341 0.79175528080619106408
1671632124.299500227 666.23738881932456479 1439.0077135309697951 -709.04136728722755834 0.066397515973564663616 0.20063377743459578917 0.57312779984679573797 0.79174616024811694803
1671632124.3993451595 668.70270874047048437 1445.739993494245482 -711.10615220932947977 0.065654987499951841801 0.19643466446130250502 0.57427867329329329582 0.79202705169384890471
1671632124.4994375706 671.17153361007058265 1452.4395208794339851 -713.17555784451189993 0.062407160727395091793 0.19115369907501686408 0.5773888673682988637 0.79132022940086410578
1671632124.6992931366 675.82796641543416172 1465.9329568724187993 -717.14365753038111961 0.05650958909723073631 0.18582103205442943028 0.58229782465825230542 0.7894342618512046883
1671632124.7997303009 678.15052222301687834 1472.7704347729913934 -719.00564186406131739 0.057128883543931051336 0.18112328342718941876 0.58517519396033979007 0.78835311836705279642
1671632124.8997480869 680.45381183874383169 1479.4691335501347567 -720.88353049279646712 0.056735281407065130121 0.1807197129113615186 0.58564223912935720051 0.78812731265731972297
1671632124.9995758533 682.71475222102048974 1486.1625304724436774 -722.66003975677858762 0.056688405416517706481 0.17866940857184759883 0.58803859830466120862 0.78681273123647932355
1671632125.0994057655 684.94947390511504182 1492.7949301785865828 -724.40686113938977542 0.056829397649665006065 0.1780732998836399017 0.59018445952069342741 0.7853296270812624158
1671632125.1995031834 687.12417473965365389 1499.3220612173136033 -726.11134759419917373 0.056172798492072101295 0.17799467430298093751 0.59172326082047121965 0.78423599460451554055
1671632125.2994911671 689.28425921041980473 1505.8431639117459326 -727.79841888560861207 0.056258724804277036868 0.1772247181298354235 0.59333496584923273165 0.78318578477133149462
1671632125.3993215561 691.38738626313909208 1512.4042603007721937 -729.44120300164775017 0.050797806180813344368 0.17234164875138754947 0.59649245071761813897 0.78224976524749445517
1671632125.5997948647 695.52286193383531554 1525.5089161720534321 -732.72047359831492486 0.0467023214694137212 0.16730982767947277789 0.59877682737804915902 0.78185204848891365348
1671632125.6996395588 697.53093370601050083 1531.9224839879432238 -734.3523709900398444 0.045679043455231750637 0.16550450132893401722 0.5987173118252830939 0.78234216654196919727
1671632125.7997834682 699.52941520906199457 1538.3355456468243574 -735.8977575396577322 0.045901330996442120391 0.16469056542877333338 0.59895299329142781541 0.7823205208217056672
1671632125.8996505737 701.56114464131860586 1544.736431086112816 -737.456487311515275 0.045187597650527031035 0.16348244811921588959 0.59867770112838591956 0.78282602176163851304
1671632126.0997724533 705.533560722995162 1557.5579550343916253 -740.54471876609420633 0.047818790173916131403 0.16460053287320042248 0.59803242038659210067 0.78292863790432143389
1671632126.1996488571 707.43068007183126156 1563.83186129738624 -742.08924194021460607 0.049745196514106880536 0.16489586720168636358 0.5994166253358237384 0.78168694352316603347
1671632126.2998182774 709.37731959155405548 1570.0135062002991617 -743.56103541579386729 0.04968211576720352185 0.16459908740748993572 0.60034840617443963051 0.7810381674421077447
1671632126.3996620178 711.27457858704428872 1576.2136272040697804 -744.99466163753106684 0.052278744706353505456 0.16603607891084931625 0.60181283915348771085 0.7794358600820574523
1671632126.4995043278 713.1875727561180156 1582.3644052889769682 -746.4044063977745509 0.054670094576562536237 0.16772415997293954604 0.60189669832718506459 0.77884539638056249355
1671632126.5998079777 715.01460740853053721 1588.4960508171679976 -747.77290259807045913 0.05637008778139352555 0.16769250176699823651 0.60256153220270924908 0.77821670372985862763
1671632126.6996619701 716.86617966114147293 1594.5047204368577241 -749.13788731624151751 0.058285317778499212693 0.16842883981037018448 0.60228990334617482638 0.77812686624923044221
1671632126.7995171547 718.6410403320670639 1600.3649992471641781 -750.48782670074751877 0.059614585267604422447 0.1689920146364106146 0.60314935344507480952 0.77723783853546835054
1671632126.8993508816 720.40741712087583437 1606.3366110058518643 -751.89362441602270337 0.05929908475777552479 0.16725952124727619386 0.60382949124296358967 0.77710862600043595361
1671632126.9991829395 722.16885070021851334 1612.2348600401330714 -753.27593266685573781 0.060140247740875500682 0.16548373831682205992 0.60456116717031160857 0.7768552491320543929
1671632127.099822998 723.93503134077650429 1618.2012632463822683 -754.61496390893364605 0.063470944626184896964 0.16044812050193171804 0.60552569178784376724 0.77689540891970176872
1671632127.1996672153 725.72108244598905458 1624.1284197521074475 -755.90587749623261971 0.060344109831608136463 0.15514739995931747796 0.60714491676228965478 0.77695747807985382494
1671632127.2995135784 727.4947574868654101 1630.0643955435998578 -757.21484720168314198 0.053485903701513008712 0.1485070761448398502 0.60990381991273479034 0.77659657280727023565
1671632127.3993480206 729.28734628216022884 1635.9606422951928835 -758.48619697953563445 0.047517702991357421705 0.1436316944369226134 0.61301550117200054313 0.77545083633873568285
1671632127.4991817474 731.05033632262779975 1641.8223168491572324 -759.71537324156190607 0.036997625517968958653 0.13370942040412289731 0.61716818050687971553 0.77450397259862635568
1671632127.5998241901 732.7471398619103411 1647.611750905790359 -760.87287313202023142 0.028588401635129753742 0.12599033893543060136 0.62068361617235179306 0.77334402849061711915
1671632127.6996593475 734.48552820957399945 1653.4216767859475112 -761.98685894066966284 0.019548197509736783828 0.11681907826984365417 0.62384118867833271427 0.77252400754585548448
1671632127.8993301392 737.64495125743678727 1665.0796826853029415 -764.10329869422594129 0.0072551631074611634686 0.1082467729648386584 0.62792531385921512843 0.77067489836233071809
1671632127.9991738796 739.22081569628210218 1670.8322972997780198 -765.08424545234640846 0.005424504117264376292 0.10570044393331871901 0.62854917757648498533 0.77053482872307965668
1671632128.0998203754 740.73433581846700235 1676.6008534786922155 -766.08375173256104063 0.002564480601052926672 0.099604916397184828369 0.63009479763780729122 0.77009923390335033311
1671632128.1996893883 742.27935885143619998 1682.2453612447804971 -766.99969327710971356 0.00057216759900368101971 0.093861375404371200082 0.63050900136219190095 0.77048563518906054703
1671632128.2995359898 743.74242663487530081 1687.8868482803386541 -767.91572440156403445 -0.0014040437784614931849 0.091041015674845696126 0.63196273762890131653 0.76963150947355674081
1671632128.3993730545 745.1939936332431671 1693.4922607073506242 -768.75512266083921986 -0.0015352763497248379798 0.086420777929599248979 0.63286461472622923541 0.76942281711422788604
1671632128.4992072582 746.55506897685904732 1698.8886537393916569 -769.56493746292687774 -0.0037169653575525310116 0.082565616465519256484 0.63434250839836037184 0.76862128853231459491
1671632128.5997755527 747.90727442914510448 1704.2285420962768967 -770.32920939726830056 -0.0080271687910236453473 0.07547629097696266498 0.63592894840448388472 0.76800603294683056355
1671632128.6996307373 749.19779317273844299 1709.4322425920679507 -771.08739110491114843 -0.012110305662423170164 0.06985670881372658958 0.63782544854858091998 0.76691073660125441691
1671632128.799459219 750.46267061113496766 1714.6357993410283598 -771.79906454921081149 -0.016333790656511311401 0.064702892650111032413 0.63940316225336246703 0.76597019463285775931
1671632128.899746418 751.71567608858936183 1719.7736832443024468 -772.45377248517752378 -0.019103147821341093238 0.06035916380285167443 0.6414726529088544682 0.76452905547036797973
1671632128.9995992184 752.94016086738906779 1724.8369842519246049 -773.07260648273711467 -0.021037399391450772868 0.056337542770470441789 0.64278725709562489765 0.76368059502445972964
1671632129.0997576714 754.12372119753297284 1729.7748632623786307 -773.59571647131053851 -0.022154426291098823498 0.050385515766965295603 0.64451184464388033835 0.76261062365426834919
1671632129.1995916367 755.26838564902516282 1734.6604264504949242 -774.06892364100610848 -0.02056614370359908725 0.045910067704679535794 0.64617559951131253726 0.76152898435496885199
1671632129.2994639874 756.41412518540073506 1739.4143215037627215 -774.5200276874844576 -0.022758161548487046422 0.040207024309069507029 0.64742984810373305216 0.76072337486337315848
1671632129.3997867107 757.51625578435664465 1744.1151575339049487 -774.97665474908330907 -0.026784025360257944504 0.036112320006953566032 0.64860695311856542133 0.75979440422753030671
1671632129.4996221066 758.57432129802680265 1748.6855850011666007 -775.38654632145801315 -0.030501657470234474351 0.031313064182146944925 0.65055075117942329221 0.75820370682487536751
1671632129.5997855663 759.60597178557702591 1753.1858294728672263 -775.78616107439995631 -0.032971600795801143946 0.02661599585481208563 0.65291576693764230566 0.75624431474877817916
1671632129.7994706631 761.4783430043903536 1762.0218150021576093 -776.50310922834603389 -0.039089806984962921499 0.019842197885800532536 0.65602456008099474527 0.75346536134282682262
1671632129.8997719288 762.407359030281782 1766.2178152509827669 -776.85453196234414008 -0.038538159033471811044 0.019198442258368513674 0.6575372083281370017 0.75219083335095437981
1671632129.9995996952 763.25119788499262086 1770.2120533231127411 -777.17783053441792163 -0.035711343029337087873 0.016236902893436960804 0.66002333703697102507 0.75022013937913656356
1671632130.0998125076 764.13447643332665393 1773.9524556540638969 -777.44088056417695043 -0.032394792026521720962 0.012536838499384571691 0.66194383511703902556 0.74874813140370866105
1671632130.199649334 764.97213010231462249 1777.627173773537379 -777.68419288649454302 -0.030649785675348460018 0.010660188049075317723 0.66430847083443267387 0.74675377910421791849
1671632130.2995073795 765.74876826750892178 1781.0706793229535378 -777.87393931648523449 -0.031074143963129005619 0.010522574979682518953 0.66579810550463691676 0.74541032706771082061
1671632130.4996311665 767.2684927009254352 1787.9887498811713158 -778.19127529257696096 -0.026155205720542001879 0.0085617093078352059232 0.66744240701328128029 0.74415269647281512277
1671632130.5998268127 767.94600228561841959 1790.9955618862886695 -778.30195089545384235 -0.022262809869615995256 0.0067852529513485948173 0.66831334941968500996 0.74351569897786151664
1671632130.6996757984 768.478378122918798 1793.6058870608992493 -778.39852856049355978 -0.018992084980792963561 0.0067640249677565359235 0.67040968509093823435 0.74171719867520091718
1671632130.7995052338 768.96275226755301446 1795.9082545355863658 -778.46891291665326662 -0.017887826715218178852 0.003916650635679642424 0.67317481501680120903 0.7392566225136575353
1671632130.8998055458 769.31677700393004216 1798.0873491149811798 -778.54968640948698066 -0.017730049906126719994 0.0014847252249622410001 0.67509311646534042595 0.73751794894934408209
1671632130.9996433258 769.58690444344654225 1799.6347773543870971 -778.60466558921348224 -0.016051108995403275126 0.0012361302465137044126 0.67492013411335782802 0.73771515265069520506
1671632131.0997822285 769.77660259067272364 1800.8356744153727504 -778.65037453362265296 -0.016308227744243831286 0.00052504220796819971433 0.6745965816625505429 0.73800624526336067177
1671632131.2994966507 770.13566210159683578 1802.8607181724396469 -778.66369757211646174 -0.01521784468823709352 -0.0079805930863012762566 0.67449388048524605566 0.7380804377064807964
1671632131.3994326591 770.24143941096917843 1803.6127787611471831 -778.64955025050528548 -0.012938050509294781246 -0.010641464919825394456 0.67381713879288984703 0.73870821678274445343
1671632131.4992609024 770.33596988679300921 1804.3658415348959352 -778.62712966841763773 -0.013809788396878828337 -0.011486212198076073757 0.67329839922097889371 0.73915263801209640793
1671632131.5995085239 770.42151786327110585 1805.0463258227068764 -778.60772047928799111 -0.015925565391157203016 -0.012249627383068709477 0.67330437406025844815 0.73909237776293645883
1671632131.8997633457 770.63078109965010754 1806.7736242239302555 -778.54461380496752554 -0.013526359694566792921 -0.014984898767088810842 0.67200974205773844616 0.74026711191423688607
1671632131.9995982647 770.75634606329015241 1807.3289310632194429 -778.53748033651947935 -0.015163830918234843734 -0.013793397100553708365 0.67122156864826854061 0.74097328306064280667
1671632132.0994565487 770.85533436640628224 1807.8231373203786916 -778.52718850993630895 -0.017054612430369726211 -0.012354495515577023843 0.67008337368654691257 0.74198704769305823259
1671632132.1998002529 770.94486452305375224 1808.3098463803339655 -778.52051528511424294 -0.017984625747978242455 -0.010460580624720109549 0.66935930806734300624 0.74264745754180538917
1671632132.2996530533 771.00901756285531974 1808.7644312322054247 -778.51601149157738746 -0.018366636721201413246 -0.0098442568456286756035 0.66877736703857071365 0.74317063356921297945
1671632132.3997952938 771.06244938450527115 1809.2151972885337727 -778.5121785946679438 -0.018354219181648298576 -0.0098503579018446151688 0.66842058391310288368 0.74349177271083788376
1671632132.4996235371 771.12002755111222996 1809.6611669215567417 -778.51103656193708957 -0.018510635006843682848 -0.0097192320346468977221 0.66804035961317909109 0.74383127848201902044
1671632132.6994287968 771.22727676487431836 1810.6578995721267802 -778.50214334837869501 -0.020204888416902624243 -0.0083919625294342336391 0.66735931744391019382 0.74441445369482395211
1671632132.9997327328 771.2954093917468299 1811.7495167155609579 -778.49294663755676993 -0.022798947260571651025 -0.011474829875674476265 0.66778502848753418242 0.74391645499413250331
1671632133.0995671749 771.35130726151430736 1812.0614643940552924 -778.50583243253186083 -0.021018113002646360288 -0.012049910708603261619 0.66814700730725329336 0.74363473238148580791
1671632133.2992801666 771.44676328816274236 1812.5902870244146925 -778.48997675839359545 -0.022303552053903576841 -0.011528269185042580927 0.66789445745073805494 0.74383240335572908819
1671632133.4997727871 771.54487210823083387 1813.2261988614288839 -778.49217842131395173 -0.024246579109657665635 -0.010847534991422829939 0.66769459654979479435 0.74396126251592953338
1671632133.6994466782 771.61644441650946646 1813.7310406288800095 -778.48884003067053072 -0.02328917861398115477 -0.011438388488886010522 0.66739134620707740719 0.74425504260043029436
1671632133.8998084068 771.70289775045830538 1814.377976367707106 -778.50063672423073058 -0.023610843150724418471 -0.0098925571834049819131 0.66658758669884565773 0.74498701643524867233
1671632133.9997546673 771.76998786409512832 1814.7554721189749216 -778.49124838249656477 -0.02468475507147203582 -0.0097919946785696501679 0.66680087572504487259 0.74476262784835622899
1671632134.0996000767 771.8357467062211299 1815.1312982123072288 -778.4876170303108438 -0.024073711996414826758 -0.0090026596294158003908 0.66680573608526938489 0.74478823757769740954
1671632134.2993152142 771.95063026600803369 1815.8588576838953941 -778.49552611944295677 -0.02069031405799179324 -0.0060564893953813231375 0.66680423767376317823 0.74492102833837159359
1671632134.3998126984 772.03302568777462511 1816.4252039576872448 -778.48705753256945172 -0.019538538721723893582 -0.0064476559217268841068 0.66690211126731135938 0.74486122682345179413
1671632134.4998159409 772.11491566824258825 1816.8370120746899374 -778.47951970299413915 -0.018755699388654865911 -0.0068792396669246124244 0.66649428918434161506 0.74524241846979344395
1671632134.5996592045 772.22267934693820735 1817.291450257103179 -778.4746139610094815 -0.018099495298512895125 -0.0060642641098422461754 0.66605180868267510608 0.7456611972747960726
1671632134.799353838 772.36637659532277667 1818.0930357925792578 -778.47311935033621921 -0.018517199914602839456 -0.0041293529836602142422 0.66568598531371458993 0.74599077119503809374
1671632134.8994390965 772.45621983720138815 1818.6582373424641901 -778.47292992993527605 -0.01815281797820134449 -0.004086094911697221374 0.66545966081607466069 0.74620186200141436217
1671632134.9994459152 772.54095259279142738 1819.1047554696442603 -778.47508709548503703 -0.017647851698800207793 -0.0054035255846896839901 0.66516732126162780858 0.74646620149026388091
1671632135.0992798805 772.62280887259510109 1819.6222619894676882 -778.4789983510077036 -0.016903466478055292205 -0.0065701481644833232762 0.66510082997213726408 0.74653331603117090154
1671632135.1997389793 772.68468572015967766 1820.0832325907279028 -778.48147426710181662 -0.016302779664602449344 -0.0071603817603147438403 0.66517166310268260876 0.74647813558969389192
1671632135.2997899055 772.76298881879063174 1820.6051410654579286 -778.48185851164532778 -0.016353340331988607675 -0.0071552297396924252962 0.6652061871755923228 0.74644631387037430059
1671632135.3996350765 772.85130387096410232 1821.0665892333240663 -778.48210008774447033 -0.01826656223125272191 -0.0073672728658037527072 0.66450990660934394771 0.74701983910255909116
1671632135.4994738102 772.94276310877580727 1821.6291024214976915 -778.47600291506182657 -0.020364261363524475967 -0.0076936468519558359053 0.66393314078725651495 0.74747500909502251343
1671632135.5993218422 773.04623953166696992 1822.0950822661864095 -778.47273883694333563 -0.021229213745471514629 -0.0069444602716568857442 0.66352373441784018304 0.7478217359902611383
1671632135.7998065948 773.25524416683742857 1823.2369399108977177 -778.47593653971273397 -0.020070264363127251345 -0.0055383139292460139072 0.66230594864527680965 0.74894415142672365882
1671632135.8996503353 773.38662260039097873 1823.8012756805624122 -778.4771576821368626 -0.020196631776676989695 -0.0061742275832930180665 0.66173674280719718688 0.74943876213974169875
1671632135.9994740486 773.50624288102756054 1824.4042317947576066 -778.48232812710955386 -0.019808517110157720931 -0.0066691920863963709623 0.66141572284169358742 0.74972820815587004617
1671632136.0995030403 773.66586217047802165 1825.0057887704961104 -778.48462605651343438 -0.020282928162365636976 -0.0068977424197653137636 0.66098346796218276911 0.75009458007331097917
1671632136.1993405819 773.80109969323359564 1825.6577172564952889 -778.4922708851383959 -0.020575201398735854658 -0.0060930737912861339042 0.66045068578041532525 0.7505627403431071043
1671632136.2998065948 773.9532337368732442 1826.2743607355682798 -778.50423460103127127 -0.021390075173926600266 -0.0055007740630998178469 0.66014430989112338199 0.75081402243640404937
1671632136.3996374607 774.06981100026098375 1826.9279979318848746 -778.51597641335820299 -0.020967068532331014502 -0.0048331062308723917245 0.66009583106365887772 0.75087316967228134867
1671632136.4994828701 774.18876100755414882 1827.5774979093750972 -778.52778834280104547 -0.021385667703796028966 -0.005579634904732540604 0.66023093404567445575 0.75073739391372351637
1671632136.6997618675 774.42979308719884557 1828.9252658182599589 -778.54775528523123285 -0.020305538981906023216 -0.0081624606535180190686 0.6604220013907022846 0.75057567200238584082
1671632136.7997863293 774.5708685703265246 1829.5947038142644487 -778.56039631946794088 -0.020036295683674470308 -0.008463513595972140327 0.6604420770898655757 0.75056190857391058557
1671632136.8996286392 774.70407682443021713 1830.2732448204321827 -778.57004911473609354 -0.01964170002430653747 -0.0087845160759495825864 0.66017441222387651667 0.75080408985455449056
1671632136.9994673729 774.8478930185254967 1830.8612613511197651 -778.57182491611479236 -0.01994084805749930106 -0.0093268264000766799848 0.6601681102636290932 0.75079520448588332737
1671632137.0993075371 774.9922730040574379 1831.5160196024089601 -778.5734795353082518 -0.020454968508676799055 -0.0095127994626168239228 0.6596519449567438409 0.7512325954220024915
1671632137.1997756958 775.14009999500683534 1832.0989266552981007 -778.56957648603827238 -0.019735015556335309267 -0.0092843395473123577211 0.6595475371021076727 0.75134637584985086711
1671632137.2998111248 775.27801741738483088 1832.7391265994542664 -778.57192057940676477 -0.019562599739542885224 -0.0094417063447179011559 0.65910476296578845989 0.75173736790753120651
1671632137.3996536732 775.42170546959027888 1833.301194594897197 -778.5695412694302604 -0.019654474515762358072 -0.0093227424967444044723 0.659292473147511493 0.75157183486003986683
1671632137.4995009899 775.55417821471098705 1833.9363759302066228 -778.58173702841145314 -0.019418432911216407244 -0.0087789696498251548057 0.6587407411868089202 0.75206814189660620151
1671632137.5993380547 775.69379033483494368 1834.4139256248865877 -778.58395851284944911 -0.019768461597980388489 -0.0086393167997217013704 0.65913610461702831778 0.751714151603901648
1671632137.6997697353 775.83341934697250508 1835.0120621864789427 -778.59207454737725129 -0.020679824670896150562 -0.0086931060139912429835 0.65850243942051822632 0.75224418378385415895
1671632137.7998201847 775.96458739190131837 1835.4732605170802344 -778.58206220156284871 -0.021015888352586969967 -0.0092554159463819566517 0.65880999275539364746 0.75195881746146797653
1671632137.8996582031 776.0662086287021566 1836.0293857439669409 -778.57728312168387674 -0.019956167215772712548 -0.0091637038463592591919 0.65840189789671033083 0.75234614292085144616
1671632137.9995062351 776.16651894043968696 1836.4705648113249481 -778.57177618032460487 -0.019994637225104004014 -0.0093412849400324633742 0.6577320588266917234 0.7529286112703558187
1671632138.1993319988 776.38207915743737431 1837.5850517632411538 -778.5826367418535483 -0.01944330008054186848 -0.0084231800674392839218 0.65635098756280052523 0.75415806648531313883
1671632138.2994318008 776.5090296645178114 1837.9369729360114434 -778.58410939436316767 -0.018559049762136532041 -0.0067067042687968389178 0.65658539880639332775 0.75399349855554265165
1671632138.3994321823 776.6086985400049798 1838.4261227480183152 -778.58263244212128029 -0.018088517387446056278 -0.0061387347219520344704 0.65644439923673181259 0.75413252958976917384
1671632138.4992806911 776.70724531160328752 1838.6224200634044337 -778.58776293693733805 -0.018127127805958796053 -0.0062903984882488233124 0.65670135953791586303 0.75390660065118042521
1671632138.5997393131 776.80651854711300075 1839.0518881851619426 -778.59017518893813303 -0.016681013713591270886 -0.0060409270275804394235 0.65704829473061510114 0.75363969466431701694
1671632138.6997659206 776.88503420876554628 1839.2082345478734169 -778.58937994733605592 -0.016689849369600912032 -0.0067579936119412393342 0.65728766741434396792 0.75342464833277877911
1671632138.7996139526 776.94281398681278006 1839.5645680249531324 -778.58892557310207394 -0.01666143016092041379 -0.0069594562622172471966 0.65708099890932414322 0.75360369132976801065
1671632138.8994543552 776.99408883381317992 1839.7338625437564588 -778.60190678768299222 -0.01702537087233838009 -0.0067491132003148586113 0.6565653242301098258 0.75404678981896056111
1671632138.9994792938 777.04926609987671782 1840.0245982848048243 -778.60573500876557773 -0.016608067270865920634 -0.0062920053896757992609 0.6561736988921312852 0.75440086138068607191
1671632139.0993154049 777.09179230623226431 1840.1846870265196685 -778.6218645305773407 -0.016192956266371818369 -0.0054748333809071679165 0.65564921046791846404 0.7548721263761182243
1671632139.199760437 777.17088649832362535 1840.5430608197912079 -778.62136255750760938 -0.016170010873764042308 -0.0048183759680793733504 0.65543407726280444869 0.75506389422619624163
1671632139.2996361256 777.24169568672004971 1840.7491459014318025 -778.64331364718407258 -0.016272500123422156681 -0.003772837595215626158 0.65492986597930580306 0.75550502452633760964
1671632139.3994655609 777.34178971725305018 1841.1137136693266712 -778.64830543598009172 -0.015240661380788712159 -0.0027711108417057365993 0.65489904006433907746 0.75555760237601110596
1671632139.4993093014 777.42537801913954354 1841.3331047225176462 -778.65489131597155392 -0.014519978639135736748 -0.00096297980836097601346 0.6547751283098730557 0.75568364692971723429
1671632139.5997536182 777.49290890203246818 1841.6599273500989966 -778.66041164503951677 -0.014033877795896656029 0.00016681126351332758572 0.65503445861909070924 0.75546864956105752587
1671632139.6997938156 777.53917366703717562 1841.8284759987823236 -778.65713286870152388 -0.015498871107799745694 -0.001347035421828995461 0.65542626723642316566 0.75509891981546717332
1671632139.7996311188 777.57724936964734752 1842.1270462037327889 -778.66123163473685054 -0.017074103562805875017 -0.0025318494152126959015 0.65582908833280506578 0.75471204549988912813
1671632139.8994650841 777.63184216923150416 1842.2841183231134892 -778.66356585043570249 -0.01787720897419265223 -0.0029154994761702913465 0.65594243591842005259 0.75459355021329677093
1671632139.9994995594 777.68906514428942955 1842.5337402178945467 -778.66742659132285098 -0.017729563470197585995 -0.0023628241323610079186 0.6563193331163930111 0.75427117976158220003
1671632140.099342823 777.70959958872253992 1842.4632370087701929 -778.68496692590611019 -0.01984078009809234211 -0.0044707465246613510915 0.65691679506600397787 0.75368871573801710095
1671632140.1998038292 777.73270808403549381 1842.6649928938179528 -778.695658206748476 -0.021095243539631280266 -0.0050010826248749543077 0.65750232800632868457 0.75314053704394434696
1671632140.2997410297 777.72015597430390699 1842.430848372837545 -778.71028134383323049 -0.023073646866781528236 -0.0060285049318800432508 0.65844032191456336456 0.75225501422429874587
1671632140.3995745182 777.71402691590014911 1842.5155350706286299 -778.69982569895012148 -0.022677224229952192003 -0.0054587728780743282817 0.65915056792937221086 0.75164916955869542914
1671632140.499484539 777.65626427129598142 1842.1722839749152172 -778.69518221486168841 -0.021800332334081191921 -0.0054586833569237455319 0.66046515131086735995 0.75052030764666577412
1671632140.6994953156 777.62918466683800034 1842.3680437107432226 -778.67451329030438956 -0.021025674155433424217 -0.0042337804177292768723 0.66080078554571053395 0.75025483534053694079
1671632140.7997961044 777.58614987367172944 1842.0486792665337816 -778.67605578807558686 -0.020099164681737537175 -0.0026867888638350298329 0.66056803657563389898 0.75049228763479636228
1671632140.8996431828 777.55978510982265561 1842.0627995706483944 -778.66653425876870642 -0.019353874420378034543 -0.0011353950297323565314 0.6601808608008683521 0.75085642399547425363
1671632140.999840498 777.53083340480247898 1841.7408890455692472 -778.65642475537777045 -0.018064641720625673055 3.6209806302597448272e-05 0.65925510668161590999 0.75170231589543901052
1671632141.0996758938 777.51971907127801842 1841.7564228622613882 -778.64940992941490094 -0.017513434221248062872 0.0017528257636262067117 0.65874184148454584253 0.75216314287604535416
1671632141.1995055676 777.49369070253828795 1841.4704165752052631 -778.64070559511219471 -0.016177070317889320761 0.0035567995155893197476 0.65828138072728592523 0.75258971250005424203
1671632141.2994446754 777.46666959578101341 1841.4439244026405049 -778.63915059435282728 -0.016071779325664645871 0.0042016200809931372046 0.65803957172650340279 0.75280008391338704143
1671632141.3992879391 777.44345049890750943 1841.1327866085141522 -778.64865393586956088 -0.016725660052446938986 0.0046002535651643453388 0.65757756703367498119 0.75318711705459939765
1671632141.4997954369 777.42947637180509446 1841.1139989885073192 -778.6550368314977959 -0.016210158156778085858 0.006095208758873579824 0.65729115945820737466 0.75343772861518132355
1671632141.5997655392 777.42153264689670777 1840.7918091089486552 -778.65783606507955028 -0.016012266850191636536 0.0061996835624578807214 0.65652707873937954375 0.75410699911616008162
1671632141.6996016502 777.41465541633567682 1840.6908739815041827 -778.65919683904814974 -0.015905868037521184166 0.0057056770512102132978 0.65614134514085387107 0.75444879468928227606
1671632141.7994410992 777.3875961527430718 1840.2760242763040424 -778.66814272072645053 -0.01703200599225157888 0.0048232195594886751247 0.65543911852061387258 0.75504053483099931032
1671632141.9997849464 777.35686722202490273 1840.2112809945847403 -778.67254530374907517 -0.016627393237760156042 0.0032376777085440975289 0.65536407006181673918 0.75512315744465352552
1671632142.1996262074 777.33386840751325053 1839.7348539918505139 -778.66817770560487588 -0.018396035908673585846 0.0011142234173377291682 0.65440505319010799923 0.75591955307974112444
1671632142.2994532585 777.34182607066293258 1839.6922788819620109 -778.66730305406667867 -0.018776314479535698154 0.00082584949469294353756 0.65426907055183214368 0.75602827414483619872
1671632142.3992877007 777.34265926153773307 1839.4628511812711622 -778.66519717948915513 -0.018532390089915390385 0.00054939670771128059322 0.65376789024247372595 0.75646797312822022796
1671632142.5997774601 777.3275956100330859 1839.4977528473380062 -778.6733460407323264 -0.018828058399200493789 0.00065097295048792869383 0.65353837025193861621 0.7566588921433317072
1671632142.6996068954 777.31837802843222107 1839.2096442654535622 -778.67423295507626335 -0.019261382649097952974 0.00010675316764768224837 0.65343239014339060677 0.75673978305207556527
1671632142.8993015289 777.28400631394947595 1839.2332542241988449 -778.68039884859774702 -0.017875867197476268122 0.00048588328547608721029 0.65395043153296417149 0.75632602122842562675
1671632142.9998116493 777.28466176494282536 1838.8557737251715025 -778.66511638722636235 -0.017967178064058404729 -9.4259908848960621906e-06 0.65390824451923978966 0.75636048824177171124
1671632143.0997848511 777.27504005334401427 1838.7938270626266331 -778.65638750664129475 -0.017460544676683158877 0.00010414466168321442983 0.65395365997150067816 0.75633308082045558329
1671632143.1996500492 777.2727796325369809 1838.4688964024746838 -778.63633386446201712 -0.017162507990908175415 0.00030525678806077668906 0.65368819380132991981 0.75656929651057736042
1671632143.2995033264 777.26485743837656628 1838.3836548586141362 -778.62944940682712058 -0.017224823388361693716 0.00046718413758009834673 0.65345592610889380314 0.75676841889139956354
1671632143.3993570805 777.23203059212437438 1837.9348633349441116 -778.61655046352996123 -0.01751474772842024491 0.0008154128904123516576 0.65364385621075049571 0.75659915275644351595
1671632143.499434948 777.20399751144759648 1837.8226767021285468 -778.60813019047986927 -0.016933754902076842558 0.0011816007443932749835 0.65393917433920245585 0.75635666720744898495
1671632143.599437952 777.19729942695801128 1837.3702487683574418 -778.5913481949457946 -0.016513270953107631045 0.0015550836746284722994 0.65459977255890888781 0.75579364337299004273
1671632143.6992685795 777.18688956126118228 1837.2345050627302498 -778.57871633416448276 -0.016561384338817670275 0.0017296350706603096179 0.65491938021629603206 0.75551527736267987123
1671632143.7997405529 777.18411231858135579 1836.7236427395837381 -778.56102592236436521 -0.017006072170843905544 0.0016682854699293875409 0.65549767303840478228 0.7550038483174422721
1671632143.8997473717 777.16776726692080501 1836.5843919283481682 -778.55046020616794067 -0.016154035414223499867 0.0020877862527934852588 0.65577253619733777423 0.75478279594709241085
1671632143.9995958805 777.15445184287307256 1836.1086890675821905 -778.53800293268352561 -0.016277621612482175151 0.001826447650932677691 0.65625879674185627621 0.75435806804365124201
1671632144.0994415283 777.1344391714392259 1835.992263441156183 -778.53487293403554759 -0.01641779364920861739 0.0018069201580259578246 0.65655974960834806442 0.754093154912215069
1671632144.1993062496 777.13705306491885949 1835.5775337802340346 -778.52538815606283151 -0.01707821453588482391 0.0022004501040723241714 0.6570399153164319106 0.75365910217324494358
1671632144.2997355461 777.12203859335716061 1835.5168419152803381 -778.51584632298624911 -0.016789698995625962352 0.0037215590691296405318 0.65719448055387630347 0.75352483086840105209
1671632144.3997907639 777.12817345514872613 1835.2064277905569725 -778.50605854233708669 -0.017216922681808879275 0.0051832623318875895718 0.65707132957781066995 0.75361394573867557245
1671632144.4996337891 777.12770435113634448 1835.1656254904728485 -778.49235422627714343 -0.01741314420242198388 0.0061693628823127188293 0.65693209513568151525 0.75372338676151984238
1671632144.599470377 777.13132980601506006 1834.8898520319467025 -778.48303470962582651 -0.018859806394052949785 0.0065921168197986866957 0.65734232018196936398 0.75332723686084679393
1671632144.6993117332 777.12742604939671764 1834.8763143784824479 -778.47633695839931534 -0.019303049917587154771 0.0069976095413635253095 0.65770696445833864985 0.7529940070329798063
1671632144.7997610569 777.1282802534210532 1834.6875410466582252 -778.48314340469596573 -0.019778282429928958214 0.0074845893481063187694 0.65804938100525423028 0.75267776147898401984
1671632144.8997952938 777.1411172429556018 1834.7229464669292156 -778.47686537291122022 -0.020127134730077690661 0.0074392305414463155352 0.65831377817564207255 0.75243772218079296721
1671632144.9996323586 777.16629896576671399 1834.6174312549269416 -778.47621654394129109 -0.020556191038510477492 0.0080167298955767882923 0.65852440779495724499 0.75223585356593503093
1671632145.0994701385 777.18235066352974627 1834.6971039848078817 -778.47500517587468494 -0.020406973405139090805 0.0091549566797016271313 0.65870636682118521854 0.75206759304856951598
1671632145.1994946003 777.20778755550122696 1834.6725862896412309 -778.47213909921583763 -0.020671014062246754334 0.009371661971009460218 0.65893916530799123699 0.75185374744876265485
1671632145.2993888855 777.2239959455355347 1834.7846668009174209 -778.4769091135257213 -0.020083947410019415553 0.0095931322340003597621 0.65909749101913750469 0.75172807863126289707
1671632145.3998024464 777.26234792542402374 1834.7445151496879134 -778.47803945265980019 -0.02016013353472543429 0.0097987779328635067622 0.65915583861532345278 0.75167222470051020533
1671632145.4996464252 777.28516189605056752 1834.8520153565059445 -778.48473281604537988 -0.020254435294309106053 0.0096588952182603167451 0.65907353570406379539 0.75174366517358526263
1671632145.5994787216 777.33579743334632894 1834.8174064282716245 -778.48376784693402897 -0.021147519914887863424 0.0088474043582297007965 0.65904898901905162312 0.75175058091799162874
1671632145.6993188858 777.35605099536599027 1834.9335728916801145 -778.48951999535802315 -0.021289746252601597643 0.0082129599456090846693 0.6589276631296980824 0.75186011249159012682
1671632145.7997710705 777.41096566970065851 1834.9078686001432743 -778.49777503143502599 -0.021115030584717725537 0.0083720377054876393697 0.65871328041429988431 0.75205111440240268728
1671632145.9996070862 777.44372678318359249 1835.2632336816093357 -778.51757938916887269 -0.019377088820925703061 0.0086170515553307003992 0.65824778165860475809 0.75250257992437774579
1671632146.1993153095 777.4804804721563869 1835.494416623604593 -778.53100573061283285 -0.017804773039439277665 0.0081189654014070695986 0.65719897659784132227 0.75346305657050960392
1671632146.4996585846 777.60944446010080355 1836.272873284665593 -778.54623514109516691 -0.017509226190764309861 0.0065758850546480049348 0.65122439460380854293 0.75865471237371995272
1671632146.5994968414 777.69260133570310245 1836.3840020714455932 -778.5620541724853183 -0.016184324106182999825 0.0072148611382485232368 0.6470741419806235184 0.76222114127858009436
1671632146.6993482113 777.74852980503453637 1836.6257414903452627 -778.57605549521474586 -0.014893504719072858666 0.0070239259050517005578 0.64355425851279690619 0.7652233427778505348
1671632146.7997713089 777.88426411285377071 1836.7172793224449379 -778.58786923924344592 -0.013788577048162982061 0.0070375205630815434316 0.63983277480279099336 0.76835822943173592847
1671632146.9994459152 778.07538544928104329 1837.1908193730673702 -778.61586819937429027 -0.012176426679864297414 0.0067560273325925936094 0.63183705512008869754 0.774976145765251756
1671632147.0992863178 778.23939895995727056 1837.2863305621062864 -778.62585257934438232 -0.01286548262203169278 0.0063911876297388587123 0.62747821025744521251 0.77850159134692675789
1671632147.1998047829 778.38501640545314331 1837.5278134831110037 -778.63574577018391665 -0.012884949838109453074 0.0057894667608952392335 0.62232002511936035383 0.78263544928512696064
1671632147.299800396 778.56633317194621213 1837.5875808544576557 -778.63919893963202412 -0.014683069353218806616 0.0049382039362371879868 0.6171471148535166984 0.78669527788352278108
1671632147.3996400833 778.71717660987565068 1837.8147122923194274 -778.64732171919115444 -0.015751218013802213702 0.0043831263922777035855 0.61086703793234609083 0.79156436838823973634
1671632147.4994785786 778.90774479253116169 1837.8264379753879894 -778.65232992056485273 -0.016667272086619396021 0.0040331754277268582268 0.60466827351936280888 0.7962927944771780453
1671632147.5993084908 779.0730237146002537 1838.0487333191738344 -778.65227373671041278 -0.016048230647358403128 0.0041900049273281480752 0.59793022832506870223 0.80137652836037664983
1671632147.699783802 779.26172828317032781 1838.0927291993782546 -778.64924021703757262 -0.016103734956053342153 0.004102909333099261785 0.59196996011107394509 0.80578868332929753926
1671632147.7997937202 779.39218267326930345 1838.2970675550507167 -778.64658397134212464 -0.014835622071948445164 0.0039327183031387016182 0.58480061965830087978 0.81103185713740810758
1671632147.8996214867 779.58856338953614795 1838.284972661720758 -778.63616613354929541 -0.014970796004852392549 0.0038534850192434725105 0.57914681195135275793 0.81507668113299147628
1671632147.9994680882 779.73479741134906362 1838.4731079285904798 -778.63322759889547342 -0.014557267622702848089 0.0033033456783895542332 0.5723504260509689745 0.81987326073361144196
1671632148.0993180275 779.91612716742952216 1838.4632850097855226 -778.61705608690340341 -0.016585333064102713435 0.0026626029949263735168 0.56516757955961349769 0.82480509472673124716
1671632148.1998276711 780.06942960863284497 1838.6370281693857578 -778.5989089663470395 -0.020134225314705808674 0.00059757534180783803898 0.5563704515211259638 0.83069018084293366755
1671632148.2998075485 780.26275858153883291 1838.5953022162109392 -778.57681126603949906 -0.023601132705232862052 -0.00028297743857419774922 0.54798349622674458193 0.83615608251205886248
1671632148.3996474743 780.3985437473672846 1838.7490835291514486 -778.58342079747694697 -0.023227542258050726948 -0.00056153442062749380805 0.53872357948250904069 0.84216214048679383097
1671632148.4994893074 780.61117765724247874 1838.6940614209734122 -778.56325882512408043 -0.023668086324499088696 0.0013761438090093378473 0.52978490480239470717 0.84780061486264024495
1671632148.8996441364 781.22203687300145702 1839.4357132451843881 -778.50958796314250776 -0.015296727180714633776 -0.0020419468147510094931 0.48945228036252252934 0.87189351748862731206
1671632148.9997472763 781.40049841778386508 1839.4765499282739256 -778.5177494411235557 -0.018408629370597263952 -0.0041124745298019632286 0.4803361088959368641 0.87688165245296834094
1671632149.0995903015 781.54090611110348163 1839.6231042693771087 -778.5354973122341562 -0.022144693622105981329 -0.0063702365663395104853 0.47142109590852537826 0.88160715909234621535
1671632149.1994588375 781.74225319838603809 1839.5647151239334107 -778.53628804302013577 -0.024502308247412465936 -0.0071760623136238139638 0.46087227047711115668 0.88709914402252243448
1671632149.2998211384 781.90371250210989729 1839.6560867890757436 -778.53970646625271002 -0.022108626850104923234 -0.006498227364114594895 0.44947928762863065266 0.89299347794526817701
1671632149.3996596336 782.07305298287269579 1839.5204501834029998 -778.53080503493640663 -0.021867266154039950721 -0.0061662222885320045612 0.43904294194612319968 0.89817876589292078293
1671632149.4997830391 782.2099740106613126 1839.5844800344655141 -778.52736602434322322 -0.021009011885024495708 -0.006839704267211864884 0.42802813914408505136 0.90349529714658916024
1671632149.5996205807 782.39320979537887979 1839.4580799981933978 -778.52682040388822315 -0.023643277089409046876 -0.0076761908154294551318 0.41765762341865947382 0.90826437844017415824
1671632149.7998039722 782.71242688526365328 1839.6512160117615622 -778.52051765025760233 -0.022915186529184547459 -0.0087714624682809199524 0.39388163659261149485 0.91883361498566562542
1671632149.9997589588 783.16073627075081731 1839.508785127515921 -778.50435128768458526 -0.023859809659073080018 -0.010189153825194002811 0.36910519702106903139 0.929025427079042454
1671632150.1994535923 783.57101592599190099 1839.6673022806655808 -778.4888831534090059 -0.027081845928393712825 -0.013229725275604684379 0.3423601883626637421 0.93908521946334755359
1671632150.3996407986 784.01495893033688844 1839.4509178067962694 -778.45788990279345398 -0.034220445279813445361 -0.013443136372247206645 0.31543710296992000242 0.94823397812948706509
1671632150.4997580051 784.26715498126770854 1839.4598716802033778 -778.4336307919685396 -0.035775900381180322785 -0.013743713680623379988 0.30259539060576406966 0.95234826868657973531
1671632150.5995914936 784.50859343603258367 1839.2964204146871907 -778.40990870124301182 -0.041404008530376470998 -0.013200963257332269662 0.29019145568923065959 0.95598136053568560921
1671632150.6994400024 784.72471229663278791 1839.3195820645246386 -778.39611903057402742 -0.043702202774644038907 -0.013501844777887683779 0.27676104562855036173 0.95984954096088903608
1671632150.7997832298 785.01651569440173262 1839.1003325350734485 -778.34008737917849885 -0.049965684236700107224 -0.013247636870233545081 0.26476155327382511206 0.96292743777719003173
1671632150.8996291161 785.25734850601736525 1839.1109453803094311 -778.31140566052363283 -0.050087913945099857282 -0.013211502601462260173 0.25080308850742211169 0.96665116141800488947
1671632151.0996158123 785.82742102424299446 1838.8480220547671706 -778.21589420104328383 -0.053348998715241048585 -0.012772366588275407828 0.22150615769545803357 0.97361479707880949075
1671632151.1994633675 786.13087222013609789 1838.8750282484386389 -778.17288773638858856 -0.053000601303606932613 -0.012669963508806666302 0.207234095736024998 0.97677245960899905519
1671632151.2998182774 786.47076620885491138 1838.7291023812854291 -778.10962600382288201 -0.056667646893296341748 -0.011996671045781809317 0.19205998423393860763 0.97967230242334335522
1671632151.3996496201 786.70791819761814168 1838.750330001305656 -778.06336139755478598 -0.059300371120699010841 -0.012687222789678766557 0.17699393055243206607 0.98234192057065006232
1671632151.4997904301 787.03725536651108996 1838.6299541220278115 -778.00237311723617495 -0.06469992341529449964 -0.012660577759691789626 0.16210075897613115958 0.98456943565205612412
1671632151.5996222496 787.27971540727492084 1838.6475312981542629 -777.96310076429540459 -0.066271287810162615717 -0.012440369265367090881 0.14777540656969725963 0.98671970834562972019
1671632151.6994748116 787.59432739997703266 1838.580129584677934 -777.91970554118904602 -0.068851358394472650382 -0.012430593075443084269 0.13342464925905409001 0.98858628038888285428
1671632151.79941082 787.79903696708458938 1838.5887449340664261 -777.88677365393584751 -0.068189529676256688262 -0.012546942088179592265 0.11971779599610636591 0.99038397180517889762
1671632151.999789238 788.37006086769770263 1838.5488277679007751 -777.8359433788619981 -0.069166867468099427207 -0.013540692769134516499 0.093404029013142444993 0.99313054602509043267
1671632152.0996339321 788.56065431163597168 1838.5562926992281518 -777.82486692104453141 -0.068334522757427088036 -0.013941494932576610141 0.081141495923869239038 0.99425956638988199909
1671632152.1994967461 788.8798029224263928 1838.4640828165663606 -777.78970355803028269 -0.070288196150085358038 -0.014713969099606896002 0.069761396914326923024 0.99497558567829436083
1671632152.3996698856 789.31285064002861418 1838.4771051205934782 -777.74909983160171123 -0.070259615986508011654 -0.01596244699903858616 0.049039876030662163386 0.99619469844309493922
1671632152.4997968674 789.69724397586867326 1838.3861112624504131 -777.72637541372387204 -0.070547070648798282377 -0.017328384242469341975 0.039551890573386663807 0.99657337204768337013
1671632152.5996406078 789.95054383817580401 1838.4285893093565392 -777.70903076773015528 -0.067962677248803421426 -0.017443359341718162742 0.031288603301550386993 0.99704454615603255174
1671632152.6994862556 790.41005407800469129 1838.3462563052355563 -777.68323744609961068 -0.069996981435030095064 -0.017593708644149108622 0.024019971280473392111 0.99710276550905929671
1671632152.7994799614 790.72335294066988354 1838.3765870895670105 -777.6683153487109621 -0.06910714936060488589 -0.017202907935730305661 0.017183272078735167127 0.99731288822840036268
1671632152.8993241787 791.19076538667513887 1838.2620895079887759 -777.63808853352963979 -0.071773446888653780196 -0.016649057311909142703 0.011348729485844828019 0.99721742240667043955
1671632152.9997909069 791.55616055929272079 1838.2672459982291002 -777.61709050975844093 -0.070131618011991289641 -0.016696913790913297387 0.0065696956624525038385 0.99737636242482785587
1671632153.0998110771 792.06143809110665188 1838.1444608693097962 -777.58264720360386946 -0.070962692419446429803 -0.016466696866453377213 0.0012473589813902816008 0.9973422623525299846
1671632153.1996536255 792.44789138845465004 1838.1500048826603688 -777.55783844849975139 -0.069038498084825566936 -0.016784050242561087546 -0.0029513694504233354762 0.99746843100822701889
1671632153.2995007038 793.04962477694380141 1838.0033314686529593 -777.51343440924233619 -0.070752904861943785586 -0.017425189444945764911 -0.0072235547138499714079 0.99731550147568681641
1671632153.3993399143 793.45401099378716481 1837.98510104686261 -777.4906735870065404 -0.069303939583531662394 -0.018175915351072158277 -0.010561425482071172197 0.99737408044882513991
1671632153.4994289875 794.0663225865679351 1837.8542266290317002 -777.45085225832553988 -0.070238575826954557924 -0.01906976666976705273 -0.014191376244631785652 0.99724695602706414643
1671632153.5998163223 794.44900864104306493 1837.8402862148702752 -777.43238290294766557 -0.068435727852389119374 -0.019279332870262243932 -0.016728764277642596547 0.99732893617057682967
1671632153.6996490955 795.10636999523774193 1837.7094872952986861 -777.38711316455328415 -0.070914782715098365062 -0.01992729982161845978 -0.019301982991534790551 0.99709649972652314442
1671632153.799731493 795.4950354197235356 1837.6802525249970586 -777.3626666248995889 -0.072468424063290085013 -0.020291734743872552604 -0.021247047985057540553 0.99693787969300684537
1671632153.8995716572 796.1710357412104031 1837.5464617536019887 -777.31508996186778404 -0.07458940109381127781 -0.020311208734797088493 -0.023767521887286782029 0.99672412479458727397
1671632153.9994101524 796.55882378652131592 1837.5295365263361873 -777.28481463651803551 -0.073580363786957342365 -0.020231929580173675653 -0.024975517566944611947 0.99677119872752417695
1671632154.0997955799 797.33045284586546586 1837.4152944485681473 -777.23174779531802869 -0.074209105553592918936 -0.020060066743473582707 -0.026341394311020619595 0.99669289819930728669
1671632154.1996386051 797.74415614978784106 1837.4095237053381879 -777.20333901480057648 -0.07282925523132753598 -0.020152376164339565884 -0.026739202257583791211 0.99678222113960734951
1671632154.299478054 798.54174925846257338 1837.3151694279924868 -777.16050271899143809 -0.07492674176623295712 -0.020235627047015657815 -0.027506613650824539297 0.99660417868468464953
1671632154.3993246555 798.97362038299945652 1837.3138399066945112 -777.13466394805288928 -0.074674000259419157088 -0.020274244790776621561 -0.027353046471420332242 0.99662658981794793878
1671632154.4994211197 799.68756688651160403 1837.216450097781717 -777.10034483841866404 -0.075329495044360983425 -0.020621529267498446558 -0.027735576689770717607 0.9965595604341556113
1671632154.5997917652 800.20135590500240141 1837.1522049536906707 -777.07515135920800731 -0.074185047089850617019 -0.020936277990624072021 -0.0275715420911742011 0.99664339716816019443
1671632154.6996445656 800.70986501726883944 1837.0298808349500632 -777.04208387766459509 -0.074638843686002140365 -0.020937434981756215813 -0.027896208369885665962 0.99660045574351674436
1671632154.7994725704 801.174153546427533 1836.9571686903977934 -777.01848445353039097 -0.074756449176335074136 -0.021328484519804697533 -0.028027223098734385665 0.99657967259020896478
1671632154.8993251324 801.64565934706695316 1836.8505937768943568 -776.98726943773112907 -0.077187388957089736463 -0.021180395889184754771 -0.028448958258878154909 0.99638554515305410852
1671632155.099804163 802.64793934840599832 1836.7619329969645605 -776.93798249920689614 -0.07737058445944172691 -0.02236568930462803223 -0.02843947762145018765 0.99634570542304845553
1671632155.1996495724 803.12829224733127376 1836.6693509660483414 -776.907746573946838 -0.077346432782193413891 -0.022341195243901202511 -0.028479176753096576563 0.99634699619279709637
1671632155.3993752003 804.18947344769435404 1836.5695152535686248 -776.84838855962084381 -0.077898023376646780003 -0.021608911733826861867 -0.028410053611551713132 0.99632214757149673012
1671632155.4997923374 804.72602310640877477 1836.4626084758781417 -776.81414541113815631 -0.079246743854027162923 -0.021532101652686354287 -0.028631553603746660863 0.9962111002820578376
1671632155.6994638443 805.89353633358200568 1836.3363056555033381 -776.75254164917691924 -0.078702352720344967429 -0.02137773415620691092 -0.028611017288563189709 0.99625817027934204795
1671632155.7993085384 806.4717306896819764 1836.2233328685235847 -776.72268719511600921 -0.079024790974513661745 -0.020730732941360598826 -0.028736435247743701699 0.99624270959059002539
1671632155.899740696 807.04337834919374473 1836.1320501433513073 -776.68833380947160094 -0.077987298150919620587 -0.020154222381618382143 -0.028679195717881817568 0.99633794085154026021
1671632155.9997644424 807.61488994390333573 1836.0099206433030758 -776.64842158833710073 -0.079016492262333107299 -0.019484149515485185006 -0.029047533089380826038 0.99625950569599897033
1671632156.0996088982 808.1937984563351165 1835.925854097551337 -776.61132598991332543 -0.079713021446260870495 -0.019935815491228237734 -0.029213230888191631107 0.99619023515274462977
1671632156.1994681358 808.74371796855587036 1835.8255661448456522 -776.57724726597029985 -0.08039186593314515128 -0.021121772864730947034 -0.02951210236611392923 0.99610243168901546618
1671632156.2994842529 809.34084901158269076 1835.758358437996776 -776.54562765283162662 -0.080021144412672717827 -0.022083074998347274054 -0.029540343938873503404 0.99611059743658814103
1671632156.3993165493 809.90315577386968471 1835.6777461106435112 -776.51528078129126698 -0.079607636589515334835 -0.021867061363662562007 -0.030135299099613974128 0.9961306739439994562
1671632156.4998064041 810.49402988777558221 1835.6157698905906273 -776.48361539838435874 -0.079367743561836123778 -0.02104990031304446868 -0.030592409818461351739 0.99615348588468655144
1671632156.5997989178 811.06235129398498884 1835.5209557302009671 -776.44825526044178332 -0.079906289250663509183 -0.020143726454341065457 -0.031323644115764978646 0.99610644237552770086
1671632156.6996335983 811.68866166106295168 1835.4324953426448701 -776.41049567107313578 -0.079985170784940912148 -0.019740844453295807587 -0.031961275313592357739 0.99608792202049267761
1671632156.7994632721 812.25771807610976794 1835.3264012589611411 -776.37849159017957845 -0.079725906049445682822 -0.0193301394812325604 -0.032475200627386423269 0.99610013902039074019
1671632156.8993170261 812.85839998060623657 1835.2420143213296342 -776.34524013985674173 -0.078437263694240214051 -0.019120431697474064847 -0.032620129870820663287 0.99620175259988030803
1671632156.9997823238 813.44510185341562192 1835.1211495766035569 -776.31176191817496601 -0.079569894020967479875 -0.018434807939795877507 -0.032923157327513684345 0.9961148806906271469
1671632157.0997917652 814.04982714725269943 1835.0309531621107908 -776.27903588527112788 -0.079801827195807834014 -0.018554098130764789393 -0.032652981426787519581 0.99610300502644122389
1671632157.299475193 815.21489913504001379 1834.7478031907066907 -776.20014871414946356 -0.079820097841694637175 -0.019826850316597789681 -0.032688066806503490724 0.99607586973860562374
1671632157.8993453979 819.34160016359453493 1834.2560217400005058 -775.96922828513879722 -0.085759143107532118111 -0.016853714280306617002 -0.03336326861015086187 0.99561449065191220953
1671632157.9998152256 820.00281384071354296 1834.1916966776393565 -775.93071579027468943 -0.08508049302716254314 -0.017239932676278883067 -0.033234718993926604114 0.99567040122771921506
1671632158.0996677876 820.70887807697044991 1834.0797844784340214 -775.89686273947484096 -0.084579069479052526592 -0.017379056091472583345 -0.033626477089966355649 0.99569754918546649058
1671632158.19952631 821.38123198507014422 1833.9306108661844519 -775.86045217531170692 -0.082160974055105959191 -0.015919188784518156082 -0.034812326846315189144 0.99588365568991255028
1671632158.2993514538 822.08159894314769645 1833.7638889852896682 -775.82650073304944272 -0.078746221608893371413 -0.013844378732215261579 -0.035766667835030102607 0.99615667002325547497
1671632158.399749279 822.76011898032447789 1833.5535997909512389 -775.77357336493389539 -0.08334682125792337859 -0.016425434251796350305 -0.036750428518445531212 0.99570724537865562542
1671632158.4995815754 823.45174030177622626 1833.3971918090342115 -775.71918001761139294 -0.087313628043102872733 -0.022279598541141022033 -0.036096414726455035293 0.99527734762260733348
1671632158.5994231701 824.12608462497018991 1833.1722885255398978 -775.66360172140991835 -0.085440248964581314017 -0.026811053887253098738 -0.035300311953957885791 0.99535672963128085655
1671632158.752966404 825.29708210749811315 1832.9573341176417216 -775.59074103054240368 -0.083024300425108221724 -0.023747271616009771322 -0.037057356312559852629 0.99557510262804427281
1671632158.8993360996 826.36213518720944649 1832.6149482122789323 -775.49966103224369363 -0.088905995351145475358 -0.017487322736196495715 -0.038886045312843425803 0.99512702355732940429
1671632158.9997997284 827.1256064015518632 1832.424788252145845 -775.44375975803268375 -0.090045947240852339255 -0.017458721718200880674 -0.039044056855869639644 0.9950188350205737553
1671632159.0998156071 827.84559708778022014 1832.1626242037445991 -775.38201647910739212 -0.091566995833558345597 -0.018268819273701150663 -0.039541452982286201534 0.99484582172938318401
1671632159.1996634007 828.59344178762444244 1832.0130829253027969 -775.33117077955012064 -0.090881098130096205079 -0.019145426010938802058 -0.039736146838359916178 0.99488447434863902519
1671632159.2995228767 829.33076845655921261 1831.7485698412754118 -775.27622792727765955 -0.093866004323415269672 -0.018730592288497778519 -0.040687068128660526523 0.99457674446569110938
1671632159.3993759155 830.10426603211749352 1831.6088650875956318 -775.22770431175717931 -0.095028241232232815716 -0.018530327653895312112 -0.041075807466899177944 0.99445414090660344542
1671632159.4997825623 830.85487835386732058 1831.3276171837862876 -775.16020285364652409 -0.098403533192439995858 -0.018808212330101537618 -0.041822017777072000022 0.99408949025389270471
1671632159.5996172428 831.61511832166900149 1831.165803393701708 -775.10054512644546776 -0.097829096607774682082 -0.019217584754167162109 -0.042065510077333334582 0.99412808287215037595
1671632159.699464798 832.35373132355232428 1830.7627432695717289 -775.01285211379138218 -0.10050380312794912618 -0.019781668835291432024 -0.042671453876815777784 0.99382433968933792112
1671632159.7992999554 833.09726907921060501 1830.5308634865609747 -774.94363869722087657 -0.10011069573257749821 -0.019912249688913911949 -0.043217312267544494286 0.99383782119248975651
1671632159.8997781277 833.7901524304782015 1829.9770917801670294 -774.83624863126237869 -0.10055989261916370436 -0.018245293443904273684 -0.044730109386363549329 0.99375753309237946365
1671632159.9997780323 834.49806088025343342 1829.6782198484136188 -774.76083560107156245 -0.10246947054902028063 -0.016706715641853338294 -0.04602331249318815376 0.99353044642075272197
1671632160.0996229649 835.10838554926988309 1829.0024274352915654 -774.63386318395214403 -0.11131958122886326246 -0.016650099002176121932 -0.047264969879609881886 0.99252040163440891085
1671632160.1994709969 835.80620848960415969 1828.6606815921734324 -774.53873802550765504 -0.11011707962502341462 -0.017744727006105069644 -0.047038715430370033055 0.99264631802520464365
1671632160.2993071079 836.42291685069426421 1827.9541824912412267 -774.39312311769299413 -0.11086277447855158451 -0.018456498445014721255 -0.046762703842360441031 0.99256337451541010175
1671632160.3998010159 837.1379957750397125 1827.6168850593744537 -774.28543301664876708 -0.11424282718264890113 -0.016840930307686009099 -0.047864129442538871917 0.99215622994385066491
1671632160.4998054504 837.738719130464915 1827.0631302967024112 -774.13426633316453263 -0.12347657836648037732 -0.015649480131046260983 -0.047132650881257669162 0.99110400139815812981
1671632160.5996441841 838.408366449882692 1826.789050630418842 -774.03296522038340299 -0.12619421534920760575 -0.017142935343598571241 -0.046130210866962416405 0.99078410535573935292
1671632160.6994760036 838.92393019906091922 1826.2698061076484919 -773.86114662554655297 -0.13331999466729735349 -0.019291170159527724209 -0.044114227326644050997 0.98990280569516575504
1671632160.7993168831 839.5764581069538508 1826.0020019809871883 -773.75260023895395989 -0.13573372126583896358 -0.020325152687110343425 -0.043067428334432049375 0.98960014232832027581
1671632160.8998045921 839.94166356290668318 1825.584576230469338 -773.5984759936447972 -0.1421047090633413279 -0.020783577942695946605 -0.04059526252642917804 0.98880044458441340716
1671632160.999784708 840.51310943941166443 1825.3777062930228112 -773.49525152211208479 -0.14473690262589131161 -0.020608444124730566221 -0.039441365517017892839 0.98846896751247281809
1671632161.0996358395 840.88376868918726359 1825.073880395647393 -773.34803575828118483 -0.14908346345225462204 -0.020118964583339858654 -0.036828026011544605367 0.98793372484659502941
1671632161.1994965076 841.46318947779025166 1824.9396356143963658 -773.24505989435147058 -0.15097616955072196143 -0.019361986525055538411 -0.036140651414021611465 0.98768677374001800917
1671632161.2993211746 841.83791211717880287 1824.767534558672196 -773.11761522860160767 -0.15324234087327451292 -0.019370838694507987177 -0.034687301305919807093 0.98738966305104858279
1671632161.3994479179 842.48052875055293498 1824.6768101025479609 -773.02341653516498354 -0.15371135942423033716 -0.020128051762996236607 -0.034426436060166210051 0.9873107413658461784
1671632161.4998004436 842.91991370042342169 1824.5471915654279655 -772.90468924930473804 -0.15900678187742672831 -0.020339992176245949573 -0.033192015205820435408 0.9865097151887716187
1671632161.5996453762 843.53162021894843292 1824.4754048237296047 -772.83294719775722115 -0.1596950330612760538 -0.018621328386414701811 -0.033220029050648809676 0.98643153447898102026
1671632161.6997828484 843.83649572462627475 1824.3617538135013092 -772.74269078421389167 -0.16217576498992131162 -0.016000035138843713561 -0.03256507542015495138 0.98609458774925295987
1671632161.7996115685 844.40906191009878512 1824.2684531022596275 -772.66361926018828399 -0.16154334291844824056 -0.015062088163782147085 -0.032961752775642665092 0.98619998210952986017
1671632161.8994543552 844.53994777245554815 1824.2098402363117202 -772.57664652765583924 -0.16389244846196110439 -0.017831675280858647059 -0.031910905706315141617 0.98580068512393725921
1671632161.99979496 845.02914745726070578 1824.1534447993469712 -772.50136339661730744 -0.16572119463436960074 -0.020844593976804957902 -0.03158089303704420675 0.9854464144467125486
1671632162.0996415615 845.11020015199017053 1824.1173483822146864 -772.41523160137944615 -0.16990462392297447924 -0.022981819460163043639 -0.029747999909031635352 0.98474327174411568908
1671632162.1997628212 845.56867323562335059 1824.0708120312388019 -772.35265895819406978 -0.16949324520141648143 -0.02287770422818626026 -0.029049600381326052406 0.98483743389354660991
1671632162.2996320724 845.45323249967384527 1824.0493255062740445 -772.28725092441879951 -0.17176707593573373178 -0.021687868043318146716 -0.027786458650374514651 0.98450679059105239421
1671632162.3994801044 845.78210573321598531 1824.0197622290420441 -772.22759476994474426 -0.17240984119898744575 -0.020605425726957039834 -0.02754299062247696564 0.98442452567777960493
1671632162.4994401932 845.73326301241218061 1824.0053424114689733 -772.16933711154331377 -0.17524683836376664381 -0.020017215055497371984 -0.026811696193510099751 0.98395578645188763733
1671632162.5992765427 846.07769630206871625 1823.9817935052935809 -772.11667535931871953 -0.17679420138389373429 -0.020142624617987572172 -0.026414211339850755117 0.98368713241041427775
1671632162.6998090744 845.84146919531417552 1824.0161010329027249 -772.10066917586402724 -0.17900194777212855013 -0.019952358742743935699 -0.025315532172459281196 0.9833205631457171414
1671632162.8995871544 846.1867442045977441 1824.0370297293850399 -772.04325271224763583 -0.17916498265737423878 -0.018865319643304855751 -0.024475384404567597507 0.98333359764750627452
1671632162.9994261265 845.77341702161083958 1824.0730386949308013 -772.03403657688090789 -0.18019812842941698716 -0.017584470121328129449 -0.023854442697239908178 0.98318380096739377283
1671632163.0992562771 845.94123492375319984 1824.0745466703649527 -772.00967974894808776 -0.1797074245597480302 -0.016853083346005260507 -0.023139790911577157867 0.98330349598504096509
1671632163.1997654438 845.49397162306127029 1824.0962201820241262 -772.0013701275411222 -0.18194005305036348163 -0.016373514918041804506 -0.021881192466270692892 0.98292977293472671985
1671632163.2996323109 845.51784392775778088 1824.1077298876516579 -771.97928572021430682 -0.1820736369501324281 -0.016150428089817023269 -0.020981803005029463216 0.98292833835581583379
1671632163.3994629383 844.94599681800752933 1824.1353500322120453 -771.97292957812146597 -0.18431994802021173241 -0.016303261874467810111 -0.019707878604290945262 0.98253343960142025537
1671632163.4994595051 844.96919416336345421 1824.1455800829794498 -771.96419186205150709 -0.18379983532425994697 -0.015747267339825218868 -0.019152693967168794853 0.98265091381421054706
1671632163.599303484 844.37628288262772003 1824.1471223473345162 -771.9572053778629197 -0.18549414828802485156 -0.015082393375778171962 -0.018191053063307850712 0.98236120034812368651
1671632163.6997992992 844.40684758346947092 1824.1365137225438957 -771.93877553848426487 -0.18625722553102078138 -0.015644908452852757802 -0.017335765098565887599 0.9822234745847994164
1671632163.7997846603 843.83180208841361036 1824.162439934719032 -771.92425119352560614 -0.18943651367408123609 -0.0168814878809670256 -0.016353329142582095218 0.98161162955615421932
1671632163.9994590282 843.15778154529823496 1824.2081210578708124 -771.92949098467897784 -0.19114657830857856302 -0.0177186100668226508 -0.01520272976671729892 0.98128380882691756959
1671632164.1998007298 841.42890987703492556 1824.3072841975640586 -771.98368754323473695 -0.19652511591432947347 -0.017355535653606167512 -0.014074489910923977665 0.98024413945240362889
1671632164.399627924 840.0077122858514258 1824.414940067822954 -772.05249344279081924 -0.19592854711813947888 -0.016084092500152372129 -0.013402978388250814598 0.9803946483753090968
1671632164.4994752407 838.82668068495570424 1824.429497219271525 -772.11148039940201215 -0.19811766639645830845 -0.015297215083436871419 -0.012567008726615900432 0.97997829351673804155
1671632164.5993077755 838.35468332863683827 1824.471934822132198 -772.14207913213783741 -0.19647080382585752067 -0.014016766558256128772 -0.012605150400174451597 0.98032844683945674635
1671632164.6998169422 837.02166332488957323 1824.5405110438482552 -772.19399070311669675 -0.19837982805435419587 -0.013485766297098258915 -0.011242645977247093039 0.97996794888401084211
1671632164.799775362 836.27442005620184773 1824.6076226959710311 -772.23989864306713571 -0.19818730130406558843 -0.013154095747076067005 -0.010810427665035007155 0.98001627436516980385
1671632164.9994494915 834.08789117922356127 1824.8508247525642219 -772.42996675309473176 -0.19881545642210979308 -0.014878788776902580893 -0.0082312399971081837841 0.97988942366999298716
1671632165.0992889404 833.41216095364052308 1824.9292799060922334 -772.49523925664436774 -0.19829378263482694278 -0.015040888825958801875 -0.0084166056269640576737 0.97999107556212849968
1671632165.1994345188 832.15210133287996541 1825.0477555979359749 -772.5896779171067692 -0.19890917858367812565 -0.015721606338827995991 -0.007185513086871777276 0.97986546942474295196
1671632165.299810648 831.42025525883741466 1825.1617464170449239 -772.64508014333148367 -0.19854321929740714747 -0.014221034527339287273 -0.007513113416992413772 0.97996015499344535371
1671632165.399664402 830.44254535068694167 1825.2221894626998164 -772.71274040182822773 -0.20041940921081205507 -0.01206520483626351975 -0.0073067917224038173019 0.97960864738862607481
1671632165.4997673035 829.78294893900476836 1825.2803223471964884 -772.75971591218603862 -0.20009040887322926405 -0.010445786407361077469 -0.0078514169357802744004 0.9796902924268345858
1671632165.5996165276 828.69298919123707492 1825.3255845549042533 -772.79752131812358584 -0.20207454514487135921 -0.011946238334249858343 -0.0068112788186255679782 0.97927359408645842098
1671632165.6994521618 827.98295924317073968 1825.3873947844938357 -772.82840706169315581 -0.20286324339838565645 -0.01220475916090209105 -0.006723808930370780805 0.97910793006960150642
1671632165.7994227409 826.91196376208972652 1825.4930360500698043 -772.88450489862691484 -0.20439380396818940255 -0.01290845806304046807 -0.0060026125664207792554 0.97878522324983296965
1671632165.8992614746 826.16392136930414836 1825.58249491647166 -772.95140117478467801 -0.20304253214767067903 -0.012026180413672432276 -0.0066713496712322998064 0.97907333444297428571
1671632165.9997551441 825.15746018448510313 1825.6565680387077464 -773.00214873210472888 -0.20418564864482377508 -0.011993600431997002501 -0.0056893315557513222946 0.97884217621770819306
1671632166.0995898247 824.4917779004329077 1825.754102285487761 -773.03199299365280694 -0.2041233629909665892 -0.010443317248757959248 -0.0062791057325092399996 0.97886932868350717829
1671632166.1994276047 823.50282915948264417 1825.8607172307308701 -773.07397010826389305 -0.20548219244940282846 -0.010436144737721820761 -0.0051147925699288445192 0.97859184258104581211
1671632166.29946208 822.87439247255565533 1825.9696716823330007 -773.10155783412926667 -0.20385214579395463663 -0.0091791567259983143645 -0.005815942656643197442 0.97894137748284737466
1671632166.3993031979 821.98058621799350476 1826.064282897387784 -773.15953099183218455 -0.2035964353477537625 -0.0094531067912009564963 -0.0052300262721367250796 0.97899528962650039787
1671632166.4997544289 821.3853927159406112 1826.160060329003727 -773.20319674258882969 -0.20216583010624430972 -0.0085925465220444904868 -0.0062277071568092624843 0.97929380726383075118
1671632166.5997877121 820.53095458372399662 1826.2115117066282437 -773.25703280447794441 -0.20386221999012363315 -0.0082522150813257120344 -0.0057752879168990536862 0.97894777299732749221
1671632166.6996238232 820.03165786289343941 1826.2759018027966249 -773.29164614360900032 -0.20247282398164132 -0.0078338195015456527776 -0.0064244964599240025546 0.97923547355380902157
1671632166.8994915485 818.60505876217814603 1826.3687102768901696 -773.34833084329488884 -0.20559651551027907646 -0.0087840674970019200912 -0.0057910226199136532327 0.97858028644830918896
1671632166.9993281364 818.29743233079227593 1826.3925573508979596 -773.34843617142462335 -0.20646799773006255241 -0.009209939378264010712 -0.0057360150089298695547 0.97839319348705877655
1671632167.1998064518 817.04339226461149792 1826.4497952767887909 -773.37025242470963349 -0.20825294732892826732 -0.009219551898795015285 -0.0041412745721062620141 0.97802278073494686161
1671632167.2996602058 816.70119624793778712 1826.4940983814899482 -773.38624831105232715 -0.20695459327344439826 -0.0083741530544778671613 -0.0043536912003008625127 0.97830502158405374669
1671632167.3994860649 816.14326006335363672 1826.4958055533825245 -773.36784254078179401 -0.20983919098384562485 -0.008213984643749512593 -0.0037892418199152013217 0.977694065661619649
1671632167.4993298054 815.89391556947248318 1826.5172910192400195 -773.36266008758798307 -0.20890351081098421093 -0.0072177312675795026256 -0.0041811381240089585259 0.97790068289687892555
1671632167.5997929573 815.51050977655211227 1826.4698375371638122 -773.34215060319252188 -0.21164140663621675009 -0.0081555757150121813842 -0.0031167670220825435812 0.97730838906924877296
1671632167.6997933388 815.41254134704490752 1826.4725484551661339 -773.34098052929903133 -0.21085382764162813318 -0.0085978389252149393929 -0.0036582942145307506716 0.97747294459648870202
1671632167.9993059635 814.35128873961764384 1826.5149637603685733 -773.38039082122554646 -0.21179525502755416899 -0.0088855667760672375072 -0.003280772830467688049 0.97726815827617974364
1671632168.0997991562 813.9283298586805131 1826.5482277525343306 -773.42031907195030271 -0.21074975583867686102 -0.010856821212189331216 -0.0014691282988628234785 0.97747865015515633669
1671632168.1997921467 813.62805055495550732 1826.4983708482366183 -773.4003130478500907 -0.21343847152646269749 -0.011614204011260903168 0.000545935718194879324 0.97688731749973256591
1671632168.2996475697 813.57082286985041719 1826.5039260517226012 -773.3958612250984288 -0.21507625605311050943 -0.0084425400976439884948 0.00024435656094065730292 0.97656073435744294997
1671632168.3994851112 813.33452688621866855 1826.4170483872399018 -773.32894739331084111 -0.21984403174291208827 -0.0068785041332460250194 0.00013839656678157262427 0.9755107732538381704
1671632168.4993138313 813.3426057600167951 1826.3989695965601641 -773.29038727599061076 -0.22055167760562813251 -0.0055518844747706403223 -0.00049627681959807682863 0.97535936341096374225
1671632168.5998241901 813.28016007679195809 1826.3457591840485748 -773.24343326727523618 -0.2220310612479913237 -0.0073316353784913445776 -0.00065653293313801708731 0.97501180707121470892
1671632168.7996370792 813.37100728454413456 1826.357049930780704 -773.18955196251238249 -0.22306128625817867039 -0.009070169229656123433 -0.0015945728085999192735 0.97476092040076689482
1671632168.8994870186 813.37746762945380397 1826.3380788882736852 -773.1732097792262266 -0.22338202765094800073 -0.0087796668401765795564 -0.00092557192140623053504 0.97469099230953448743
1671632168.9993314743 813.56228788450562206 1826.3612036801512204 -773.1784383523258839 -0.22146828455447672979 -0.0075882989230646241338 -0.00050065846912548299733 0.97513792152548806058
1671632169.0998220444 813.65225744738597768 1826.3624066107902308 -773.17271907914653184 -0.22107829364199463318 -0.0076391377434196858914 -0.00021739553386475711787 0.97522611962255345563
1671632169.1998021603 813.90837074135572493 1826.3875619369464403 -773.15227468546754608 -0.22022843136208344883 -0.0087371917167654924996 0.00018624771487830827743 0.97540917814653005369
1671632169.2996547222 814.06252053308890027 1826.3511528846652254 -773.12438359995906012 -0.22156894307872973537 -0.01051487317146919398 0.00096972318442511593831 0.97508753481013599185
1671632169.3995008469 814.401862099586765 1826.362829710812548 -773.11098646399955214 -0.22106831412505661971 -0.01077747480019655528 0.001345922506361331818 0.97519784403957932017
1671632169.4993457794 814.52090892209071171 1826.3183245518348485 -773.08738020352052445 -0.2222846188933524092 -0.010245285981019485941 0.0014658445241901225161 0.97492688629375434672
1671632169.6998221874 815.30088540915107842 1826.3263373648014749 -773.05121811890694516 -0.22309832893777323259 -0.0074710640164899061455 0.0012380735287915054996 0.97476652897069260284
1671632169.7996747494 815.59253555409031833 1826.2778325381545983 -773.06193999248785076 -0.22449212988115291312 -0.0070543928490983181731 0.0015506100112325522239 0.97444913400933719227
1671632169.8997662067 816.02832279946164817 1826.2683343681026145 -773.04269792703291841 -0.22271171013333496136 -0.0066364397724269375695 0.0015313494454636019781 0.97486055762119527834
1671632169.9996070862 816.37473587138197217 1826.241314394853589 -773.02309314360422832 -0.22146083475125469264 -0.0062187462467463124408 0.0010910266166216976442 0.97514882737319530381
1671632170.0994446278 816.86327402142217124 1826.2461368888280049 -773.01007735325276826 -0.22188533193051185322 -0.0056754024292107983773 0.00072750223866342451483 0.97505597789144704546
1671632170.1994376183 817.17726856800436508 1826.2057286337351343 -772.98412452880063483 -0.22372007383389866386 -0.0062704419104467968085 0.0013542103698582364912 0.97463232874570537856
1671632170.299277544 817.64433361337648876 1826.1914139351674748 -772.96198573356764427 -0.22141176826377456655 -0.0084751524476592322854 0.002687139394940519805 0.97513987711874894337
1671632170.3997755051 817.99926107663725361 1826.1316986658644055 -772.92467676018350176 -0.22141976536529942021 -0.0093857460291216464332 0.0028889744035647557142 0.97512914483362078677
1671632170.4997594357 818.49291299475407868 1826.1235883058100171 -772.89376167517775684 -0.22068935876534281904 -0.0095360989969314729348 0.0026824539595448342218 0.97529383991924090136
1671632170.599578619 818.89395732257298732 1826.0781685137715158 -772.86407698334073757 -0.22215091583144641607 -0.0086260897768583241763 0.0023425327173941679765 0.9749713194298994523
1671632170.699416399 819.43792194860827749 1826.0607422455548203 -772.83327872320433016 -0.22016535959217053975 -0.0066182132797024326165 0.0023257946221066851285 0.97543734005214832727
1671632170.7992455959 819.84796166425712727 1826.0543695115591163 -772.81785877469951629 -0.22066420624376856252 -0.0068579840550706955282 0.0028768186750269581116 0.97532148548661590226
1671632170.9996426105 821.01198154077439995 1826.0735252643937656 -772.78053039193025597 -0.22234693138379665878 -0.010297301217456597891 0.0049993317936009281158 0.97490041254143688931
1671632171.0994832516 821.37969627446773302 1826.0291403229309708 -772.7965117344143664 -0.21986915811378984764 -0.01093376993258036306 0.0054853392875287140459 0.97545267288489978519
1671632171.2993102074 822.65025383677743775 1825.9911258505674141 -772.74271254677512388 -0.22210230300589839381 -0.0070227420345373523652 0.0042990326930557182239 0.97498859809317595104
1671632171.3998296261 823.17121559276301923 1825.9667459590584713 -772.72996188077217994 -0.22400229433652241173 -0.0067592110219085307574 0.0043681015013291180776 0.97455538831182353388
1671632171.4998042583 823.80461325456712984 1825.9860395384257572 -772.71374655475369764 -0.22441439148060893238 -0.007105303923984061451 0.0049563040690239366579 0.97445529943785069715
1671632171.5996611118 824.40810117826072201 1825.8958373707539522 -772.68206320500223683 -0.22652274790444323904 -0.0084551571477068342142 0.0059454133944313114837 0.97395102908667685604
1671632171.699505806 825.0910525972897176 1825.8609061576764816 -772.64160189094093312 -0.22724371739878618248 -0.0091539254024557096395 0.0064942494286660866834 0.9737732401729188858
1671632171.7993416786 825.74858381045817168 1825.7597480428512426 -772.6065069421009639 -0.2299416332079754488 -0.0081878535240467609918 0.00647398214195066702 0.97314844290454649567
1671632171.899810791 826.48222543545466579 1825.7211451835416938 -772.55603636007322166 -0.23034275507326540389 -0.0071284930055044012573 0.0060388645180710163324 0.97306471104858238697
1671632171.9998204708 827.12832447740800035 1825.6466874428224401 -772.5094565438716927 -0.23150593155666124301 -0.0069394372393519589484 0.0057977813786271488461 0.97279146459864096474
1671632172.0996565819 827.85416468074254226 1825.6236624483588002 -772.46956319628611709 -0.23067100513365984549 -0.0068973153564948963198 0.006005146362768558517 0.97298882452403445686
1671632172.199505806 828.43000689102041179 1825.5503415704381496 -772.41746781610299877 -0.23133754303950748721 -0.0073610419914062526908 0.0063214744945603662876 0.97282516168192301187
1671632172.2993440628 829.12806651501830402 1825.5195050883799013 -772.37584085677940493 -0.23031217522530611497 -0.0075021403918747271364 0.0067236565968503214999 0.97306464958629346196
1671632172.3998351097 829.65678533684581453 1825.4651934748626445 -772.32412987829536632 -0.23063285431749933063 -0.0078471035511499601101 0.0068405424570617536992 0.97298515736578139457
1671632172.499669075 830.32016683347774233 1825.4342939707930782 -772.28434269140325341 -0.2290091763251303203 -0.0076349293810662145418 0.006823357878000284836 0.97337040575492128625
1671632172.5995225906 830.83843549887035351 1825.3994518025961042 -772.23051681040760741 -0.23037409867514238582 -0.0075453717617217043109 0.0068286516274041206623 0.97304892556414901428
1671632172.6993541718 831.48257225010854654 1825.4007569819441414 -772.20044451494061377 -0.23009006317611874204 -0.0065972222695607997053 0.0065867095500809873243 0.97312468612364300125
1671632172.7997274399 831.86948489078201874 1825.3743891817096028 -772.16909610626225913 -0.22966134361719001133 -0.0070277550658231361172 0.0066586713123859596689 0.97322245144829822028
1671632172.8995702267 832.48680246716548936 1825.3516055831280482 -772.13514139855396934 -0.22812752710822781221 -0.0075088763269451110072 0.0067692610331608433702 0.97357877198347775316
1671632172.9994177818 832.82473205419432816 1825.3322264235466719 -772.10415953506230835 -0.22802669608387107769 -0.008098333060251212967 0.0071576832490872549161 0.97359489031384338631
1671632173.0992529392 833.38288537060259387 1825.3171805512606625 -772.07768121838489606 -0.22713739749390635114 -0.007613712652792948947 0.0073033411252800897739 0.97380557363764574941
1671632173.199808836 833.67568367798594409 1825.2894905714954348 -772.07005273825825498 -0.22621434954395236439 -0.0060411770249007004305 0.0073555715832456410042 0.97403104047419575284
1671632173.2996566296 834.2194952146887772 1825.289678536995325 -772.05212451848422006 -0.22523047140821197964 -0.0052425255733588764853 0.007417513361558634305 0.97426317346514657025
1671632173.3994991779 834.3419426167832853 1825.2521773125699838 -772.0596153222089697 -0.22249776311111496563 -0.0048862713581857191228 0.0067677770082595622991 0.97489746484290884521
1671632173.4994356632 834.81115274928231429 1825.242707637091371 -772.03916331337507017 -0.2242320736613905019 -0.0062191479030651707766 0.0073462333321382498191 0.97448824117928811717
1671632173.599275589 834.82845010848166112 1825.2212715569089596 -772.06126596684543983 -0.22543465329219117277 -0.00754779577656047862 0.007742741309367616627 0.9741982846581908051
1671632173.6994435787 835.24398226653420352 1825.1882285578105893 -772.04976766940296784 -0.22548527339820079174 -0.0077021774314705608241 0.0083709864457568085999 0.97418016533353724018
1671632173.7997550964 835.24072650386392525 1825.1225362770999254 -772.04742256108772835 -0.22663594541467754762 -0.006736766500919801233 0.0077938263683188348588 0.97392505897201742115
1671632173.8995933533 835.62764632975256518 1825.1070209406982485 -772.0261661947599805 -0.22815473049220030832 -0.005508190758345812843 0.0065822081392527681531 0.97358705482592189373
1671632173.9997606277 835.58140102838365237 1825.0569413162579622 -772.02998929954185314 -0.23021947642552442748 -0.0049385094558135446755 0.0060436310238834046321 0.97310743411134170699
1671632174.1994745731 836.33215455518120507 1825.0258561509165247 -772.03056355594708293 -0.2320049818908819228 -0.0043589929959030465634 0.0053569627002804029448 0.97269007937189411184
1671632174.3997139931 836.22944067910839294 1824.9900594563589493 -772.07773650413071209 -0.23088802463230093109 -0.0043443379814600844094 0.0043430754539814774712 0.97296093678240669345
1671632174.4997925758 836.45883316608353653 1824.9840310789686555 -772.09051071509065878 -0.22910990092775954108 -0.0042841562531758135488 0.0030086269498387514104 0.97338648411920491998
1671632174.5996332169 836.29948800330112135 1824.9643086210146521 -772.09794713218332163 -0.23012070468496650943 -0.0029833094842211800406 0.0031122226339636944667 0.97315254467636902458
1671632174.6994702816 836.603069750577788 1824.9622706202271729 -772.09532715811963044 -0.22958734815765102777 -0.001065602589286421438 0.0031229034452736575793 0.97328246749395985749
1671632174.8993365765 836.40894351072643076 1824.9786960761932733 -772.15048947822322134 -0.22680333840654998134 -0.00074726601019257574404 0.0036059000904240115851 0.9739336141471308661
1671632174.999765873 836.61807972003339273 1824.9794862878541153 -772.15596452210786538 -0.22617800712501939797 -0.00076678674574187286311 0.0036089012936306149107 0.97407899934373609607
1671632175.0998251438 836.19153088833832044 1824.9697233661888731 -772.1987991280635697 -0.222647579889386521 -0.0007134561140307180355 0.0037265836624686492738 0.97489161383406097716
1671632175.1996626854 836.36458947785263263 1824.9449438839064896 -772.18397174535630256 -0.22088016715871075513 -1.7876041686011460622e-05 0.0037262345776896666459 0.97529383603725228191
1671632175.2994549274 836.00554060462923189 1824.940489607264908 -772.2025235567106165 -0.2187261276171457991 -0.00047646885760391270931 0.0038214512689686516191 0.9757786893477612411
1671632175.4997804165 836.13528174140014926 1824.9251156758682555 -772.22180680506505723 -0.2180904628833325587 8.6601236723571551257e-05 0.003953888067986903454 0.97592054454689391996
1671632175.5997641087 835.58342861110259037 1824.9477734559379769 -772.2534936488468702 -0.21778747509748866418 0.00038857900569377445271 0.0044461150837952637463 0.97598601258300765604
1671632175.6996123791 835.69578430931926505 1824.9699961855531001 -772.28239859594134487 -0.21780192475970697186 -9.3121522120726785642e-05 0.005084645651934931003 0.97597974327234027214
1671632175.9997668266 834.55502962680282053 1825.0621177994669324 -772.42034759303214742 -0.21414142200953609207 -0.0010366857495399544892 0.0050859017649816729359 0.97678887701776573316
1671632176.0997765064 833.77922661616617006 1825.1253537504228461 -772.4987811272384306 -0.21427242764275480913 -0.001895205671501631493 0.0053279061209630940166 0.97675756887976517007
1671632176.1996264458 833.02926647054471232 1825.1402689661274508 -772.56506978875449931 -0.21611483060090175279 -0.003546387601225009685 0.0059375257784864193464 0.97634345848013703861
1671632176.2995426655 832.8600491962340584 1825.1506783916406675 -772.57868679454099947 -0.21851396722711574627 -0.0038905310915980932836 0.0052888440922357650431 0.97581173287815148321
1671632176.3993763924 832.22898885186839379 1825.1479267014040033 -772.63805309543670319 -0.22052859457837700741 -0.0037182046847518317526 0.0038910013895745911711 0.97536566170610849991
1671632176.4997954369 832.12497690023258201 1825.1464286794409873 -772.64623192704618759 -0.22097787127049625666 -0.0024804320562137201732 0.0024783231381567696026 0.97527251872489351125
1671632176.5996284485 831.7426113293954586 1825.1269386007531921 -772.65960954196032162 -0.22365904511179243719 -0.0017473041086597041523 0.0017194450898895114171 0.97466436375637321987
1671632176.6994643211 831.7561769261981226 1825.121488263042238 -772.64517310890425961 -0.22488951659723513399 9.462391428512065359e-06 0.0012946720975146124542 0.97438340967982672858
1671632176.7992978096 831.45897642808131422 1825.1253954587159569 -772.65484803984293194 -0.22692471132824390545 0.0012179787404761118364 0.0012786523859224724949 0.97391070276717728316
1671632176.9997808933 831.2560519407151105 1825.0523876860993369 -772.59642734151179866 -0.22695526632706453096 0.0023925539861793351966 0.0023230254356555539962 0.97389947444521196562
1671632177.0996060371 831.0065536797688992 1824.9986703612157726 -772.58168079767585823 -0.22875723065192504757 0.0030488514790699195768 0.0030833704895922736146 0.97347384492627486718
1671632177.199452877 831.14980210363557944 1824.9899859636843757 -772.55108638700949086 -0.23123377324624105889 0.0042869859063261470458 0.0029405425055001421612 0.9728843287215178659
1671632177.2992861271 830.9082397398261719 1824.8896102344044721 -772.52509342930829916 -0.23329162935773126164 0.0060059408263370426054 0.0030166479439194104212 0.9723835890128894599
1671632177.3997619152 831.15145991034319195 1824.8422885482500533 -772.49536719362129134 -0.23336324922765105949 0.0062605678556879353069 0.0029660347229772082538 0.97236495300790215524
1671632177.4997799397 830.92349967731547622 1824.7481495074086979 -772.47456538668598114 -0.23383948375883473192 0.0070393674947505924244 0.0028382246237981722733 0.97224559017856215792
1671632177.5996363163 831.11867169535923949 1824.7395702485684978 -772.46266271210799914 -0.23427807970621469802 0.0070558466794252627449 0.0028047749939800795636 0.97213997430104603925
1671632177.8997480869 830.58888335403491965 1824.6611378918084938 -772.38778769324619589 -0.23563441599739465282 0.0056981425864697111267 0.0018886099894047166537 0.97182322791798858574
1671632178.0996351242 830.33186570294708417 1824.6319993008244182 -772.33809616447501867 -0.23482989285564323523 0.0052540642995449957087 0.0013351592471246911953 0.97202136477524425651
1671632178.199505806 830.14059997151036896 1824.5985530015750555 -772.30751969448567706 -0.23647107262282848761 0.0054497731328820965893 0.00070178187961717755292 0.97162299236257387847
1671632178.2993478775 830.45952413818679361 1824.6170766396471663 -772.29104730737833506 -0.23865557839953988051 0.0051206530642781645721 0.00079666627215618410988 0.97109044848244041592
1671632178.3997926712 830.44865395047474976 1824.5884270856731746 -772.23705264580360108 -0.23939226384362011224 0.0056441685747747891502 0.00033935259994418868817 0.97090646934333446616
1671632178.4996414185 830.77501640580044295 1824.5886677831115321 -772.20702790888708478 -0.23941367183068701374 0.0061717106928128413409 0.00063919898291123721217 0.97089782940963065272
1671632178.5994813442 830.50603154791372162 1824.5519556980941616 -772.17995340943775773 -0.24205666131388994811 0.0068670477700230464491 -4.1566505439064782752e-05 0.97023781344612758382
1671632178.6993288994 830.80090560846440439 1824.5266288340419578 -772.14182724765146304 -0.24323257681674140263 0.0073029137623000133298 -0.00063369190439599030942 0.96994029685349136827
1671632178.8997957706 830.75784428087740707 1824.4924605797039021 -772.01818293843450647 -0.24689480578474154449 0.0070422193878794028116 -0.0013112342428944633206 0.9690158113711913046
1671632178.9996263981 831.06397295696388028 1824.4799817468008314 -771.96280440669204381 -0.24920344745897532457 0.0058205369027400149715 -0.0012983240488879570565 0.96843279450842123524
1671632179.0994706154 830.95561915605776449 1824.4435351525405622 -771.89778736731568642 -0.25158400849617174044 0.004244830263389859186 -0.0011331101948370871091 0.96782549261027417398
1671632179.1993050575 831.25262892590535557 1824.4324464249825724 -771.85400313520426607 -0.25129938750805930203 0.0039205657082021618323 -0.0012670705730735882816 0.967900636188842034
1671632179.2997694016 831.20363264707896178 1824.3847952634578178 -771.77886945590432788 -0.25441880042915410165 0.0037300566708434873542 -0.0013130557861227788903 0.96708605436637595787
1671632179.3997542858 831.5500464121813593 1824.3689280324679203 -771.72239355804083516 -0.25567924129511804265 0.0041536908786993899725 -0.0012562932887370411271 0.96675192999549253159
1671632179.4995837212 831.65391432229625934 1824.292062632978741 -771.6634098383494802 -0.25859293024116070114 0.0048080491172522209567 -0.0012020136180764676506 0.96597367161648772793
1671632179.5994203091 831.99118262645163213 1824.2726006864804731 -771.60389155425195895 -0.25969664242218665207 0.0048733086285841289986 -0.0012485428224070576567 0.96567714372789970056
1671632179.6992635727 832.09406278687038139 1824.1776019413248378 -771.51486009366919916 -0.26307584173288717233 0.0046986292870090737989 -0.0016673840291990568545 0.96476227341757891942
1671632179.7997496128 832.47453565525529484 1824.1441103062300044 -771.44704813462828952 -0.26516878314246794535 0.0040646008749145624839 -0.0015257915083290915764 0.9641922357220805706
1671632179.8997452259 832.60745349047044783 1824.0451657139481085 -771.34387918814411478 -0.26950759403534746417 0.0037375058365307677402 -0.0016257085943247760393 0.96298963902991541186
1671632179.9995963573 833.01799660202857467 1824.007501611393991 -771.27183822267579671 -0.27206870890398199281 0.0015809173079128051049 -0.0010873122610823204772 0.96227591473954776635
1671632180.0994334221 833.23642116668622748 1823.8902693045704382 -771.16101331386505535 -0.27772317698147613863 0.00070568898889588390494 -0.0010456273873614431967 0.96066031750756375462
1671632180.1992716789 833.72032994922767557 1823.8480758745258754 -771.08641966921004496 -0.28107406675058566048 -0.00030889796948797880937 -0.0014660738840194347237 0.95968490881627299682
1671632180.299795866 833.91446550421551365 1823.7371663063677261 -770.97469637622691607 -0.28875635324713877505 0.00056707508576771454602 -0.0023366378639188556399 0.95739959630697257786
1671632180.3997893333 834.40609089735471571 1823.6940719427482236 -770.88842232034483004 -0.28973731870687197132 0.0030690726855703673488 -0.0034190004885446306955 0.95709517675989919105
1671632180.4996230602 834.56656009665107376 1823.6018171280036313 -770.78020050048121448 -0.29487004786319093164 0.0056692879592798181912 -0.0047683299399158178902 0.95550864835268678465
1671632180.5994575024 835.01880789902099878 1823.602544493853884 -770.71762596014571045 -0.30108277505237529548 0.0078214119597404731937 -0.0052195134203408648232 0.95355164766328825987
1671632180.6992981434 835.13701470761122891 1823.522560832970612 -770.62255739243971675 -0.30847125383752738159 0.0094262536071301663426 -0.00482934249058365999 0.95117469938489562775
1671632180.7997887135 835.60196888525001668 1823.4700154558065606 -770.53473136309241909 -0.30953051494810013278 0.0099580365500746646085 -0.0042067167082421412505 0.95082806088091864627
1671632180.8997938633 835.7204105954001534 1823.3564419628855831 -770.42733679349964859 -0.3135344383487239095 0.01302239604901970528 -0.0057640908486913224398 0.94947003556045972417
1671632180.9996356964 836.16937793466695439 1823.31606521083404 -770.34196815392203916 -0.31523588150593717661 0.017299957509790298005 -0.0070239109512297273272 0.94882965550001785449
1671632181.0994744301 836.31777208980963678 1823.1840595455450966 -770.21216765413328176 -0.32281156203866878673 0.021992956391488998474 -0.0081890510357940805158 0.94617225954180772529
1671632181.1993353367 836.75237531798893542 1823.1186092427342373 -770.12683107874886446 -0.32348981001232074428 0.024266286256774943081 -0.0085051229562965423303 0.9458822088679940121
1671632181.2994134426 836.93034101357216059 1822.9787482060201 -770.00185026780013686 -0.3282528369494575049 0.026651343124890734121 -0.00893050573672591122 0.94417160887815232417
1671632181.3994441032 837.43776977803315731 1822.9252362608331168 -769.92949371924385105 -0.328820388453717527 0.027648966851432057318 -0.008903227783198889092 0.94394566544067315395
1671632181.4994981289 837.65689176763794421 1822.8213549922786569 -769.79740457670982323 -0.33458980037415847475 0.028429491555931350744 -0.0086399568922297022983 0.94189531299415263366
1671632181.5993363857 838.17633496072983235 1822.7527252076085915 -769.70603621970212771 -0.33744242231139670585 0.027941860042858538554 -0.0075119073112711676546 0.94090139511561421415
1671632181.6997537613 838.35791768951730774 1822.652592587569643 -769.54838564101657994 -0.3448312388421800323 0.028550407059353279104 -0.0069010058758588671904 0.93820502401831884498
1671632181.7997975349 838.86815877714059297 1822.607220345722908 -769.46494733132954025 -0.3485498387408536014 0.028335509364852896202 -0.0055053684794518151224 0.93684566484595799274
1671632181.8996341228 838.98160688169843979 1822.5627987291941281 -769.36569277302658065 -0.35200951241239453182 0.030597749694981191126 -0.0048589267353446961156 0.93548354967672830984
1671632181.9994807243 839.44824991030338879 1822.543521694140054 -769.29776678262476253 -0.35162440802138278384 0.033022623786476669461 -0.0039404007028728399442 0.93555024196681701998
1671632182.0993289948 839.54007129339959192 1822.5357561537132369 -769.18376324685652889 -0.35985595824095295558 0.035846526589215790826 -0.0032666002686349113367 0.93231327630397864414
1671632182.199757576 840.00950107729363481 1822.5478794090865904 -769.13946905241823515 -0.36171689980562338196 0.036893003072083555005 -0.0020653173545950652239 0.93155543323172995684
1671632182.2996025085 840.00648038852875743 1822.5378272455750448 -769.02472641558085797 -0.36695526872042605326 0.039712203601177407941 -0.00048222082681242522126 0.92939041263966815087
1671632182.3994472027 840.46771382991175869 1822.5186356278179574 -768.97720418778260409 -0.36672907426749684623 0.041839723636523648564 7.2144263192047778646e-05 0.92938647419043562969
1671632182.4992990494 840.50131577970489616 1822.5461130464886992 -768.8518604519258588 -0.37486532915051623549 0.045608484061256476805 0.00071717044943466975743 0.92595644435851065523
1671632182.5997419357 840.89762130747999436 1822.5600418373389857 -768.7955320821127998 -0.37792473192716991015 0.047080777622123835824 0.0024748146924698627945 0.92463515651769945247
1671632182.699794054 840.94814518555608629 1822.5516927440305608 -768.66293236124113264 -0.38432899734159453597 0.048145456249498438939 0.0038538225232406836569 0.92193187649462016164
1671632182.7996315956 841.40016897332100143 1822.5377780386736504 -768.60955297467216951 -0.38424681253615428078 0.048897362169381473895 0.004578443029725263666 0.92192324674460046641
1671632182.8994631767 841.65002312687704489 1822.5395321786177192 -768.50924673862709824 -0.38618730223777486543 0.050189616504134407227 0.0054193529910518609127 0.92103800171254368578
1671632182.9992964268 842.19610611095879449 1822.5431865758309868 -768.48432062534129727 -0.38838503956812103768 0.050347968475901880292 0.0066457837746396663733 0.9200967213657702537
1671632183.0997512341 842.44519805003517376 1822.5994896339047955 -768.40964543089467043 -0.39684560546688035787 0.050036856200013558882 0.0088315532461156320138 0.91647797688242660374
1671632183.1997728348 843.00027100146212433 1822.6060627452529843 -768.40078239588910947 -0.39774733979775533932 0.050495538620733929069 0.010451163942669150497 0.91604477370675196912
1671632183.2996196747 843.2253470976410199 1822.5918614752802114 -768.32091814000330032 -0.40462884748825111991 0.053451480466434948824 0.011070853323914929892 0.91285041010176248832
1671632183.3994669914 843.78506257465880935 1822.5759921148596732 -768.30387563831993702 -0.40748542747672145126 0.056340403186110554756 0.01110358273421510264 0.91140446334950819818
1671632183.4993104935 843.98175726937324725 1822.5887168057895451 -768.26222231658880446 -0.4159664667770798796 0.059369049270371787586 0.012548010892008984105 0.90735316273674759824
1671632183.6998057365 845.18977796058163676 1822.593804414270835 -768.29725663595547758 -0.41806605104535266015 0.05971432311384103353 0.016035689320273369129 0.90631000945946982306
1671632183.7996609211 845.42723819895320503 1822.6019145733523601 -768.31256631558335357 -0.42490781192951521117 0.061097644227383188231 0.018543442822358500999 0.90298204298835860193
1671632183.8995058537 846.01268930410071789 1822.6200133289485166 -768.35300656022627663 -0.42627280463912364805 0.062082811907969590037 0.020307305062401879991 0.90223324803057325383
1671632183.999351263 846.3016550097961499 1822.6455848915329625 -768.35566479571787113 -0.43451856073340688891 0.063367554676185128271 0.022358384683704775331 0.89815270195377405749
1671632184.0998005867 846.85912500118251955 1822.6622868011984337 -768.38700805704115737 -0.43702354760623812746 0.063600127108262127784 0.023737004007230350783 0.89688460646296752632
1671632184.2995119095 847.43069360204640361 1822.7157038520322203 -768.41666531634416515 -0.44225251490765715712 0.066654282339286746728 0.024660145597311063093 0.89407035345257157566
1671632184.3993501663 847.95878921479254586 1822.6895063704614586 -768.45156409415801591 -0.44267965838055095551 0.066716084055064669989 0.024743215827780603439 0.89385203331140650196
1671632184.499767065 848.01287999343571755 1822.7161075115964195 -768.47619836140620464 -0.44592429801655159016 0.065708761849634811369 0.025628049402445448463 0.89228755574560125741
1671632184.6994183064 849.13499561250978331 1822.7122659644946907 -768.55462704862497958 -0.44547570168130717905 0.063369712047198212268 0.02682810408935008134 0.89264546805412803288
1671632184.7994718552 849.11629979532665402 1822.7242133603165257 -768.55514071142852117 -0.44870070200365641533 0.065060745024912561285 0.026307192103772799457 0.89092239343381918193
1671632184.8995008469 849.60776435018613029 1822.7189849480744215 -768.59852707612617451 -0.44984445389464716714 0.066205100032136962596 0.026184664177860965395 0.89026468838871408717
1671632185.0997767448 850.89781210644446219 1822.6941016960067827 -768.68073570634669522 -0.45462017894375711391 0.067545834615019506586 0.025146728931204162527 0.88776443674398630712
1671632185.1996321678 851.61673121691148935 1822.6767152939951302 -768.7204706080477763 -0.45496780642454220933 0.067472939599761541651 0.024180139077664006969 0.88761873482548359071
1671632185.2994720936 852.34092322962055732 1822.664349507265797 -768.75718998588217801 -0.45603556851661147808 0.06703446419194009076 0.023675518729105025917 0.88711747286993414274
1671632185.399324894 853.11217997788514822 1822.6484550904776825 -768.80705516405441813 -0.4568382122960276126 0.066525968719725145362 0.023350890370757000636 0.88675130628094633867
1671632185.4997668266 853.90939361955361164 1822.5973618029913723 -768.84464476225889484 -0.4594087372651395329 0.065984382976319033709 0.022444585182959192471 0.88548625846121975513
1671632185.6996335983 855.5103844890156779 1822.5344782156339534 -768.92252324407309061 -0.45982377475055868921 0.064366623794115812585 0.018599773953123427406 0.88547901292147335184
1671632185.7994675636 856.34857930918940383 1822.449887124398856 -768.94769774138660523 -0.46223769565990108221 0.06349386417789773529 0.016720626787754145487 0.88432192247088836634
1671632185.8993113041 857.14905096403595053 1822.3947562844548429 -768.97991526294947562 -0.4629737786258693033 0.062498519435937836819 0.014900517757957846068 0.88404026488828291175
1671632185.9997725487 857.94424853707073453 1822.3185742603582185 -769.00559526119707243 -0.46475062186638754769 0.061297274173587296131 0.012950480130732570927 0.88322238916259210306
1671632186.0997972488 858.72551217867453488 1822.2617004891894794 -769.02934976164590353 -0.46514759340798295106 0.059981763686145758707 0.010689322783248611168 0.8831339891263935149
1671632186.1996500492 859.51512258112541076 1822.1972615103979933 -769.04373335764068997 -0.46692336879138490735 0.058251377548242493087 0.0087217382943068390289 0.88233399343523122305
1671632186.2994897366 860.28968770699179913 1822.1360160482934134 -769.06727128457009712 -0.46722852443803536415 0.057170535475575018358 0.0062183211186271104831 0.88226434151412802542
1671632186.399333477 861.04791696666893586 1822.0690062335704624 -769.08717382785414429 -0.46779869621765274301 0.05586918602727241473 0.0040067734979067782392 0.88205836520938352141
1671632186.4994387627 861.80317847725768843 1821.9997540815390948 -769.1075457175925294 -0.46686241022706004289 0.054219984179708045902 0.0017832281334525604006 0.88266443415941309159
1671632186.5998160839 862.56416272400019807 1821.9327229650223217 -769.1198927051134433 -0.4672689738979877716 0.052634220208144420761 -0.0003933633182997922661 0.88254699034142214398
1671632186.699657917 863.31924396703959701 1821.8613126461352749 -769.13021614827914618 -0.46769903010774188656 0.051009013985189574636 -0.0026878343984098190811 0.8824106035598072717
1671632186.799510479 864.06796389495366384 1821.7805084613776216 -769.13714395019962922 -0.46875044956228328896 0.049869338316945489853 -0.0048865102350235875561 0.88190826458805238186
1671632186.8993628025 864.84799178137029685 1821.6913977518972843 -769.13638047334620751 -0.4695359859675274361 0.049160177432410245846 -0.0073410373582008352222 0.88151309916916220644
1671632186.9994225502 865.61420034472052976 1821.5991487470223547 -769.13673743060212473 -0.47005779682080428561 0.047740564800615753471 -0.0094270825195262447638 0.8812931613462454683
1671632187.0994262695 866.36741101211759997 1821.5135673852043965 -769.13317789046004691 -0.47006257807548174066 0.046542361972126605751 -0.011809398380699455064 0.8813260006064573826
1671632187.1994793415 867.10644420387882292 1821.4239674564425968 -769.1257257060918846 -0.47077766847739388467 0.044792946615161401136 -0.013826483768129163229 0.88100556589792899942
1671632187.2992956638 867.84828472115054865 1821.3382460788457138 -769.11574998932667313 -0.47078816128905087712 0.043496533077927231059 -0.016059596775283301734 0.88102704166880763115
1671632187.3997576237 868.60026501869276672 1821.2450995127082933 -769.10613723619212578 -0.47082154317468399851 0.042295251588324790648 -0.018347866286731306235 0.88102300876788341988
1671632187.4997620583 869.3342214254381588 1821.1562347575170406 -769.09651480730565254 -0.47054561328606914206 0.041676648120410046683 -0.020852851483218061424 0.8811441660725579661
1671632187.5996024609 870.07350423172033516 1821.0656757918141011 -769.0823834932372165 -0.47155429362926182257 0.041295266882746352322 -0.023194709456074841941 0.88056416832967876474
1671632187.6994380951 870.80975448245192183 1820.9672118774974479 -769.06462007576033102 -0.47084008433323637499 0.040945324057346216273 -0.025769216082797835599 0.8808910505422269388
1671632187.7992727757 871.54895025552093557 1820.8552722523477314 -769.04062017123681017 -0.46894876043035327307 0.039024084938612715878 -0.028036526210447759028 0.88191730569458137712
1671632187.8997654915 872.29460264744261622 1820.7480943539960663 -769.00487526504196012 -0.46775218169674465107 0.037289259565205470914 -0.030478622160268802055 0.88254657737154351693
1671632187.9997503757 873.05861674038897036 1820.629777108320468 -768.96905499849015087 -0.46925987225215376464 0.036284184701317306887 -0.032620695831562261657 0.88171113208233797831
1671632188.0995841026 873.80252580553917596 1820.5223179286347204 -768.93513686410801711 -0.46888655760169994924 0.035837820410457126019 -0.034181767237392593484 0.88186884144819654985
1671632188.1994268894 874.5480226712820695 1820.4119734854259605 -768.9053634225068663 -0.46707729922913188148 0.035381377773445188417 -0.034968101361318525144 0.88281605475821367524
1671632188.3998007774 876.03364250782385625 1820.2105369011217135 -768.85390051027025038 -0.46650621164918981698 0.032651641641659977233 -0.034985697597350109977 0.88322241012921143266
1671632188.4998056889 876.77819504075944224 1820.1010090655229305 -768.82542823974529256 -0.46783365713602947933 0.031763023727706507504 -0.035114188435263739285 0.88254732073976271955
1671632188.5996470451 877.5127073586526194 1820.0001296883797295 -768.79486437991226921 -0.46834565164847091756 0.031733823616400001766 -0.035797067154075691564 0.88224933267405702964
1671632188.699491024 878.25552534009523242 1819.8861204070508393 -768.74774573575643899 -0.46826495625077890761 0.03242552650418393384 -0.036772321094741926284 0.8822269052685298707
1671632188.7993354797 878.99926985855415751 1819.7788659130410451 -768.70776601010845752 -0.46763174190830986143 0.032955141760339735912 -0.037782968672303740565 0.88250040219235215133
1671632188.8997986317 879.74285695160403975 1819.6602591572625442 -768.65674230180616178 -0.46795856041878686193 0.033049586116005343073 -0.038467754872967462043 0.88229402266102341379
1671632188.9998204708 880.47901962196579007 1819.5537256468878695 -768.62169899814659857 -0.46770955558056775958 0.032921166583803673777 -0.039014997698067696574 0.8824068213494323798
1671632189.1994915009 881.98001030389059451 1819.342312952420798 -768.55785682069620179 -0.46762610969250928417 0.032214038373190617692 -0.039730693067570009569 0.88244521036374290457
1671632189.2993299961 882.72257639402300811 1819.2268892070471793 -768.5289352368127993 -0.46782262623376047461 0.032157582289265414233 -0.040269606421016332365 0.88231867207021807964
1671632189.3994445801 883.4852786546656489 1819.099048981575379 -768.4797732478797343 -0.46766278387131643424 0.031615441660482926367 -0.040277646137391369396 0.88242262870575494116
1671632189.4997873306 884.23691211041284532 1818.9901186213189703 -768.44685471714240066 -0.46687540804404836781 0.031693578911304788603 -0.040029509977956394262 0.88284795335913923697
1671632189.5996351242 885.00109580205344173 1818.8645618647535684 -768.39860411745837609 -0.46701571025681382077 0.031363438222870826388 -0.039389282110024424755 0.88281433244540197247
1671632189.6997609138 885.75415234786771634 1818.7499338024745157 -768.35964143122168934 -0.46714728341728206651 0.031061355534685048535 -0.038750001489697927237 0.88278369104370646436
1671632189.7995991707 886.53213475959444168 1818.6400781483171158 -768.32136177798190602 -0.46808507701234347564 0.030208573604608934815 -0.037907427107818809919 0.88235300743477296237
1671632189.899435997 887.30769895677030945 1818.5366123000962943 -768.29436444843486242 -0.46748035049657787887 0.030394578318777665943 -0.037562256569076676871 0.88268191801455819778
1671632189.9998021126 888.09784084506713953 1818.4152612590362423 -768.25624299309015441 -0.46766211342066493772 0.031111874631752793607 -0.03705893857390608892 0.88258191347862480214
1671632190.0996272564 888.86508856803970957 1818.3096653057746153 -768.23185891355637978 -0.46627128266827927439 0.032645716562623272594 -0.036804032773897404907 0.88327278420687682647
1671632190.1997773647 889.65870646426515123 1818.2024863931940217 -768.20941924402063705 -0.46587110786148605568 0.033767863023657786192 -0.036061660782845762763 0.8834723532223912601
1671632190.3994584084 891.22841738871113648 1817.9947722627987332 -768.15856965330624462 -0.46548569404047157594 0.034064699193031490465 -0.034431259724209281603 0.88372911758431549334
1671632190.4997768402 892.05694500240815614 1817.8634646933410295 -768.11443015973122783 -0.46574983053686375145 0.033790159063883440371 -0.034037309994657004297 0.88361574342790427661
1671632190.5996205807 892.86304638706997139 1817.7457733413909864 -768.07851181337377966 -0.46481736331403317175 0.033790821357907729894 -0.033838299432821170032 0.88411422827892727216
1671632190.69977355 893.69274475677127612 1817.6197520229241036 -768.03264511841689455 -0.46543698224307505917 0.034000316862568519261 -0.03343602369583277556 0.88379546634564520868
1671632190.799618721 894.47325476326841454 1817.5050537909135073 -768.00154252533218369 -0.46527444356351160826 0.033869134639522076313 -0.032890089431380206686 0.88390656514284904333
1671632190.8994476795 895.30618733187259295 1817.3797138821005319 -767.96935319449289636 -0.46584281675090483121 0.033814334180967679788 -0.032277985244294822575 0.88363181956856329258
1671632191.0521299839 896.4579831408921109 1817.1978345932134289 -767.93322691821595072 -0.46441104037936348226 0.033917143410719607921 -0.031968899403662653924 0.88439244819680162824
1671632191.1998174191 897.69047863053447145 1817.0264903482070622 -767.89997223827731432 -0.4648715509506599064 0.035786137529461421736 -0.031726396372675623458 0.88408553276855184055
1671632191.2996628284 898.43828220226089343 1816.9041766625925902 -767.88605162557155381 -0.46277747039312672195 0.038575905764715923141 -0.032313910970065237716 0.88504504040686471367
1671632191.399507761 899.28345463708319585 1816.7784286729090582 -767.86104031820775617 -0.46189734120619801994 0.039004495025050947565 -0.031906281182441952049 0.88550069721914570486
1671632191.4998197556 899.98039635874499709 1816.6753834588835161 -767.84358353257073304 -0.46274716377133301437 0.03768854195996548806 -0.03086197143511767646 0.88515093342641693042
1671632191.6994905472 901.67821843898639145 1816.4421197457058952 -767.8034746396023138 -0.46522085140006869119 0.034645423961859662942 -0.028609144560681164238 0.8840536018073814617
1671632191.8991856575 903.46795189524812031 1816.2173716403112849 -767.76234408681500554 -0.46553039852172539703 0.036590676924049075902 -0.028775463608352012251 0.88380684717225832525
1671632191.999774456 904.37502083945094 1816.0994265542317407 -767.73740751874561283 -0.46624878177159895243 0.036573832633289574123 -0.028555942931860797684 0.8834358982893353307
1671632192.099615097 905.25000865900642566 1815.9968285054715125 -767.72211881034024827 -0.46775233490211248766 0.036687323356379634987 -0.027679630795486107747 0.88266394031793993236
1671632192.1994872093 906.12291219503674711 1815.8930138652406185 -767.70194240319165147 -0.46808149104819929409 0.036835836488750592355 -0.026869639927372433036 0.88250827833989298199
1671632192.2993319035 906.9835131294189523 1815.7972358504393924 -767.69572394708063712 -0.4682962573998579181 0.037333283215872405114 -0.02603653140314686823 0.88239840225495780324
1671632192.3991703987 907.84883847912919919 1815.6911096703734074 -767.67659557739796128 -0.46817484088523320107 0.037595160075761746565 -0.025563057013551954838 0.88246555310509766645
1671632192.499808073 908.72141468392510433 1815.5810922750699774 -767.65625422040056947 -0.46853481574013666755 0.038138924956237559016 -0.025094082733548492975 0.8822646064839620994
1671632192.5996420383 909.59000414668901158 1815.4656077034023838 -767.63086335292564399 -0.46944993605316182039 0.038450110107536066006 -0.024506745484774328236 0.88178101930022578792
1671632192.6994957924 910.45260562652072167 1815.3621227537141749 -767.61912882339731823 -0.46939692554205092456 0.038815485981490670253 -0.023732229201835139398 0.88181441677759109243
1671632192.7993302345 911.32675496837885021 1815.2502570359711171 -767.59411091735273658 -0.4691650703575924175 0.038359686805090643935 -0.022759649559201268476 0.8819833725963956983
1671632192.9998145103 913.11999579607697797 1815.0274642046790632 -767.5506586368231865 -0.46814408964283527048 0.03909322679725382027 -0.021867540934720056112 0.88251608574831541532
1671632193.0996446609 914.01648050445237459 1814.9176406468923233 -767.53264945398086638 -0.46851422826433830604 0.038964792768850703419 -0.021100819215604579154 0.88234399089401782668
1671632193.1994919777 914.89904737097572252 1814.8181723104219145 -767.52885409502948733 -0.4695980831156412183 0.038884991035009870697 -0.019700934731452540705 0.88180353309398207262
1671632193.2993373871 915.78388855157663784 1814.7105997589844719 -767.51730020584363956 -0.47008578618077001554 0.039298046123480680214 -0.018668027006150424152 0.88154779902701918548
1671632193.3991880417 916.6745976477241129 1814.6070857455251826 -767.5100969934388786 -0.46994591322013468115 0.040920648932071854165 -0.018185185618956656306 0.8815586413635091434
1671632193.4997749329 917.58197731637426386 1814.501401731545684 -767.49703985916357851 -0.46919380077809358376 0.042155850124519861355 -0.018109029515700186125 0.88190255961851315991
1671632193.5996136665 918.48866118695195837 1814.3977845219546907 -767.49341946417689542 -0.46854888327300403539 0.043590893024781161846 -0.01821833197654566458 0.88217337888247093769
1671632193.6994993687 919.39517728191913193 1814.2893404548651688 -767.48593719280336245 -0.46804408356461235652 0.044581817127561644554 -0.018241925566900924621 0.88239131317878349847
1671632193.7993454933 920.3309375404636512 1814.1796598966875536 -767.48260646754647496 -0.46721767809437986241 0.045753074990865956473 -0.018253632750261830631 0.88276899713141010473
1671632193.8991858959 921.24092398966593009 1814.0667572979407396 -767.47749857418943975 -0.46665890132274390201 0.045141689697723710872 -0.017799051471374973538 0.88310525501448777774
1671632193.999751091 922.13124549856809153 1813.9683363963783904 -767.48361588800878508 -0.46679530876250663329 0.043652596602627234679 -0.016762678226413401522 0.88312830503038597385
1671632194.0995950699 923.02131361349779581 1813.8606660227633256 -767.47502621602632189 -0.46824363347353303855 0.042067462315291521968 -0.016165066160739739731 0.88244938606238154666
1671632194.1994278431 923.90178168680847648 1813.7571910692313395 -767.46672574363753938 -0.468747656880565855 0.041191875472069858222 -0.016088117559693033976 0.88222448165841460543
1671632194.299754858 924.79406445887036625 1813.6477643703492504 -767.45065785019846771 -0.46894735079078775364 0.040983447145373427811 -0.016313847972383794388 0.88212391284372226874
1671632194.399605751 925.67674957473411723 1813.5459735372439809 -767.44211871727009111 -0.46920129866713361499 0.041530438780578340929 -0.017056410916384153603 0.88194922916822127146
1671632194.5996530056 927.4686871911877688 1813.3352451483058303 -767.42102517862565492 -0.46992054776923436465 0.041669600728520141131 -0.018230831493619929079 0.88153613649267936747
1671632194.7997899055 929.27427706354296788 1813.1202550738505579 -767.38727859270011322 -0.46958797935547680336 0.037987033036238626593 -0.017613513449006752698 0.88189221513171656142
1671632194.8996121883 930.16083240781131281 1813.0247842528856381 -767.37256323102963051 -0.46983936930278519251 0.036959151635210657494 -0.017788360447695536481 0.88179848173840114089
1671632194.9998075962 931.0763759281289822 1812.9177834075694591 -767.34579524821174346 -0.46976519642020853063 0.037476221750444016489 -0.018834015984029610358 0.88179446180927445464
1671632195.0996608734 931.96478670388432874 1812.815360053072709 -767.32755897680419821 -0.46993902748735549846 0.039061259854408787728 -0.020053032879658240495 0.88160615032743061548
1671632195.1994953156 932.87490257016986561 1812.7106357264194685 -767.30969237842919028 -0.47024176704526626791 0.040037692772860324075 -0.02110765425823196359 0.88137627073531232824
1671632195.2997941971 933.75767902992140534 1812.6045241476933825 -767.29314263966909948 -0.47002503275195139931 0.039541579867660270331 -0.021306325236383347882 0.88150948523145122859
1671632195.3996245861 934.65920733930454389 1812.4841747375592149 -767.26631343968745114 -0.46599696795368250601 0.039581695027833575795 -0.023060698586058931553 0.88359963753807724274
1671632195.4997730255 935.52410614735447325 1812.3614195522065984 -767.24390058067865539 -0.46264260099537557469 0.039499213612322267575 -0.024675783781858653954 0.8853206998387608273
1671632195.5996227264 936.41775746031328254 1812.2655914769500214 -767.24459623700738575 -0.46603809534495188593 0.038069938127313782128 -0.023931059470349944074 0.88362122987785796102
1671632195.6994590759 937.252823075241281 1812.1577577955351899 -767.23019361437650332 -0.46691478645348827303 0.035725267446381755998 -0.021500447957896212658 0.88331875231684520156
1671632195.7997667789 938.15882240108874157 1812.0395287541211928 -767.20646459641636739 -0.46484137011025816744 0.035397449997832085289 -0.020976729567794838438 0.8844373906525595519
1671632195.8996112347 938.99499448199901508 1811.9245411841479836 -767.17072364808780094 -0.46651264587521285021 0.037997046907796691584 -0.022939406262385369367 0.88340022600468237624
1671632195.9997894764 939.91018200911571512 1811.8222501617981379 -767.15850062342769888 -0.46893414876897937527 0.039657363453776198203 -0.023424144321071916491 0.88203138668929093047
1671632196.0996336937 940.74807892481703675 1811.7152447359553662 -767.13682868640694323 -0.46975552711522694516 0.038942274756328013052 -0.023073171177945255711 0.8816353400092871162
1671632196.1994659901 941.64890492922472731 1811.6087044056869217 -767.12074722106626723 -0.46939507147502057549 0.03827989203002429841 -0.023524837884651039754 0.88184437331290554951
1671632196.2998077869 942.42860060797636379 1811.5171126435388942 -767.10949247165922316 -0.47241637396209029687 0.039246558547984901344 -0.023641700530448214734 0.8801838144675683262
1671632196.3996469975 943.28137014970684504 1811.4254124775532091 -767.10135836389042652 -0.47275476644800357162 0.040384722020778078544 -0.023330794318115324198 0.87995890759994233044
1671632196.499806881 943.91418587829355147 1811.3439672551912736 -767.08894753168817715 -0.47405989975385642854 0.039659835844306649821 -0.022054484283972317082 0.87932241446987713385
1671632196.5996456146 944.7301345921767961 1811.2563444975442053 -767.08527076273094281 -0.47587968351936865696 0.03823326728331598312 -0.021665138156934778124 0.87841184297286711846
1671632196.6994864941 945.27652638069832847 1811.1731743871250728 -767.06251931020460688 -0.47726850584039159919 0.038240506058858252103 -0.020859444089664704036 0.87767723031961641933
1671632196.7998080254 946.05642835090918652 1811.075331096314585 -767.04416437157760811 -0.4759334414324915552 0.038725897950549474646 -0.021327897852141064483 0.87836938979415613016
1671632196.8996608257 946.60160509612978785 1810.9966523382106516 -767.01167636924367343 -0.47535244610389798536 0.038707033945546164 -0.021267072835603788999 0.87868625180958870313
1671632197.0996551514 948.2324430507364923 1810.8128734605336376 -766.97930263490388825 -0.47613103930106809303 0.037758048926272623491 -0.021883804819402771086 0.87829076178791321006
1671632197.1994798183 948.71550872916077424 1810.7328644035740126 -766.95115378178945775 -0.47662910828308985289 0.037553021769344108183 -0.02184629933618183889 0.87803029725549408546
1671632197.2998282909 949.47029791130830745 1810.6348814797479463 -766.93710262113495446 -0.47492437838605638945 0.037885212151772762468 -0.022109669296355927842 0.87893270961913760875
1671632197.3996660709 950.2800662483390397 1810.5371167662426615 -766.92299240638737956 -0.47427171526458633544 0.037428534397836832337 -0.022584329189235377577 0.87929255256023297616
1671632197.6991941929 952.89720654033726532 1810.2240899940632062 -766.87550840033384247 -0.47591646476208965266 0.037055564610754848642 -0.024714314981945359473 0.87836188802492232153
1671632197.799751997 953.87026228278284634 1810.1104405459780082 -766.85064291909668555 -0.47407514140025258653 0.038299425020715822943 -0.02607231446190080848 0.87926454993250624526
1671632198.1996245384 957.35808482674053721 1809.6624548821851022 -766.75110173361747457 -0.47569791192963967186 0.035911048065193122703 -0.027032906157107242789 0.87845951255441545591
1671632198.2998075485 958.21016717805207463 1809.5424180964828338 -766.72556207819116025 -0.47582774530896826404 0.036685360691377011388 -0.027355593967818000317 0.87834720502987595481
1671632198.3996551037 959.05264440514622493 1809.4312438449137517 -766.70243143587163104 -0.47547680325297791981 0.037493486485263065322 -0.027513659407988427102 0.8784981767684494347
1671632198.4994969368 959.87436883846669389 1809.3419475516770945 -766.68783683429251141 -0.47769158530101363258 0.036669646366972848128 -0.026507422132915171159 0.87736163749037565651
1671632198.5997622013 960.69534020822754883 1809.24702648761604 -766.66978599109074821 -0.47940833498077145558 0.035004433191833717043 -0.024888488640111276762 0.87654030206322730567
1671632198.7519464493 961.94481144577150644 1809.0857037656116972 -766.62724241157275173 -0.47976071003847792218 0.034263231734981809684 -0.024261967909667017662 0.87639434558171425138
1671632198.8519647121 962.75857464312014145 1808.9883050335538428 -766.59861833900015426 -0.47945792856706337393 0.03486017176389126504 -0.025064966668667639643 0.87651389641275601061
1671632198.9994900227 963.94953171340921472 1808.8553224023901294 -766.56944380986681153 -0.47998203379708015426 0.034889906677983043015 -0.025986633306286276157 0.87619897085846043527
1671632199.0993275642 964.78364136303673604 1808.7605602406661092 -766.55149227423100911 -0.48103896971883480793 0.033634333723278481143 -0.026225950021016800756 0.87566114493697189136
1671632199.1991760731 965.60928465078768568 1808.664766217158558 -766.52889150159887777 -0.48234552461353252806 0.033345773626877517337 -0.026328499992117265077 0.87495009249367272641
1671632199.2998435497 966.40863068402461522 1808.555330738136945 -766.48459042878073433 -0.47759824186449806316 0.031907405143875369746 -0.026348269691167096329 0.8776033304114146949
1671632199.3996927738 967.1989084938219321 1808.4587613705155036 -766.43051938704684289 -0.47426602173952331354 0.029094263060817172895 -0.025101687970412296658 0.87954259120371769409
1671632199.4995343685 967.98395918271353366 1808.377875485044342 -766.40425895674354706 -0.47806488003292518796 0.02685445114175000203 -0.023832787256169472162 0.87759034132366231518
1671632199.6992120743 969.56655351100459939 1808.2147048146950965 -766.34561315613666466 -0.48350240781894771036 0.025265923019041833242 -0.020496581777205941793 0.87473821506935800496
1671632199.7997944355 970.34713164855554624 1808.1392309196951373 -766.3130664697409884 -0.48512387707498555445 0.022603666214274210911 -0.018629046205345004689 0.87395472239864180342
1671632199.8996362686 971.13172421776368992 1808.0728481730536714 -766.28918854105597802 -0.48804206230101176978 0.020881264565292264462 -0.017394329556045452778 0.872396902513084882
1671632199.9994854927 971.92329764645830892 1807.9933424102621302 -766.26134382756799823 -0.48839396847697891246 0.025357253034366339373 -0.018676583307181582327 0.87205477265469333314
1671632200.0997581482 972.70149624787188714 1807.9082374051861279 -766.23625342383274983 -0.48744190899352446422 0.032183948689116767539 -0.022766942274229227949 0.87226500855130439938
1671632200.1996011734 973.47600844579733348 1807.8234476334655483 -766.20458750118541502 -0.48753590848702682559 0.037654366705972476537 -0.025768063139762330954 0.87190991135880946405
1671632200.2994706631 974.23581039454893471 1807.7402169752012924 -766.1899126815147838 -0.48819472251941309349 0.039917029336341669499 -0.026798926129117876804 0.87140941080038880617
1671632200.399312973 974.97961664686147287 1807.6452902620812893 -766.16983803365531003 -0.48791741734637639194 0.03941429881384007905 -0.026699600393294661144 0.87159063684615945
1671632200.5997927189 976.49351881142877119 1807.4449487562942522 -766.11596912848585816 -0.48249269804457045607 0.039102179271705922448 -0.028408123675632428878 0.87456548892527441463
1671632200.6996412277 977.25160271509173526 1807.3363240534197303 -766.09134999354330375 -0.48048432169335780761 0.040206597054272839864 -0.030037247722698855179 0.87556610824622160827
1671632200.7994801998 978.01396901540226736 1807.2319959088797532 -766.06601030932586127 -0.47844781981904282997 0.041295009778963005787 -0.031125979576841353996 0.87659202555872151041
1671632200.899330616 978.75599582424831624 1807.1189598816724811 -766.04174523324809343 -0.47632973885160345695 0.043065314981945802819 -0.032103579887116477642 0.87762447475529103968
1671632200.999174118 979.50306719236732533 1807.010252401245225 -766.02562648752689256 -0.47452259371978500191 0.042995018065275697472 -0.032184564812113375387 0.87860337482783967822
1671632201.0998091698 980.23240855635458502 1806.9065979332474399 -766.00382235048357416 -0.47395785966363224162 0.040915777813172411748 -0.030714924472819465223 0.8790599750890955022
1671632201.1996593475 980.97915492984634511 1806.8056130720831334 -765.98980383737443844 -0.47345178165118489977 0.038142755079967408105 -0.028965110227682475813 0.87951666446732368332
1671632201.2995183468 981.70279805624295477 1806.7047388185817454 -765.97589894474242556 -0.47347571622783052314 0.03518907745451861635 -0.027226580926559797863 0.87968243603103268846
1671632201.399356842 982.45098553708839972 1806.6155079348750405 -765.95192396542768165 -0.47384514290762069777 0.032964634506225408417 -0.025941661371336563469 0.87960851725072686236
1671632201.4991867542 983.19132492922278743 1806.5256506445209652 -765.92734532390841196 -0.47438182284506419384 0.031984239660635072067 -0.025220821768808771024 0.87937637261688561541
1671632201.6995859146 984.6665782561094602 1806.3570312904307684 -765.88560011119875526 -0.48089450626554447465 0.032420866057104251456 -0.024461737074762901489 0.87583730492997979855
1671632201.7994298935 985.43035658008875544 1806.2649842239868576 -765.85799678305966154 -0.480284564848562745 0.033408457497946193737 -0.025065463466416904731 0.8761177627905099019
1671632201.8997402191 986.19341016152509383 1806.1708166848136443 -765.81072264220028956 -0.47802594776740342519 0.03208924477029351241 -0.025620393393068797983 0.8773853595048940468
1671632201.9995639324 986.90154143851668778 1806.0860230444052377 -765.78003604187495057 -0.47909970879371061026 0.030714786089026915178 -0.026226550903513039942 0.87683079267153496428
1671632202.0997560024 987.65529444401261117 1805.9974729792099879 -765.7539241950377118 -0.4800155827977619083 0.030165333218937339516 -0.026544016719449056024 0.87633926542151086014
1671632202.1996023655 988.32786801020574785 1805.9057838208138946 -765.72789257937529328 -0.47941101041818512396 0.031621854552299169527 -0.027816099679443269388 0.87657937803892660433
1671632202.3993296623 989.77435128972683742 1805.7267291309951815 -765.68107150245202774 -0.47674386553978614911 0.032673981745361305173 -0.029492429283686689284 0.8779395732065123914
1671632202.4991726875 990.39149320605815774 1805.6442941639788842 -765.65515526508386301 -0.47640788577098069911 0.03189938844458174716 -0.029513961404876273148 0.87814969195136494129
1671632202.6518726349 991.47608238164514205 1805.5095132673575336 -765.60861727770600282 -0.47742811466060142145 0.028986860043942543758 -0.029353871896837326755 0.87770183290288295019
1671632202.7518663406 992.0130812029850631 1805.4188841700863577 -765.57864251275952938 -0.47756352814808722407 0.029305355914450312294 -0.030338305201301530439 0.87758410419457300033
1671632202.8992981911 993.00121761115360641 1805.294194274861411 -765.53292538870982753 -0.47793954386167547543 0.028900959869486098075 -0.030562872197155359355 0.87738499974354278166
1671632202.9991440773 993.45790683541065391 1805.2174008992813015 -765.49261166481323926 -0.47664696175879472939 0.029406217052641792087 -0.030609007550338993703 0.87806949434628822626
1671632203.0997815132 994.08340688171097099 1805.1358982336651025 -765.45798511837222122 -0.47739557010876665366 0.029239656391934844976 -0.030226247749287379896 0.87768154024202105212
1671632203.1996204853 994.48744844226325768 1805.0638873349287223 -765.41942665534156731 -0.47870052297195708757 0.030092387901298773417 -0.03021117651304703125 0.87694215448367529575
1671632203.351749897 995.37605291131978902 1804.9361748287687988 -765.37475086146991998 -0.47794335024902478981 0.032036838210593943099 -0.031437919185452710413 0.87724309754337481682
1671632203.499161005 996.09505039088082867 1804.8132033035028599 -765.34513045885239535 -0.47619507442906328087 0.033485672440538828687 -0.032957539770758180475 0.87808357313126128574
1671632203.5998194218 996.65407313776177034 1804.7306582742971841 -765.3164570884252953 -0.47598560678496820708 0.033026396609291512607 -0.033118155661009007762 0.87820848722052580193
1671632203.6996734142 996.93934338463043332 1804.6725892444796955 -765.28876002564607006 -0.47661080075817358059 0.032815968884564727936 -0.03311494859046681255 0.87787735872767025391
1671632203.7995014191 997.43502049519474895 1804.594824503961263 -765.25698634417233279 -0.47562032666253817315 0.032441977269081670454 -0.032991876830262459319 0.87843289956576031674
1671632203.8993413448 997.60961210221591955 1804.5360032278999824 -765.22218095025618823 -0.4755617631269760115 0.033195734888496676585 -0.033165575383556814004 0.87842990457193159681
1671632203.9991657734 998.02337062028630044 1804.4700332877741857 -765.19089297219193213 -0.47533168276764958815 0.033050968593920052041 -0.033098623822699159425 0.87856240867301049757
1671632204.0998089314 998.38859549852179498 1804.4054138670151133 -765.18011429739601681 -0.47533346457234176841 0.032655400267454372243 -0.033244329217017226652 0.87857073526605555802
1671632204.1996688843 998.82045550125667432 1804.3292099256179881 -765.15434021207568094 -0.47569662877482782326 0.03255735706916814548 -0.03301053562692586596 0.8783866121535310878
1671632204.2995598316 999.19752915730657605 1804.2307125322615775 -765.10210251641831292 -0.47512568468248561615 0.032674066246053221074 -0.033104551706774551501 0.8786877020911590952
1671632204.3993937969 999.63040297520387867 1804.1370823731135715 -765.05432034862735691 -0.47328044770720140155 0.033223027882323216686 -0.033337198616283675312 0.87965361331879932116
1671632204.499222517 999.92757777895224081 1804.0595071087238921 -765.02122429643202395 -0.47403864954193603021 0.034085175996780806007 -0.033375236998720990422 0.87921081264563938351
1671632204.5998339653 1000.3190106947744198 1803.9897060923540266 -764.99563889379714965 -0.47605599190148362165 0.034861137822691547206 -0.033207501096994676559 0.87809604002938912437
1671632204.699669838 1000.7759392873857678 1803.9180842037496859 -764.97124455708831192 -0.47779406528601320314 0.03546762652176749242 -0.033072960843984235135 0.87713229213579224641
1671632204.7995181084 1001.2766761468125196 1803.8360038563582748 -764.93218050181621948 -0.47677260652144809461 0.034813670089373895122 -0.032616695011723859099 0.87773118963163498929
1671632204.8997681141 1001.7732039304050886 1803.760254487551947 -764.8999788745592241 -0.47545846675706621154 0.034150090616318462544 -0.032220038028212355519 0.87848442607104781921
1671632204.9996116161 1002.283149565992062 1803.6870446197015099 -764.87498159150027277 -0.4768475178097215661 0.033628380861600748464 -0.031706207698695657027 0.87777006849897853957
1671632205.0994434357 1002.7855251996631978 1803.6264263125924572 -764.85974643219014979 -0.47758662847060284751 0.032994555036683657911 -0.030764400359364955234 0.87742573663788925309
1671632205.1993074417 1003.2900079801727315 1803.5552390008942893 -764.832644606162944 -0.47757962350896970838 0.031951949601216778074 -0.029388724144928005111 0.87751528705706616229
1671632205.2991571426 1003.8039507274908146 1803.4972188392036969 -764.81974353754424101 -0.47835067102184236632 0.032147591636949461591 -0.028674452017399380127 0.87711170536391724895
1671632205.4516174793 1004.5449295948781128 1803.4113888290185059 -764.78377027239446306 -0.47662013614928316896 0.030239241044225820959 -0.027892365075346346043 0.87814625780026622781
1671632205.5515873432 1005.0557330059008336 1803.3675579215441758 -764.78500473483984479 -0.47548663406112973151 0.029286324880246211722 -0.027195762503716663927 0.87881463489524769273
1671632205.6516067982 1005.5577383102271369 1803.3059122142281012 -764.76251574331854499 -0.47508026892479460201 0.029853020826449597203 -0.026932105092942661834 0.87902343367008317632
1671632205.7516441345 1006.0467933009050512 1803.2497477856304613 -764.75276956960544794 -0.47692849111345869684 0.030681069102701772483 -0.027181055409611014351 0.87798580659927194514
1671632205.8516590595 1006.5245473983752618 1803.1922170090551845 -764.74339394654759872 -0.4791094954696449304 0.030886215982160819538 -0.026981293922517152889 0.87679652302651867046
1671632205.9516634941 1006.981658680680539 1803.1336212951548532 -764.71771837052779119 -0.47733866345327830016 0.031272358143841091915 -0.026552317833250335677 0.87776125136989469055
1671632206.0516786575 1007.4395546694745462 1803.0721294368977397 -764.68260000385544117 -0.47423977797832694847 0.030999579417697105399 -0.026662098347496013262 0.87944572974726609171
1671632206.1516814232 1007.8924470874901544 1803.0216686584822128 -764.67861439469925244 -0.47434170786824975119 0.031448887683016776839 -0.026881318622438879484 0.87936812902745775666
1671632206.2516491413 1008.3440566219722996 1802.9759944288091447 -764.68255994351898153 -0.47727399741095027919 0.03198042311396392251 -0.02652468610958120393 0.87777173852865197912
1671632206.3515882492 1008.779554456326764 1802.9283203846571269 -764.68338493193573413 -0.47883177230001600089 0.031673006203074401121 -0.02610982621924048952 0.87694653855801663056
1671632206.4515321255 1009.2158811468871136 1802.8782961464996788 -764.67172101096491588 -0.47873020964138518485 0.030932057345140626797 -0.025808963095847289176 0.87703733764819202801
1671632206.5514807701 1009.6362042632508746 1802.8392344014141599 -764.66234126861729692 -0.4768434129118099829 0.030697327676777023259 -0.02556412082768527369 0.87808001307536287516
1671632206.6514379978 1010.0524527196238296 1802.7924560021906473 -764.64153459588339956 -0.47534480377211557611 0.030765007206298707748 -0.025686680570556175152 0.8788862419560972139
1671632206.7514028549 1010.429659577444113 1802.7364951904733061 -764.61643172836204485 -0.47586533979790501814 0.030414296483515519676 -0.025969562986835295626 0.87860840580244281561
1671632206.8513641357 1010.8173772081413517 1802.688470135479065 -764.6129819919616466 -0.47737466250300730763 0.029784156792431026178 -0.02588849103692567738 0.87781326125556724538
1671632206.9513707161 1011.1812648204665948 1802.6299006166441359 -764.59936178745022062 -0.47907049095949305606 0.029206984095486023673 -0.026196104972738432776 0.8768991851154462891
1671632207.0513820648 1011.5606342355480365 1802.5779828948584509 -764.58448626341225918 -0.47837292278756482489 0.02889669336916132758 -0.027190417872956843676 0.87725994382047611797
1671632207.1514182091 1011.9349363975794631 1802.545668916393879 -764.58776385728810965 -0.47684930477134318538 0.029074425034271208362 -0.028591352329285810857 0.87803869670988621277
1671632207.2514405251 1012.3076430501403138 1802.5005393619996994 -764.56413774778866355 -0.47509681839163941941 0.029415672785778643888 -0.030470782992565691172 0.87891368332306762934
1671632207.3514618874 1012.6800308514586959 1802.4712633659621588 -764.55349254352665866 -0.47219883502173143341 0.029219878470176225554 -0.032017160448864954991 0.88042566997055449196
1671632207.4514842033 1013.051086291567799 1802.4248413746224742 -764.52000334608499088 -0.47035519740982684178 0.02763148503145183843 -0.033065136303517844718 0.88142452091245415691
1671632207.55148983 1013.3890606680382689 1802.3800945329128353 -764.49702466863061545 -0.47111413658661005499 0.025747370343419957728 -0.033964983030155583565 0.88104195311938082735
1671632207.6514899731 1013.7191260888531588 1802.3319095705776363 -764.46555611802955355 -0.47158829866431745126 0.023978904164133816451 -0.034971376748233931608 0.88079878038421166586
1671632207.751496315 1014.028767980944167 1802.2979898035298447 -764.4687638140518402 -0.47190136172491020661 0.023153862574171582556 -0.036725846145381303709 0.88058174843394176889
1671632207.8515007496 1014.3294960317821278 1802.2547542180338951 -764.45288080269017428 -0.4715721785596140303 0.022897007831974729164 -0.039036902088701870561 0.88066538918944647918
1671632207.9515099525 1014.5978173233580719 1802.2154598184822589 -764.45092189673312078 -0.47173392399384572737 0.022835917412344561989 -0.041324488022484485994 0.88047595794489752485
1671632208.0515244007 1014.866296079188146 1802.1671335596843164 -764.42756563635782641 -0.47084125428756834486 0.021766451243357350792 -0.043717637210716198126 0.88086520141159663222
1671632208.1515107155 1015.1393653781110515 1802.1172540112345359 -764.40289198786763336 -0.47112136340417598568 0.020396101089395372863 -0.04577408452150809326 0.88064373795011996471
1671632208.2515201569 1015.3954700791560981 1802.0539044970732903 -764.36118122355537707 -0.47169236636221184567 0.018963553774042879452 -0.04808468142383532512 0.88024687364184650562
1671632208.3515446186 1015.6905828120491151 1802.0159676259918342 -764.35483185910049997 -0.47172009330578135167 0.018178922354662202521 -0.05015143995876434474 0.88013323617715444325
1671632208.4515552521 1015.9539940349163771 1801.9636296715996195 -764.32307614434330389 -0.47123466993009521797 0.017899099928497128054 -0.052848495628757791165 0.88024118546418927966
1671632208.6515524387 1016.4887654281411642 1801.8675986747782645 -764.26400471555439253 -0.47148460214692194947 0.016562519388138765425 -0.058537565014046492873 0.87977344036524673943
1671632208.7515175343 1016.7180964335377666 1801.8149660802018843 -764.21926202865381583 -0.47204909417051266196 0.014774888861811882185 -0.060973078819040259224 0.87933704517167177173
1671632208.8514790535 1016.9866301712777386 1801.774804582030356 -764.20415680831888494 -0.47298913537289921649 0.012776686875949452502 -0.062697533627337889706 0.87874174440999452962
1671632208.9514136314 1017.2089070604670269 1801.7205125759855946 -764.1624306372235651 -0.4734151327411022514 0.010600910667493919359 -0.064638255569667305012 0.87840060832268007651
1671632209.0513393879 1017.4571823697864374 1801.6837026077885184 -764.14394544263086573 -0.47340661802102229627 0.0084620879269053980026 -0.066045108398669269412 0.87832375052620770273
1671632209.1998345852 1017.7800402831483098 1801.6107179377754619 -764.08634484314416113 -0.47419294282458057666 0.0060259763404747011123 -0.06911671515395539922 0.87768309786097331582
1671632209.3512256145 1018.1498365749321238 1801.5510757048361938 -764.05640547725920442 -0.47538751774894910662 0.0036353080113175500511 -0.071802332378559111103 0.8768340308001021377
1671632209.451236248 1018.3551432935387311 1801.5042655473218929 -764.01043830080698172 -0.47462967823451912563 0.0013574835617801144384 -0.073861881527470710229 0.87707995543998040766
1671632209.5992155075 1018.6949766889895272 1801.4429080617155705 -763.97057387668689898 -0.47266347771742200923 -0.0027987810473089429729 -0.076610708591121567945 0.8779021602581278394
1671632209.6994512081 1018.8970667614054264 1801.3958909699852029 -763.92204870321722865 -0.47215596339921678259 -0.0060849311821212148307 -0.078870534484203308478 0.87795851760162479938
1671632209.7992956638 1019.1436232636783643 1801.3632615049045853 -763.89977375329965525 -0.47255437380851711415 -0.008387796009805797981 -0.080444464879808441626 0.87758230197670883399
1671632209.8991394043 1019.3467309979222364 1801.3191542383724482 -763.85492995199854249 -0.4738524948884389465 -0.0097613977206054171332 -0.083626179133044001301 0.87657012860703287238
1671632209.9997866154 1019.5936237564628755 1801.2811273308168438 -763.8341416899354499 -0.47414521572338608202 -0.010260684595872204827 -0.086603717915462549715 0.87611690361587368781
1671632210.0996370316 1019.7915700533387735 1801.2278012544138619 -763.78132042178026495 -0.47357942556872939521 -0.011725948314030966088 -0.089917872047563102145 0.87607066273250311372
1671632210.1994860172 1020.0159799083886583 1801.1872284390758523 -763.74911854554159163 -0.47304656734662592354 -0.013589431272303364659 -0.092921196374027723031 0.87601822112538796361
1671632210.2993178368 1020.2032589275780765 1801.1403034855852638 -763.69956888729791444 -0.47293594587719689493 -0.016259287575262820758 -0.096354934451426288433 0.875661437583982738
1671632210.3991589546 1020.4234586605672348 1801.0998640528409851 -763.66130907850651965 -0.47321254057162337459 -0.018212339484835110559 -0.099723127209026138362 0.87509628043769638328
1671632210.4998025894 1020.6020605366003338 1801.0496836590243674 -763.60867286220388905 -0.47228163898600700188 -0.020979116286272105757 -0.10341084878598176544 0.87510920833339433944
1671632210.5996470451 1020.8246081466971873 1801.0098962015949837 -763.57634893871261283 -0.47236471965823456642 -0.023502045781607402986 -0.10681628472399014307 0.874591051168510214
1671632210.6994915009 1020.9903879438105605 1800.9603741692581025 -763.5234614408723246 -0.4722713750836703972 -0.026024347943849165249 -0.11147106792301131328 0.8739889487898457876
1671632210.8511157036 1021.210869841811018 1800.875981515432386 -763.41281606586915132 -0.47203045557578077185 -0.030256201391095385173 -0.1183913501213698094 0.87307233348832080644
1671632210.9511373043 1021.3570146556635336 1800.8239979261868484 -763.35014026367650786 -0.47194224751194280287 -0.032862874822535956265 -0.12297964924900155192 0.87239128396744503036
1671632211.0511343479 1021.5590020061883934 1800.7786740649112289 -763.3031007655298481 -0.47269682340659668895 -0.034950087449716338295 -0.12736831695624117877 0.87127120712456962437
1671632211.1511557102 1021.7016124342621879 1800.7301044046037077 -763.24940047046948166 -0.47329641278005984972 -0.038605328787571918658 -0.13213184606204939064 0.87008120856329573822
1671632211.2511537075 1021.8772643210326123 1800.6647376508176421 -763.17852803441451215 -0.47385570774242474767 -0.041665477725787193608 -0.13684798174199325205 0.86890585571680389876
1671632211.3511676788 1022.0069691935717628 1800.6124097935398822 -763.12019143492977946 -0.47332763030425573092 -0.045021922364461341992 -0.14194920212623252098 0.8682075816951224656
1671632211.4511907101 1022.1859930342164944 1800.4384835030743943 -762.97962472653887289 -0.47290582060581431989 -0.049357473533822568412 -0.14649861338261507826 0.86744572217544002601
1671632211.5511724949 1022.3388655284562674 1800.3548751786324829 -762.8913207212033285 -0.47339787196213961584 -0.052809224718470791637 -0.1512421091286755559 0.86615902987422666026
1671632211.6511676311 1022.5123286628231654 1800.2376673390692758 -762.80362109666737069 -0.47430712275720454674 -0.056318871007869385215 -0.15557357026030718683 0.86467207790389633004
1671632211.7511792183 1022.6648845018369229 1800.1835347037797419 -762.74399141832157056 -0.47709631052919887484 -0.058920046213670571045 -0.1610068854502697544 0.86196538298890501562
1671632211.8996317387 1022.8460753397170038 1800.1216132885142542 -762.65309082144790409 -0.47660750234822418792 -0.06292753810100321088 -0.16996866418216927119 0.86023024060425989923
1671632211.9997591972 1022.9421325620824064 1800.0798423800506498 -762.59076312664330999 -0.47386567245115801539 -0.066603214709325314624 -0.1764592935316746658 0.86016129533308915978
1671632212.0995976925 1023.0256588676920728 1799.9302857334341752 -762.4459799609850279 -0.47162105420598443573 -0.071182935612803810432 -0.18307693287639706381 0.85964493109408279814
1671632212.199461937 1023.1270154884915655 1799.8564729749102753 -762.35972113407194684 -0.4702702728829251666 -0.07440866248547137185 -0.18938472459042288154 0.85874480928943719427
1671632212.2997541428 1023.236340561011275 1799.7414789654822016 -762.27924045533825392 -0.46997455831009282701 -0.078554468725401616069 -0.19520561475271375196 0.8572326860039332086
1671632212.3995940685 1023.3619857965373967 1799.6913115160875805 -762.22471671129164861 -0.47041660536497081901 -0.081500834332010746452 -0.2017767907195112953 0.85519118220841017219
1671632212.4997849464 1023.4973689441628721 1799.5845931297458264 -762.14748692343687253 -0.47198590446388077879 -0.084863905763270033877 -0.20775074014577399328 0.85256498488672305403
1671632212.5996220112 1023.6261992838448123 1799.5333297820595817 -762.10103612019804586 -0.47213258910897709653 -0.087609179010912599517 -0.21449117322070088143 0.85053452996612366466
1671632212.6994478703 1023.7322206789159509 1799.4210405773926595 -762.02041886817585237 -0.47236260134120827692 -0.092264332961821918233 -0.22102469943225150351 0.84823873288017204164
1671632212.7997584343 1023.8427379130093868 1799.3705206780009576 -761.9707760348321699 -0.47234855749930843016 -0.09702998160246496806 -0.22769017912946823423 0.84594870129727040009
1671632212.899610281 1023.914201867620136 1799.2760803524863604 -761.89796915419879042 -0.4726282696160815644 -0.10251925153592937601 -0.23353494484154813104 0.84354831003450936322
1671632212.9997403622 1024.0099443206800061 1799.2345834807163101 -761.84180430580977372 -0.47282781387590222533 -0.10656796971365367632 -0.2398061787019592217 0.84117187477519050898
1671632213.099591732 1024.0807247417340022 1799.1252862303035727 -761.76870150921536151 -0.47261452000822001818 -0.1116721090809050243 -0.24592763175508608464 0.83885902002074030914
1671632213.1994268894 1024.165058295760673 1799.0768774516850499 -761.71436898088802536 -0.47201078151082559442 -0.11581904410297695629 -0.25215814287895926826 0.83678434625681585857
1671632213.2998332977 1024.2350849780327735 1798.9793389941944497 -761.65011874179504048 -0.47101263518559433052 -0.12147382675781233374 -0.25793038079044577904 0.83478328060259510135
1671632213.4511785507 1024.3705606887199338 1798.8678039027236082 -761.52327733034621815 -0.47056190942464914961 -0.12792120323831102091 -0.2676413047372914189 0.8310088971600793073
1671632213.5511713028 1024.4730111835115167 1798.7586759826956495 -761.43615697882376026 -0.47115647020972306613 -0.13279686125304965283 -0.27515540192159620991 0.82744551422689893716
1671632213.6511611938 1024.5769920723214454 1798.7165756434358173 -761.39431423413736866 -0.47088345555672567189 -0.13656548351249733764 -0.28418781425785671901 0.82392713647706550262
1671632213.7511415482 1024.6666146708926135 1798.5760434152375637 -761.29580204322485315 -0.47030671120041817046 -0.14291176677720718313 -0.29176706439924438019 0.82052410351452242931
1671632213.8511295319 1024.7543771888031188 1798.5124762405673664 -761.21941193790030411 -0.47049063377679012365 -0.14823127688137063829 -0.29965350707232651928 0.81662343083069033334
1671632213.9511415958 1024.8233078305697745 1798.3627770046571186 -761.12197693843324942 -0.47118006590331940053 -0.15600338567314164795 -0.30626094478074328276 0.81231553158601288445
1671632214.1511650085 1024.9702442486970995 1798.2284315857853016 -760.97182633531406282 -0.47110768604277325489 -0.16866591003073402866 -0.32182528281488526067 0.80376479537613954029
1671632214.2511496544 1025.0422197244720337 1798.0771765900681203 -760.86328186009052388 -0.46928240074920635205 -0.17478981211690799991 -0.32930092469357657992 0.80048950706624077966
1671632214.3511250019 1025.0892684249638478 1798.0115288116576266 -760.7732559113909474 -0.46681908942289501718 -0.17918806837055645254 -0.3379507535557748632 0.79734613692868194779
1671632214.4510912895 1025.1638484411912486 1797.8383449255554751 -760.63960732926386754 -0.46505774403514599236 -0.18506190021416515923 -0.34469046937936975716 0.79414222159578784499
1671632214.5510630608 1025.2042765759401846 1797.772954597464377 -760.57329109495424291 -0.46326487834848123493 -0.18973256961359555306 -0.35274720778431883916 0.790541973532686848
1671632214.6510169506 1025.2289935766000326 1797.6197323229746416 -760.47186621045807442 -0.46188580387835698193 -0.19574989063706207948 -0.35965148678092812018 0.78676190334019735495
1671632214.7509794235 1025.2481463954356968 1797.5715002743631885 -760.42955162395992375 -0.45970017484791414475 -0.20085171694046594082 -0.3667633772631439526 0.78346599297314556409
1671632214.8509309292 1025.2884516050885395 1797.4046981903661617 -760.30910507019029865 -0.45808854793866732313 -0.20720585714508718556 -0.37233077441643075423 0.78012204778141858164
1671632214.9508776665 1025.2799081042828675 1797.353131385592178 -760.28718986683577441 -0.45643570510171660448 -0.21139699977294770794 -0.37925300807779838141 0.77662404769568904594
1671632215.0508439541 1025.2895727941081532 1797.1957741858732334 -760.19896680182296222 -0.4556172759845821818 -0.21767494670273201951 -0.38499312968307836114 0.77253531019570931271
1671632215.1508231163 1025.2813470320554643 1797.1372827403265546 -760.15869906793159316 -0.45440866590929684943 -0.22160350102626896751 -0.39163673323947900684 0.76878171274877671326
1671632215.2508223057 1025.3252582976990652 1796.9876886167394332 -760.05721280811860652 -0.45303608488518165576 -0.22691834965728854834 -0.39725765987111416599 0.7651488221610520668
1671632215.3508458138 1025.307229189893178 1796.9476169748509164 -760.03655101783670034 -0.45054957588176336447 -0.23050141392706399723 -0.40339097224945735798 0.76233188399674400859
1671632215.4508597851 1025.3233383143103765 1796.8085086914682051 -759.95366274819753016 -0.4484482966685736649 -0.23535612039866102285 -0.40865193098976165809 0.75927940911385505274
1671632215.5508570671 1025.2935677637690333 1796.7629056198329636 -759.92865646525240209 -0.44647500205881118784 -0.23875241565258081833 -0.4143274496817579422 0.75630028493770373732
1671632215.6508431435 1025.3069242949127329 1796.6104002044705794 -759.82792756462345096 -0.44470587491967328297 -0.2444578210419106612 -0.41910737404123843408 0.75287852112251618664
1671632215.7508206367 1025.283118384037607 1796.5484625900273841 -759.77679946753653439 -0.4429013374574427564 -0.24748292593401333139 -0.42379857435298601276 0.75032351357659377022
1671632215.8507959843 1025.2923794614680446 1796.3958093842234121 -759.67172846744642811 -0.44148099674032803552 -0.2526192411444171948 -0.42824742260376014169 0.74691511803820209714
1671632216.0507047176 1025.2259035119561759 1796.3010439053634855 -759.60809045652536042 -0.43754472234731922597 -0.25793947352141721741 -0.43816362020230631424 0.74164309871845390809
1671632216.2507374287 1025.3008178336763194 1796.1206323389424142 -759.48308901017082917 -0.43446575250287411407 -0.26488357811372859052 -0.44580420271706749924 0.73643384820877089147
1671632216.3507559299 1025.2649195276158025 1796.0484319474608128 -759.40523691891166891 -0.43236733665381171798 -0.26785100871561118296 -0.45054054181233876841 0.73370807785410341317
1671632216.4508144855 1025.2886023398268662 1795.9129964559078871 -759.28966746741991756 -0.43130435151027285423 -0.2715948459416919758 -0.45431004591918988655 0.73062656549232807279
1671632216.5509052277 1025.1957350129764563 1795.8468449946292367 -759.22654145598369269 -0.42926190678452719185 -0.27414967179951305054 -0.4580852754106287672 0.7285149643541299902
1671632216.651009798 1025.2150404964093013 1795.7133199952368159 -759.12969091710056091 -0.42803794223276614428 -0.2786071257836163495 -0.4616909604083805907 0.72526067489484002948
1671632216.7511081696 1025.1052436975692217 1795.6607828167157095 -759.09901274174399077 -0.42628735578014781415 -0.28104225875876226448 -0.46534681587763920829 0.72301222676126664091
1671632216.8511850834 1025.132471775961676 1795.5260915742967427 -759.00771857554650524 -0.42482978223250622563 -0.28538991006638259051 -0.46918106018583177752 0.7196814490616543214
1671632216.951240778 1025.0353735151663841 1795.4624288627442183 -758.96679321995441114 -0.42279618043136274474 -0.28763507594053638883 -0.47267943578726390186 0.71769325194345146013
1671632217.0512876511 1025.0753533687854997 1795.3377442103599151 -758.87010815261464813 -0.4215341478600223013 -0.29232582724002148522 -0.47667030236273788546 0.71389074497557281074
1671632217.1512634754 1025.0177466109421403 1795.275954130348282 -758.80939424183509345 -0.41996127741559841073 -0.29516097128908269642 -0.47986225145224975508 0.71150878148503660103
1671632217.2511947155 1025.0849612009801604 1795.148562849601376 -758.68826597190479788 -0.41854650360951572985 -0.2987721843910888242 -0.48350901283102559747 0.70835940077166614781
1671632217.3511435986 1024.9999433350881191 1795.1056237427876567 -758.65635620295608987 -0.41613496119852777522 -0.30120712066085830738 -0.48638946129407378827 0.70677525174100130911
1671632217.5510623455 1024.9647066023840125 1794.9435222063616493 -758.45923465783448592 -0.41453160921203102696 -0.3059931187300180544 -0.49255622014202132819 0.70137017776161980631
1671632217.6510488987 1024.9141799476501546 1794.8885368922672114 -758.36546453719381589 -0.41383366468458848697 -0.30616553983586330956 -0.49495682053350142926 0.70001578982056222866
1671632217.7510561943 1024.9486729997324801 1794.7964847469922915 -758.23844771775202389 -0.41308957617920583072 -0.30815857370938370963 -0.49791411194217660707 0.69747891196101108324
1671632217.8510992527 1024.8437112250644532 1794.7680168707174744 -758.18575462906210305 -0.41133897038303651739 -0.31038155793407584682 -0.50049659824258663221 0.69567714860144602707
1671632217.9997889996 1024.8053691889981565 1794.6725771683970834 -758.07035657189680933 -0.40995787253217053081 -0.31251334362330163152 -0.50384621207186641723 0.69311539254810394795
1671632218.09963274 1024.6970210087786199 1794.6565093877463823 -758.01828750379411304 -0.40873094631488310347 -0.31375696985905582315 -0.50621464280328887231 0.69155065815957550424
1671632218.2998027802 1024.6341746802111174 1794.5416576350680771 -757.84054080109251572 -0.40687962898009483181 -0.31696487514552335041 -0.51122347669249257329 0.68748293965991902343
1671632218.4509902 1024.5414954702080195 1794.4839208960568158 -757.73298695675680392 -0.40548081983219469437 -0.31784106732597483536 -0.5142969805796816507 0.6856099302343270363
1671632218.6508784294 1024.5331001602767174 1794.3220998033300475 -757.49982001009414034 -0.40426505996349748617 -0.32029546141063158782 -0.51800611838919974339 0.6823856973910098489
1671632218.8507828712 1024.454626158568999 1794.2723592360723615 -757.3881856568124249 -0.4036930387133403908 -0.32028030221682957102 -0.52073671879683858243 0.6806509591582075025
1671632218.9994874001 1024.4866301574979843 1794.1898386651826058 -757.27512672599550569 -0.40399953029437413177 -0.32039122692423449568 -0.52156505578211853624 0.67978212231486634387
1671632219.0993244648 1024.4299218306086914 1794.2132882907824296 -757.26558515075089417 -0.40362569942444986859 -0.32049117140093202893 -0.52220255701855355923 0.67946758072881330293
1671632219.1995162964 1024.4101056670665457 1794.1713478726237554 -757.22485591192696575 -0.40340006804067973789 -0.32110709445823715225 -0.52217902610611000025 0.6793288479729376883
1671632219.2998239994 1024.331273861667114 1794.1987937490741842 -757.23874809917401763 -0.4025201857468954092 -0.32132678103318390583 -0.52226318923323200583 0.67968210291949759938
1671632219.3996620178 1024.3125016047010831 1794.1420121819051019 -757.199582286781947 -0.40165551073084254652 -0.32216333201125596508 -0.52182372710223678958 0.68013501309672452777
1671632219.4995183945 1024.1882473266120996 1794.1888358915732624 -757.25403593073883712 -0.40064284777693592865 -0.32235795255691690464 -0.52246317840811762334 0.68014916463683716685
1671632219.5993680954 1024.1721299956607254 1794.1487690598701192 -757.23741155462289498 -0.40067568333228353872 -0.3230063691554853067 -0.52251776222466161936 0.67978016331085344692
1671632219.6992082596 1024.0935835257057533 1794.183438125050543 -757.27038498621288909 -0.40062973088374065345 -0.32303659200353573855 -0.52319831476702993722 0.67926924145268230415
1671632219.7997376919 1024.0805541884637933 1794.13808034157978 -757.26149654095524966 -0.40094608421232968976 -0.32393941854613389486 -0.52301015122218152964 0.67879737211140023234
1671632219.8995783329 1023.9983450348137239 1794.1754022928021186 -757.30382909465049579 -0.40071877627579854941 -0.32449365178499717244 -0.5230057465030557573 0.67867025971088856817
1671632219.9994187355 1023.9910068590636456 1794.1151233069151658 -757.2788509568116524 -0.40030539771748652189 -0.32544995725606673531 -0.52239890068307204274 0.6789236352089881299
1671632220.0997552872 1023.9471318964879174 1794.1647301762286588 -757.33083585597364618 -0.3985550452969355284 -0.32673130151878493344 -0.52182948082903901632 0.67977534922494342595
1671632220.1996078491 1023.9556659026741272 1794.1260851163438019 -757.32039925018455051 -0.39845586117591835773 -0.32758406174880844164 -0.52139627729664528299 0.67975549369159937729
1671632220.2994785309 1023.8980230939462217 1794.1872485361384406 -757.377088396872864 -0.39827115872724355716 -0.32838259597056773664 -0.52136879844120065375 0.67949947078836536729
1671632220.399315834 1023.8995575924193417 1794.1600369957200201 -757.39304072608797469 -0.39860297769029884307 -0.32916937785386746196 -0.52109829621632597352 0.6791316165075562683
1671632220.5508084297 1023.8196723298262896 1794.1992502377138408 -757.43508023487459013 -0.39725815772165140594 -0.33049253635700565068 -0.52060655170797176527 0.67965392506381350213
1671632220.6508390903 1023.8213091264254899 1794.1374154784321036 -757.4297878104468964 -0.39671095466786476802 -0.33138984293750600729 -0.52012822427240767986 0.67990280243546419303
1671632220.7508251667 1023.7701737334182326 1794.1856639163161162 -757.50218324702279915 -0.39556625638520387378 -0.33257509181337635562 -0.51955865976704496134 0.68042629591734005157
1671632220.8508179188 1023.7705104932397262 1794.1308070194195352 -757.5144996679707674 -0.39572394404117566813 -0.3335710164952209178 -0.51902993140874154054 0.68025059159744816206
1671632220.9508171082 1023.7251011089107351 1794.1872251337108537 -757.59233555645300839 -0.39485764215909230357 -0.33506128872942531061 -0.51828679658685639087 0.68058810723320273262
1671632221.0508086681 1023.7193747116389204 1794.1403609998533284 -757.61730764298408758 -0.39454326461237693158 -0.33588103617913306342 -0.5178732331994537752 0.68068117075454959153
1671632221.3507156372 1023.6316490967677737 1794.200491816335898 -757.69352799261775999 -0.3925608097299450594 -0.33788236549752820315 -0.51674009089227945779 0.68169729074905616173
1671632221.4507102966 1023.6825885638596674 1794.1321868573136271 -757.66191086229116536 -0.39318300139028838913 -0.33809460710482169832 -0.51689431749386194337 0.68111631063050881441
1671632221.550714016 1023.6577480068661998 1794.1694937191577992 -757.74206839275757375 -0.39324037502738495853 -0.3383451737342529908 -0.51706034367402464724 0.68083269006324842465
1671632221.650708437 1023.6661727447921066 1794.1245977667981606 -757.76568320077478802 -0.39368734186511356032 -0.33935503313696807615 -0.51660577765155946128 0.68041671704685213751
1671632221.7507076263 1023.6159590003611584 1794.1698676672724559 -757.86814287793129097 -0.39319801412594979073 -0.34050641639346901357 -0.51613669926872074445 0.68048042569222910725
1671632221.9506540298 1023.5852160805460471 1794.139852839174182 -757.91514358717222422 -0.39286433215461291635 -0.34121409495592519567 -0.51569559506810735972 0.68065307694262977556
1671632222.0506148338 1023.548048580386876 1794.2075494382556826 -758.00609841896982743 -0.3919012124678317166 -0.34178720393607858741 -0.51550633565804016012 0.68106399463502786951
1671632222.1505920887 1023.5489131463584727 1794.1799642809792203 -758.03013218460660028 -0.39203623767698930758 -0.34241693323065081067 -0.51527569393611893922 0.68084446933469211505
1671632222.2505908012 1023.5047884854233189 1794.2507515637248616 -758.1582689383807292 -0.39138079902581729419 -0.3435827168228113293 -0.51484495349990333501 0.68096010214274016459
1671632222.4506182671 1023.4671922570983043 1794.2237176524095048 -758.20923272982315666 -0.39171513698438653606 -0.34399959490226444947 -0.51476324672765083612 0.68061907847399394367
1671632222.5506241322 1023.4400821862825524 1794.2663245005276167 -758.29017651025424129 -0.39132876315872977546 -0.34438314348350046457 -0.51472528110107795829 0.68067608640563981304
1671632222.650629282 1023.4397607981223928 1794.243407770940621 -758.31858056122894141 -0.39154953533798919629 -0.34484563193161371641 -0.51459789270901812319 0.68041124353858872809
1671632222.7506365776 1023.3952303844602056 1794.2929424883520824 -758.42850233253159331 -0.39089808766246947336 -0.34566626432077079967 -0.51428357524653267596 0.68060702538542150464
1671632222.8506319523 1023.3902936157986687 1794.2829045555633911 -758.48258992549085633 -0.390933783935353385 -0.34618781327904840639 -0.51413836165890569596 0.68043112773134750704
1671632222.9506099224 1023.3548389770165841 1794.3525301769761882 -758.59070742485641858 -0.39003176052213506253 -0.34780224364391509884 -0.51330974915842719764 0.680751001849556725
1671632223.0505843163 1023.3489464421402317 1794.3417793527760296 -758.63850159277694729 -0.38996295539371261807 -0.3488439246829694862 -0.51287465250489372437 0.68058533664072462521
1671632223.150541544 1023.3101875897140189 1794.4026407480912439 -758.76043437290047677 -0.38926960977360630656 -0.34990343176129828917 -0.51243270879855706834 0.68077123786316373621
1671632223.2504861355 1023.3008129386774954 1794.3868070207895471 -758.81028074489574919 -0.38942694530791444052 -0.3502705956431130252 -0.51242950288311872598 0.68049479694625547577
1671632223.3504400253 1023.2522813472993448 1794.4404805849430886 -758.91859762177307402 -0.38887253083815376264 -0.35113932683411547275 -0.51208617687570412436 0.68062256454134584249
1671632223.4504206181 1023.2479173416356844 1794.4204231793867166 -758.96886283243759408 -0.38904734272794888605 -0.35189176314578834992 -0.51176932507536521122 0.6803723319318438767
1671632223.550432682 1023.2161315312247325 1794.4801114013171173 -759.06280898130785317 -0.38826549213559735652 -0.3534074843036664193 -0.51102924004086303089 0.68058957785005391727
1671632223.6504511833 1023.2087662631157627 1794.4767605862698474 -759.10754393716467803 -0.38820534171736920115 -0.35353358925213579367 -0.51103253578748986108 0.6805559207730182969
1671632223.7504725456 1023.1777288855831785 1794.5296654421138101 -759.19730744924788723 -0.38750028957917653782 -0.35412947207529382743 -0.51075249354088780862 0.68085808574584294472
1671632223.8504836559 1023.1741548017274681 1794.5080165769784344 -759.23329978860056144 -0.38776692573215032489 -0.35455648132581307763 -0.51064059581010257105 0.68056792076088867827
1671632223.950489521 1023.1395244904500714 1794.5593766683784906 -759.32657399282913957 -0.38717519510907821845 -0.3556644878673606569 -0.5101485017311342407 0.68069570774596044327
1671632224.1505057812 1023.1096337679070984 1794.5338165559521713 -759.38085622649816742 -0.38717751693256036161 -0.35585965711431821745 -0.51013803925279477269 0.68060021725513064617
1671632224.2504863739 1023.0854494708361244 1794.5971994121341595 -759.47034422656543029 -0.38637124822305907168 -0.35719032407100503868 -0.50948692890611024797 0.68084902894138454865
1671632224.3504889011 1023.0843934796517942 1794.571439862034822 -759.50061535143424862 -0.38664029764746959961 -0.35756360424714128676 -0.50938792018275824702 0.68057438676808390543
1671632224.450470686 1023.046258958710041 1794.6462903021038073 -759.62965143216979413 -0.38583350736962390704 -0.35893350901103587836 -0.50873586281427840561 0.68079884149908120872
1671632224.5504887104 1023.0396941297057083 1794.6422140452950771 -759.66833076943009928 -0.38589780657066274916 -0.35863995690380862102 -0.50903329414775122519 0.68069476980881438166
1671632224.6994860172 1022.9836684434158087 1794.7310668505706417 -759.79850599792121102 -0.38496414517392479882 -0.35977484884084703909 -0.50846557285573945606 0.68104876939360192711
1671632224.7993299961 1022.9705612654147444 1794.743918842015546 -759.8411748609702272 -0.38506188766451432404 -0.35925270990002833305 -0.50885275132321128311 0.68097996341193844927
1671632224.8998243809 1022.9507958359173472 1794.8368521086172223 -759.93427395286153114 -0.38394545660657908304 -0.36140651445010718579 -0.50764340788882889033 0.6813731636124259472
1671632224.9997835159 1022.9417954154528161 1794.8633929722586799 -759.97696183468656272 -0.38359404631560928278 -0.36139814784560658767 -0.50780027445698050492 0.68145863236619041992
1671632225.0996172428 1022.916013378388584 1794.9527736456518596 -760.07934006706318542 -0.38253460196216798606 -0.36294701045310123755 -0.50697728072939096666 0.68184366443418276127
1671632225.2508237362 1022.9159915266999406 1794.9431066477227432 -760.11306842780015813 -0.38274007332983428498 -0.3626196740469012636 -0.50724549836642185419 0.68170302379305358631
1671632225.3507957458 1022.8965565759402807 1795.0097817037383265 -760.20576081067861196 -0.38193018705000902902 -0.36403717995233925153 -0.50644102958783832058 0.68199981479638460691
1671632225.4507491589 1022.8892453136440963 1794.9962828963100492 -760.23619196310437474 -0.3822232025067556771 -0.36375839367226708854 -0.50671872015286079094 0.68177811137135979624
1671632225.6506373882 1022.8314346481575967 1795.0852389249187127 -760.41201499998101099 -0.38139157147846391993 -0.36533756186616833661 -0.50590080314490992741 0.68200682729149164629
1671632225.8505778313 1022.8210924703888622 1795.0490859917383659 -760.44467238666584308 -0.38190845144007939949 -0.36489047243820943445 -0.50627130970900302565 0.68168191908542785651
1671632225.9505829811 1022.8169457688045441 1795.1138604135164769 -760.52542677458291109 -0.38103820676828115133 -0.36635268104128393407 -0.50550589103097842703 0.68195263193982358363
1671632226.0505919456 1022.8302327745041111 1795.086640378011225 -760.5406900450715284 -0.38120859327221001678 -0.36624778637906585388 -0.50573533404417847503 0.68174360230740704836
1671632226.1506204605 1022.8162452679285934 1795.1582844172748992 -760.65283600430439037 -0.38016033485350314569 -0.36785156390088602496 -0.50484648272175347561 0.68212416437421319326
1671632226.250641346 1022.814050369243887 1795.1407480478719663 -760.68418317690873209 -0.38040628835508927263 -0.36763898237120395951 -0.50503823788323110033 0.68195968553630137432
1671632226.3506407738 1022.7897045804147638 1795.213717096018172 -760.78957550261486631 -0.37924215543502437509 -0.36933659323345646719 -0.50403823730462127273 0.68243045343430541738
1671632226.4506292343 1022.7878385264826875 1795.1885414963048788 -760.81822078068660176 -0.37958798584135117204 -0.36889034347769256161 -0.5043737011682200011 0.68223166524552880663
1671632226.5505986214 1022.7746836855631045 1795.2575339432669352 -760.90852197910646737 -0.37828626700550999074 -0.37092588741634896499 -0.50318291096407885554 0.68273014021144984298
1671632226.6505537033 1022.777721107030743 1795.2261026782525732 -760.93302214315860965 -0.3786188940375566081 -0.37066990900730845127 -0.50345833219254665369 0.68248169160805383093
1671632226.7504968643 1022.7670109640630471 1795.2807586486842411 -761.00235175058571713 -0.37781156080827499322 -0.37210848667040463678 -0.50263771649593902424 0.682751070759485712
1671632226.8504388332 1022.7702155532108463 1795.2379223176812957 -761.01475411009357686 -0.37842076111408856631 -0.37182807512581206311 -0.50295667512642994179 0.68233143929606110412
1671632226.9503931999 1022.7692627205963163 1795.2952180376621527 -761.08568279728558537 -0.37706033094897972724 -0.37399084968542983809 -0.50160613745338433755 0.68289650317256178624
1671632227.0503566265 1022.7847524168163318 1795.2509035970062996 -761.10207373320565694 -0.37726713896252533909 -0.37428709978923047075 -0.50151860903154010796 0.68268422977645093486
1671632227.1503436565 1022.7810775262302059 1795.3110999352793442 -761.18649871559568965 -0.37590361105936265229 -0.37655939714612973734 -0.50014078284967722343 0.68319740408170981372
1671632227.250346899 1022.7865429629869141 1795.281572127275922 -761.19508806967633063 -0.37637262545952465675 -0.37578871588376777657 -0.50073943459672765055 0.68292496400328084327
1671632227.3503575325 1022.7883345227024847 1795.3446354410568802 -761.2614987725598894 -0.3749536457147231161 -0.37784190075216950166 -0.49940346443864103154 0.68355061356706336984
1671632227.4503877163 1022.7866680984030836 1795.3129150834865868 -761.26951533708222541 -0.37537487408979586245 -0.37710340258407154534 -0.49988762321049556858 0.683373318049912859
1671632227.550403595 1022.7900454368880219 1795.3939742737386496 -761.35416193775563443 -0.37349438482633107173 -0.37991751199378470671 -0.49802231964695581334 0.6842063999387305584
1671632227.6503992081 1022.7986057674351059 1795.3472706107345402 -761.36565954208333551 -0.37411235538520254407 -0.38016242560243090898 -0.49807400893197451008 0.68369493001970094159
1671632227.7993209362 1022.786662746205252 1795.422272356790927 -761.4440187930756565 -0.3726577998700181249 -0.3827898723855195362 -0.49646520081096212618 0.68419323453162439463
1671632227.8991692066 1022.7921574428291933 1795.3635255745546146 -761.43645791100527731 -0.37424211817311375805 -0.38224567410270277046 -0.49713316742995744546 0.68314690620402385157
1671632227.9998064041 1022.7815185194777996 1795.3960208533828791 -761.50642094245574754 -0.37359006208489853318 -0.383234465254939205 -0.49657669029181006337 0.68335452059015056037
1671632228.0996491909 1022.783971013870655 1795.3355211551456705 -761.49943682969035308 -0.37486543782050474327 -0.38231343771607251281 -0.49731959550191146002 0.68263134911837697327
1671632228.1995055676 1022.7850597196926401 1795.3657811429334288 -761.5494764810871402 -0.37366151192969138117 -0.38364419682033401582 -0.49635610141518532457 0.68324580155052272445
1671632228.2993388176 1022.8020017251650415 1795.3026289752592675 -761.54385848301831174 -0.37445590109145732161 -0.38407111605697497048 -0.49623366128676787978 0.68265973175108507487
1671632228.3991880417 1022.8147537730567365 1795.3328743880415459 -761.59643525537433106 -0.37286457193355149187 -0.38622801631247627441 -0.49474692070726067339 0.68339257741273606861
1671632228.599627018 1022.8299976582649151 1795.2507846778407838 -761.60307270525140666 -0.37397396200413451917 -0.38691076633553161956 -0.49455301426185471758 0.68253999935615183858
1671632228.6994926929 1022.8363298662223997 1795.2967956662205324 -761.67216148936540776 -0.37274511818132732843 -0.38867255450254389881 -0.49340181510022357303 0.68304419410771666232
1671632228.7993307114 1022.8477684125655287 1795.2584667059495587 -761.67602218288220683 -0.37350324969314213641 -0.38793854231958474488 -0.49398822300009853636 0.68262335543755225942
1671632228.8991618156 1022.8638639888260968 1795.2966876517971286 -761.74435051818670672 -0.3719745418672349424 -0.3895853959760436358 -0.49277661507521408613 0.68339546902204750811
1671632228.99979496 1022.8772835738816411 1795.252942242835843 -761.743102149838478 -0.37273154711737821465 -0.38936743664074618954 -0.49316061102470815092 0.68282999699854785014
1671632229.0996336937 1022.877022797696327 1795.2775555945497672 -761.80393239034458475 -0.37164359642835442799 -0.39086226417379910103 -0.49218921871426618564 0.68326971296858263205
1671632229.1994826794 1022.8799152618433936 1795.2372885236370621 -761.81014012614298281 -0.37233343833354143326 -0.38998863902140123994 -0.49288139290972171613 0.6828942851249605317
1671632229.299339056 1022.8853442371017763 1795.2716067392234436 -761.87819922531775774 -0.37097152396309029943 -0.39166564884240040456 -0.49171116433400285928 0.68351904055019807593
1671632229.3991868496 1022.8899492349214597 1795.2241259029058256 -761.88394608065505054 -0.37220452181576191286 -0.39165210229158098354 -0.49194491968122977532 0.68268779153454428599
1671632229.4998042583 1022.9002362005019222 1795.2627896641986354 -761.95045882080808042 -0.37065055855074124924 -0.39399070254915341538 -0.49036722057912784933 0.68332238272454515204
1671632229.5996494293 1022.9144372715496729 1795.2189760152780309 -761.95199893706455896 -0.37152616732649235143 -0.39416854996822142665 -0.49048122398033272562 0.68266216398039170077
1671632229.6994895935 1022.9238152967924407 1795.2759847421309587 -762.01957293601492438 -0.37038910033707944658 -0.39640264707024019941 -0.48911575463837086986 0.68296605648577612957
1671632229.7993161678 1022.9413986831385728 1795.2337432786296176 -762.02600050186708813 -0.37130822084021170015 -0.39661093638739486344 -0.48928008912110709794 0.68222794186696256169
1671632229.8991379738 1022.9582452382406927 1795.2785988363839351 -762.0869862408926565 -0.369883060629592475 -0.39861422737286567042 -0.48791612147175977832 0.68281115808338510575
1671632229.9997828007 1022.9704553588353519 1795.231548712295762 -762.09332097868502842 -0.37074715733935353912 -0.39868181903334037886 -0.48800981690571593186 0.68223586178147022085
1671632230.0996246338 1022.9777600166528373 1795.2721454862846713 -762.15685727506286185 -0.36958545649814067424 -0.40043159992000754155 -0.48672203476500347508 0.68276114784365027344
1671632230.1994810104 1022.9851867674866526 1795.2405855946049087 -762.16717203865766805 -0.37042951375134713921 -0.40038864239603194628 -0.48696895358504005413 0.68215258456337635184
1671632230.2993130684 1022.9929482078644014 1795.2771868740737773 -762.20855727770856447 -0.36962183435523177089 -0.40170084422372170918 -0.48613994782854869081 0.68241049408920928521
1671632230.3991737366 1023.004518278102978 1795.24144711079839 -762.21087372346255506 -0.37058732281469120018 -0.40135588200750238475 -0.4866755923534888395 0.68170767925438580104
1671632230.4998204708 1023.008980621872638 1795.27684620493892 -762.26593291122253504 -0.36971607554036184373 -0.40251295424668942502 -0.48592278741218830618 0.68203547548804599465
1671632230.5996477604 1023.0094769062826572 1795.2355952686784804 -762.26259017685129038 -0.37101688618194250679 -0.40186703995406664047 -0.48661050402753913691 0.68121917892589944898
1671632230.6994783878 1023.0242369467891876 1795.2854568904122061 -762.31982254649221886 -0.3697106592162309191 -0.40398086705789770789 -0.48510457515882360324 0.68175291614559785369
1671632230.7993254662 1023.0322296160101132 1795.2556005723611179 -762.3146210648850456 -0.37087288739769014301 -0.40353344736018009753 -0.48561547856835179937 0.68102251448079142992
1671632230.8991639614 1023.0376920690797533 1795.3016162000578788 -762.35349501111682002 -0.37009067119294902781 -0.40496673115046494251 -0.48466734478671807951 0.68127263753555500347
1671632230.999802351 1023.0456352051442082 1795.2600140335350716 -762.34198005250539154 -0.37129153497075750856 -0.40460322180014601789 -0.48526413498591797202 0.68040983845353786297
1671632231.0996282101 1023.0535435997014702 1795.2901932300032968 -762.38072133344189751 -0.37057317591835825521 -0.40592073340916173807 -0.48436471426600025136 0.6806575519689513909
1671632231.1994721889 1023.0522100357138697 1795.2631311543536867 -762.37204804882048848 -0.37122968453925991872 -0.4046808522644950723 -0.48526904265962222951 0.680393919258231894
1671632231.2993457317 1023.052387171394912 1795.3065327212359534 -762.42512099250200208 -0.37022361460222336094 -0.40580319942343989759 -0.48440491029719706662 0.68088921375546040959
1671632231.3991863728 1023.0523750738026365 1795.2729004440286644 -762.41830769541547852 -0.37123044179743142079 -0.40575906633504665866 -0.48459698724237398881 0.68023032799590010811
1671632231.499786377 1023.0508375248434731 1795.3027176736484307 -762.47354790827250781 -0.37054872117048154312 -0.4071451062745021221 -0.48372455749873838338 0.68039478256986540838
1671632231.5996174812 1023.0530763285589728 1795.2813765451644485 -762.46272512431187351 -0.37068235299223534218 -0.40576776211326631705 -0.48468922690441124113 0.68045827920052248672
1671632231.6995019913 1023.0630709372192086 1795.3322588147696024 -762.50138679692395272 -0.36947064477064950339 -0.40727497200754569917 -0.48359484992504547796 0.68099527234407908338
1671632231.7993450165 1023.0767304895630332 1795.3114498866084432 -762.48076057966159169 -0.37000159500373608346 -0.40627099844762576408 -0.48432435372583571009 0.6807882313194847379
1671632231.8991675377 1023.0807647809969012 1795.3623614671837458 -762.52135630865086569 -0.36936257540118622167 -0.40765094257506734321 -0.48337260071812299111 0.68098672952243322065
1671632231.9997878075 1023.0795555216997172 1795.3323780548837476 -762.50084015035849916 -0.37055681727466588393 -0.40652444443961699427 -0.4842874205482045058 0.68036109202620986824
1671632232.0996303558 1023.0763843424019797 1795.3771707471066748 -762.54104336103853257 -0.3698584390230457708 -0.40799178988601786378 -0.48330615343348742874 0.68056050173541959847
1671632232.1994736195 1023.0730250118247113 1795.3369252599070478 -762.5193679271583278 -0.37090979328128864667 -0.40692493773322313544 -0.48423047404061236865 0.67996975543714333057
1671632232.2993724346 1023.081333479360751 1795.3855403924462735 -762.56520821071160299 -0.36986793847535820445 -0.40869156258103034318 -0.4830593153692202546 0.68031067358823993363
1671632232.4997534752 1023.0677836944455521 1795.3535181015090529 -762.54336333028550143 -0.37065955121685784102 -0.40738818998847675656 -0.4839716488735901212 0.68001309019474676099
1671632232.5995876789 1023.0671949132653253 1795.3886448212460891 -762.57782946908992017 -0.36958881579843133602 -0.40857925484509222125 -0.48305026917766563654 0.68053621299261302102
1671632232.6994194984 1023.062079033468649 1795.3720153696817761 -762.55367817858109447 -0.36967256717685048617 -0.40669881935556634334 -0.48417880506451477229 0.68081506162684457539
1671632232.7997660637 1023.0661958283097874 1795.4215243135577111 -762.59044041235347322 -0.36879254487375323635 -0.40790178344835836821 -0.48329254896455403623 0.68120225045175364365
1671632232.8996217251 1023.0866613165063654 1795.3867121966306968 -762.57821643546037649 -0.36998911572710702078 -0.40747163633671268368 -0.48390401132804522488 0.6803762397711888843
1671632232.9997217655 1023.0953983421485418 1795.4281523971037586 -762.6309584125440324 -0.36949457473386482231 -0.40901899245298911634 -0.48292269625116568399 0.68041376566063571651
1671632233.0995631218 1023.1047620915869629 1795.387206118616632 -762.62440204873269067 -0.37097962652585364518 -0.4088070317911601248 -0.48346677284318390067 0.67934586700548671434
1671632233.19941926 1023.1032126983064927 1795.4288790359041741 -762.66656532776471522 -0.37013495578360539051 -0.41044061689981703456 -0.48240718725811737588 0.67957480838218087271
1671632233.2997260094 1023.1047510046197431 1795.4019551080925794 -762.66246998305598481 -0.37070438618725098934 -0.40956396931890842739 -0.48309506813946556658 0.67930462109174460927
1671632233.399579525 1023.104935085109787 1795.4472397819808975 -762.72249660643853986 -0.36955774238582328461 -0.41086523001016822532 -0.48211010213312921469 0.6798431342836147584
1671632233.4994258881 1023.1077862146200914 1795.4164690600798622 -762.7163496684703432 -0.37047083847530953848 -0.40994591645723260642 -0.48284522413383057504 0.67937927032740075273
1671632233.5992643833 1023.1117515625337546 1795.4720948770871018 -762.77457450580811837 -0.36975662378458384882 -0.41143000106007576733 -0.48185644096440610751 0.67957322173276335509
1671632233.6998114586 1023.1151417847748917 1795.451401473511396 -762.77541173069107572 -0.37065954513139726112 -0.41053181030448948619 -0.4826915687676410216 0.67903165152424094231
1671632233.7997553349 1023.1081049242676499 1795.4994452713731334 -762.85076800701278898 -0.3699507883081161741 -0.41162099302814375568 -0.48200871672049810934 0.67924382171219421789
1671632233.8996062279 1023.1156209253684892 1795.4720986784409433 -762.85229023401825543 -0.37076251685183098106 -0.41114163087060029422 -0.48260370434878069323 0.67866882940915562727
1671632233.9994544983 1023.1183541067783835 1795.5138185436555887 -762.91110795213216988 -0.36986343847745861702 -0.41260259041501690103 -0.48157496837306867921 0.67900345293446551231
1671632234.1998345852 1023.1192307761929214 1795.4808038686066993 -762.91737508850565064 -0.37051698050825865316 -0.41210940031099752012 -0.48204677024151981746 0.6786117598672101181
1671632234.2998361588 1023.1285629654861395 1795.5259185266609165 -762.9625238602693571 -0.36967985781038048554 -0.41354646840163394872 -0.48104606630773144582 0.67890411936568095808
1671632234.3996841908 1023.1489025775211985 1795.489827249505197 -762.95264528880011312 -0.37063165823328975135 -0.41320662094329113634 -0.48150097693826704459 0.67826932079474400172
1671632234.4995222092 1023.1547892800383579 1795.5429636670230593 -763.01278554947327848 -0.37005258883865804753 -0.41465139411938728431 -0.48060791956035342487 0.67833718054115588192
1671632234.5993623734 1023.1671628989265628 1795.4932239742179263 -763.00904803506637109 -0.37144570433032231271 -0.41450156593983933373 -0.48110300019576768271 0.67731561606875934078
1671632234.6994388103 1023.1699539773608194 1795.524940929357399 -763.05609055970660393 -0.37084977857810474955 -0.4159143905515308437 -0.48013547813387941199 0.67746260715840989075
1671632234.7994403839 1023.1855846771300094 1795.4418164129913293 -763.04935176700564625 -0.3723983487669984549 -0.41684762476430647915 -0.47983586679871625957 0.67625074380550131981
1671632234.8992846012 1023.1973553424965075 1795.4674254615636073 -763.1003921778141148 -0.37215972685098946959 -0.41888049453717735027 -0.47854239590955593986 0.67604248706987979389
1671632234.9997694492 1023.2266230032963676 1795.3815677690940902 -763.09857821307298309 -0.37401524585511980447 -0.42005032876539949438 -0.47826941527505933971 0.67448401284572123693
1671632235.099768877 1023.2421205208437414 1795.4399976907654946 -763.12651616979462688 -0.37385686258669764692 -0.42254584813359719053 -0.47672922737694045647 0.6741033276037701194
1671632235.1996202469 1023.2689833452575385 1795.3824894464851241 -763.12052345690278798 -0.37564184664170013894 -0.42323957499875536348 -0.47672836844932492406 0.67267490507832328195
1671632235.3503651619 1023.2814305174691754 1795.4301248021249648 -763.17896905611894454 -0.37473388268873303319 -0.42568650904417343339 -0.47497017796075124973 0.67288100228104530398
1671632235.4503574371 1023.2930124039525026 1795.3906385548807521 -763.17921592663753927 -0.37572395586430390457 -0.42559088979125420105 -0.47526263959905173939 0.67218251012482388429
1671632235.5503606796 1023.2952284155880989 1795.4326993201839286 -763.22797735311121414 -0.37444647821397120113 -0.42712311655105567043 -0.47404104351032405607 0.67278582574881196088
1671632235.6503868103 1023.2988273872111904 1795.3998526860934817 -763.23271467255358402 -0.37573012747754586105 -0.42675808816553895131 -0.47462926501055680006 0.6718864980683419974
1671632235.7504336834 1023.3013314414366732 1795.4464377302574576 -763.27122858147174611 -0.37483328362157058988 -0.42830817794509518093 -0.47344389030045891387 0.67223730700697570395
1671632235.8504760265 1023.3114648311890278 1795.412471891839914 -763.26182398610751534 -0.37597565951956263275 -0.42794971013365512569 -0.47400648533326050771 0.67143071191848258117
1671632235.9504976273 1023.3179872689670447 1795.4652800609214864 -763.28547156136642116 -0.37506099092518324634 -0.429993881299146119 -0.47247586996031670781 0.67171501951107015493
1671632236.050475359 1023.3224042714032294 1795.4232309604503826 -763.27441034530386332 -0.37677836632809563744 -0.42961214804005154466 -0.47308048886889769724 0.67057163373878903023
1671632236.1504499912 1023.3255534453711562 1795.4581009079524847 -763.30885034350330898 -0.37608950757925330155 -0.43109815893221781202 -0.47203363175119911199 0.67074235750384836319
1671632236.2504217625 1023.3262291824399881 1795.412723032998656 -763.29853343100216989 -0.37766839358794107584 -0.43049116262736270011 -0.47282586792265957065 0.66968622653271703271
1671632236.3503684998 1023.3382558516708514 1795.4521983867246036 -763.34211517600851948 -0.37640014158083817675 -0.43250654126268384125 -0.47128687129936830402 0.67018632493043905907
1671632236.4502995014 1023.3422136123043629 1795.4215170081210999 -763.33201199042878216 -0.37751802616130164525 -0.43175777996686703908 -0.47204311149704847317 0.66950777459977428574
1671632236.5502474308 1023.3496533776634578 1795.4680817358866989 -763.37382235587972446 -0.37628425475883331419 -0.43343205698326842112 -0.47069149822022510188 0.67007188054942445898
1671632236.6996226311 1023.3516010373598419 1795.4504721364558009 -763.36760840352633295 -0.37686949933285085468 -0.43265130972998472325 -0.471323325865431908 0.66980336454565758686
1671632236.7994670868 1023.3622484337217884 1795.5043686946783055 -763.39684326193832931 -0.37582511930727374727 -0.43451546348358055516 -0.46994556480938048937 0.67015144393436543169
1671632236.8992996216 1023.3797466427859035 1795.4748583537295872 -763.38758248768692738 -0.37689769781448201336 -0.43423642669608558675 -0.47051471814468853738 0.66933007636112029637
1671632236.9998135567 1023.3819914397674893 1795.5106527215552887 -763.41600607117982236 -0.37634316418973140506 -0.4354631022152484765 -0.46971050192250490829 0.6694100042279333973
1671632237.0997898579 1023.3795299978006597 1795.4869183084288125 -763.40840979157655966 -0.37751847009037758918 -0.43447420724429680616 -0.4706177006769782234 0.66875327871314005357
1671632237.1996259689 1023.3757695628811462 1795.5290736589470271 -763.4354865723370267 -0.37679063611686891555 -0.43599266556056504029 -0.46944872753536448506 0.6689970884297372633
1671632237.4504070282 1023.3803230571681979 1795.461511492537511 -763.40575796336315761 -0.37824554648069913521 -0.43520055539129948174 -0.47027035296214964033 0.66811419553806605798
1671632237.5504472256 1023.3923620528418041 1795.5033732792128376 -763.4317386313651923 -0.37738979099311298349 -0.43700612614099054731 -0.4689010806291594724 0.66838190277282771845
1671632237.6504609585 1023.3895739867126622 1795.4750720791919321 -763.41368896943833988 -0.37839636352116884366 -0.43575741109064569656 -0.46995101456863769274 0.66789049600921956973
1671632237.7504923344 1023.4007226771241221 1795.5383892426705188 -763.44655871056102114 -0.37722083253761706789 -0.43766839525909617681 -0.46846960175686525041 0.66834650557979202734
1671632237.8505370617 1023.4036402572262432 1795.5105710213247221 -763.4390221962959231 -0.37851583105583569422 -0.43712579436145310163 -0.46915596981671520149 0.66748743922962006092
1671632237.9505953789 1023.4057496994054191 1795.5618004931736778 -763.47158926774557131 -0.3779477915195150195 -0.43900845207174271634 -0.46785512831439057813 0.66748679747618866465
1671632238.0506556034 1023.4024857860734983 1795.5355926203651507 -763.45504528194021532 -0.37931928239666323766 -0.43761379377782777533 -0.46908466498678719203 0.66676129654599114449
1671632238.1996591091 1023.4004513438510457 1795.621752225813907 -763.48070353484558836 -0.37827936612914642156 -0.43982921831143834135 -0.46749332195034509763 0.66701197426456382278
1671632238.299503088 1023.4037337474458127 1795.5944228682722041 -763.46732768626247889 -0.37955901093408128677 -0.43937699234038463114 -0.4681748399285607376 0.66610444757449704944
1671632238.3993551731 1023.4159153718514972 1795.6612661879025836 -763.4904450091697754 -0.37897927447203100249 -0.44158956763391871148 -0.46660546538292113627 0.66607259585748579411
1671632238.4991984367 1023.4272481585737751 1795.6275474615615622 -763.47082421527579754 -0.38045307526457861069 -0.44130807283416045861 -0.46719939387457309898 0.66500178100239415446
1671632238.5997724533 1023.4323733142090305 1795.6716103915323401 -763.50389586043206691 -0.37959656204524427903 -0.44299826987807616741 -0.46587356751040337466 0.66529752897751837093
1671632238.6996154785 1023.4400065498841741 1795.6268112989234851 -763.49166330211539844 -0.38084929953518981138 -0.44266181810916888084 -0.46644816005275374637 0.6644023177377099687
1671632238.7994589806 1023.4487485403652727 1795.6472437291836286 -763.53878978650004683 -0.37997494615658006234 -0.4437269910473189416 -0.4655532423928876451 0.66481995773808244543
1671632238.9505779743 1023.4578711255958297 1795.5841534029175364 -763.52245005106351528 -0.38129284567331300781 -0.44294573420399890873 -0.46638564989536218652 0.6640024608090757674
1671632239.0505628586 1023.4687293070192027 1795.6178070512271461 -763.53333087285807323 -0.38059450384015014457 -0.44444523940730051859 -0.46528099789141974529 0.66417606537425133428
1671632239.2505559921 1023.4728297405947615 1795.5577764942090653 -763.50285476455269418 -0.38203690280681568137 -0.44400292508093991417 -0.46585851946002754254 0.66323830352284096623
1671632239.4505662918 1023.4536306714969669 1795.6184742957195795 -763.53758853549766172 -0.38194130122439279296 -0.44512502540720094713 -0.46512114791151204507 0.66305872435308010893
1671632239.599801302 1023.4502511833707104 1795.5961967821053804 -763.52772302916571334 -0.38301875191667256182 -0.44449176358163405842 -0.46585800768135127159 0.66234433980177220835
1671632239.6996335983 1023.4556207318178167 1795.6318589842012443 -763.54547385765192757 -0.38255438806225694481 -0.44550811779591675821 -0.46510762167479091644 0.66245721175957572591
1671632239.7994842529 1023.4673615097430002 1795.5996974203305854 -763.52633047744325268 -0.3837515698284909571 -0.44539509968939339224 -0.46553040896552810857 0.66154317784648963841
1671632239.8998055458 1023.4774752604625974 1795.6438951638710932 -763.5458984768222308 -0.38318442713323808135 -0.44722765212924425748 -0.46418001753141702181 0.66158448689344984128
1671632239.9996404648 1023.4898047269408607 1795.5997514229668468 -763.5236156059604582 -0.38456723138788756478 -0.44707945478240102011 -0.46459813251039849824 0.66058805690231503505
1671632240.0998101234 1023.4925836725143427 1795.6340403143449294 -763.51754603028621204 -0.38435363364954966414 -0.44881075823490867993 -0.46335317292989297577 0.6604127684477300031
1671632240.1996693611 1023.5000956287011604 1795.5887892029893464 -763.47861216869057444 -0.38543031014157680403 -0.44847931832160359278 -0.46387444058903248845 0.6596440558590443981
1671632240.2995026112 1023.5091816170679522 1795.6257717451442204 -763.44987799543878282 -0.38484427333897436307 -0.45016677787036996072 -0.462508551305718274 0.65979587551688412272
1671632240.3997819424 1023.5184435384048811 1795.5740878747249099 -763.39222191613964696 -0.38611458671370402218 -0.45002452846264817676 -0.46292471644729221714 0.65885822193478815745
1671632240.5505225658 1023.5258486574801964 1795.6034566402065593 -763.35315247981225184 -0.38578001778953485701 -0.45172735185659873558 -0.46156915493814087981 0.65883995982986787165
1671632240.6505424976 1023.5374686195750655 1795.5510275351953169 -763.29594054195683839 -0.38676580376406882733 -0.45111411300376225153 -0.46224345536526212364 0.65820912942585785288
1671632240.7505311966 1023.5356695106287361 1795.5738385551114789 -763.28545838851380267 -0.38648289897216342448 -0.45205729726175158945 -0.46148928685545342887 0.65825740171464730555
1671632240.8504981995 1023.5359681196869133 1795.532899298917755 -763.23221403999252743 -0.38749985722390151155 -0.45109135492319024641 -0.46236523520130795584 0.65770725968492660396
1671632241.0504243374 1023.5371853141825795 1795.5409022966343855 -763.12357426643518465 -0.38757392711654464756 -0.45137481792426309424 -0.46203540993082248267 0.65770092347004815991
1671632241.1504244804 1023.5451166367505493 1795.4899492886909229 -763.0455270383191646 -0.387820111372822518 -0.45127902615323911562 -0.46223080451635717436 0.65748420903099802359
1671632241.2504377365 1023.5717384259478422 1795.5142751621356183 -763.03940324010500262 -0.3864168920972159138 -0.45322679599681903184 -0.46049741632177665362 0.65818658939039076383
1671632241.35049963 1023.5966270265369076 1795.4735636887398869 -762.94668457109651172 -0.38714700573406424233 -0.45346908891631954042 -0.46036821643738651266 0.65768083949801325883
1671632241.4505610466 1023.6230434476624396 1795.4972605268794723 -762.8923229354037403 -0.3868740213348169088 -0.45488605776152762905 -0.4592336497271026774 0.65765615714347924747
1671632241.5506529808 1023.6422816153126405 1795.4497100218973173 -762.79637066954444435 -0.3881688118134911103 -0.45457122942394417864 -0.45988616839228474431 0.65665415786148029209
1671632241.6507434845 1023.6771836674018914 1795.4793148318342446 -762.71598065940281685 -0.38794070119269696839 -0.45634514372333201404 -0.45873487777653587649 0.65636379704367975307
1671632241.7508044243 1023.7003225566199944 1795.4232876872713405 -762.59451297702753436 -0.38931060757946212014 -0.45637002154380323926 -0.45911804181372839473 0.65526657014023403924
1671632241.8994317055 1023.7515163096849165 1795.4322444966687726 -762.40406106120235563 -0.38912626098267066865 -0.45732096776108888125 -0.45852094451874175762 0.65513115396640109189
1671632241.9992611408 1023.7912070242558684 1795.3559594420337362 -762.23590185820876286 -0.39052851160749052495 -0.45708388022075069346 -0.4591673685358058643 0.65400851350413191643
1671632242.0997662544 1023.8336340465926924 1795.3599661430862398 -762.10371452561798833 -0.3903516314810666632 -0.45796294811475146691 -0.45879571142920727578 0.65375992315855746551
1671632242.2994801998 1023.8889543496254646 1795.2291853108424675 -761.68236056980867943 -0.39199599922358835391 -0.45786496566619366844 -0.46028350189315325736 0.65179590954007338155
1671632242.3993229866 1023.9124872060090183 1795.2192687324995859 -761.48445166266844808 -0.39079956461782033861 -0.45815624882818994923 -0.46066335118619500255 0.6520412784694757935
1671632242.499755621 1023.9599412699819823 1795.1504943611523686 -761.24762752487242778 -0.39091506582151086535 -0.45769144485523882704 -0.46156808111631125735 0.65165854487967389552
1671632242.5998039246 1023.9947767001148122 1795.1388418326630472 -761.05430985507166497 -0.38879960639799748812 -0.45946855328075009162 -0.46083491894243883147 0.6521922202036547489
1671632242.7507686615 1024.067370519037695 1795.0102746459074297 -760.61968166348515297 -0.38565517030600265924 -0.46108418429691722107 -0.46395684413899895837 0.65070385843644329427
1671632242.8508071899 1024.0640760009134738 1794.9583807881886059 -760.45223395507025543 -0.38237320997376167409 -0.46349501535010206865 -0.46457526665493509288 0.65048667984245911455
1671632242.9508318901 1024.0998653546880632 1794.8714236602043002 -760.20439228167833789 -0.38281883460607696312 -0.46297268631609672651 -0.46642172915064067373 0.64927405783091962643
1671632243.0508191586 1024.121667883014652 1794.8496151393999298 -760.01272756708408451 -0.38112033039848980387 -0.46480129213221577089 -0.46521026097157480717 0.64983572206822226569
1671632243.1508009434 1024.1394788937075191 1794.7557040264482566 -759.74175829410546612 -0.38085591449335903791 -0.46456092273016275085 -0.46581907734990152248 0.64972648756566275807
1671632243.2507865429 1024.1631659466206656 1794.6865985635270135 -759.547129577447663 -0.37845669641582924125 -0.46555681030431106393 -0.46569294634693680912 0.65050554574115804218
1671632243.3507418633 1024.1968187941206452 1794.5863973237005666 -759.25066173637844713 -0.37829804675788059054 -0.46593789058894174993 -0.46783134986289870438 0.64878833067353924857
1671632243.4506845474 1024.2306649739628028 1794.5220674579190927 -759.02501212587060309 -0.37635306630912312986 -0.46880933878398661774 -0.46768105143827853887 0.64795880075374234774
1671632243.5506262779 1024.2524229964358256 1794.4208695790080128 -758.72997537784829092 -0.37677250605527484728 -0.4694134450049285423 -0.46906291864460347707 0.64627662396379381704
1671632243.6505818367 1024.2605507029238652 1794.3498380438950335 -758.50532142169242888 -0.37486030033666328798 -0.47177754996026832757 -0.46848931037110003173 0.64608317162189277116
1671632243.7505722046 1024.2783029936686034 1794.2409502685661664 -758.18936300173049858 -0.37484751812136735127 -0.47204345034827810412 -0.47009548873680417902 0.64472827657149400782
1671632243.8505673409 1024.2927266184528889 1794.142109558878019 -757.96207537835255152 -0.37340236853978842069 -0.47245142485908470098 -0.47121691284591071813 0.64444933343550470095
1671632243.9505753517 1024.3154695646828714 1794.0260089543658069 -757.64101541472348345 -0.37402938320986017784 -0.47240991149961214512 -0.47338301441465352459 0.64252581090278115816
1671632244.0506100655 1024.3183228787013377 1793.9507622576625181 -757.41954238486368922 -0.37242215921389210109 -0.47430058203204283895 -0.47400705567989004363 0.64160580138914735659
1671632244.1506397724 1024.3311854283874709 1793.8280956705468725 -757.08034136424112148 -0.3721593012910393572 -0.47496503222461600169 -0.47589487303461064371 0.63986697246053192423
1671632244.2506632805 1024.3526502127524509 1793.7650186018486238 -756.81417624031780633 -0.36934923879657266532 -0.47741682014408282075 -0.47553931716940234242 0.63993490096256167021
1671632244.4506392479 1024.3391109398182834 1793.5206701521096875 -756.07335344355999496 -0.36765893640515173724 -0.4793400797703634697 -0.47860301375374331156 0.63718062559450805438
1671632244.5506234169 1024.356074837822689 1793.4398095561225546 -755.75006811694368025 -0.36209798155315209289 -0.48330302996961571615 -0.47685794685603305476 0.63867811258690476706
1671632244.6505753994 1024.348042151105119 1793.3010411668344659 -755.32675934987310029 -0.35993838125381050208 -0.48452560826572449448 -0.47832952284288365874 0.63787158912434360758
1671632244.8504357338 1024.3878263677977429 1793.1190794891911082 -754.60289571019040977 -0.36133574942057100632 -0.48611930698670607898 -0.48100010684099453462 0.63384808336413733798
1671632244.9503865242 1024.4100625300002321 1792.9851459878798323 -754.20374617682023199 -0.36259442032525052158 -0.48391226829103262119 -0.48442016336691628986 0.63221144269144113892
1671632245.0503702164 1024.4369513276571979 1792.9162365470037912 -753.90813135473229067 -0.35873879978228495613 -0.48591850760838861678 -0.48387924110196400829 0.63328552606623600418
1671632245.1503784657 1024.4273252214682088 1792.7887535805439256 -753.51208873741848038 -0.3578621589147497617 -0.48664665387334854474 -0.48494831936415705442 0.63240401408959090457
1671632245.2504417896 1024.4104335265776626 1792.6945974767597818 -753.19564581298322992 -0.35318934674930801965 -0.49333892612782170861 -0.48095023478570519959 0.63289877624263102263
1671632245.6506111622 1024.3225289085382883 1792.1726251960928948 -751.45770737864711464 -0.35208544111717698932 -0.49907834281980717472 -0.48656195076356079099 0.6246712078771650134
1671632245.7506015301 1024.341778795144819 1792.1058414529745733 -751.27591189313022824 -0.35056067892890102611 -0.5023312984599321851 -0.48619079928427355597 0.62320861969952379145
1671632245.9996483326 1024.2294081573650146 1791.7516263333830011 -750.11234243702244839 -0.34789062230020950661 -0.50596677952887525453 -0.48632212738610869351 0.62165948986836949697
1671632246.1505610943 1024.2154761052775029 1791.5320665809415459 -749.29899337072652088 -0.34504101200290454576 -0.50958819251145059948 -0.48465976228174512119 0.62158787706480156388
1671632246.2505226135 1024.215781364705208 1791.385200521511706 -748.78818437131963037 -0.34637985763563589048 -0.50838035590102392813 -0.48686351263820859536 0.62010831958606205117
1671632246.3504998684 1024.1997006833908017 1791.2493270844943254 -748.26499160564503654 -0.34417947759178119105 -0.51030827662724687066 -0.48534235839995248929 0.62094182106953466072
1671632246.450480938 1024.1706610637450012 1791.0840171382867538 -747.73080559347488361 -0.34522103660197395181 -0.50888041827873564671 -0.4870905370620247643 0.62016607814725399628
1671632246.550460577 1024.1524804836290059 1790.947580308691613 -747.19468831140068232 -0.34361347648842416325 -0.51073453989293760014 -0.48577485554646648858 0.6205665139650203832
1671632246.6504423618 1024.1216344533736446 1790.7767681568827811 -746.64662348600472797 -0.34511195883506018411 -0.5100326682632434494 -0.48736126634914822553 0.61906656284753291963
1671632246.7504272461 1024.0928380519851544 1790.6279274655582867 -746.10667473955845708 -0.34289979679920185029 -0.51204956065971996004 -0.48596908168008406959 0.61972496192607084975
1671632246.8503963947 1024.0659338471648425 1790.4588812722688544 -745.54876653811163578 -0.34454457298927015918 -0.51115607194240175737 -0.48758927562495302244 0.61827599471076810644
1671632246.9503483772 1024.0465584990270145 1790.3182636501951492 -744.99045058064689329 -0.34228716339755715925 -0.51389437487292266571 -0.48537690683706297134 0.61900026458516743677
1671632247.050318718 1024.0298928202398656 1790.1513684563142306 -744.4166865670711104 -0.34346074285675592952 -0.51243716206890999043 -0.48726836812797469367 0.61807152536656106978
1671632247.1503014565 1024.0015697363735399 1790.0015526067647897 -743.84594154914532282 -0.34124479214259695325 -0.51378076142381301494 -0.48587858411322887298 0.61927645080888282791
1671632247.2502968311 1023.9811085498118928 1789.8193862228376929 -743.26164260445580112 -0.34279983600988495063 -0.51210926525543554177 -0.48766572851236944519 0.61839672549717972228
1671632247.3502967358 1023.9542634579597689 1789.6782313710120889 -742.68082034689780357 -0.33940275410990333738 -0.51532496308333297641 -0.48418042240110281682 0.62033480596308954169
1671632247.4503028393 1023.9256014690664642 1789.4946363969440881 -742.08448505258627392 -0.34101619589385046005 -0.5134351541718380485 -0.48606559314092218083 0.61954219853307113119
1671632247.7502748966 1023.7953962622777908 1788.9894862432370246 -740.23812445945588934 -0.33641141261379398086 -0.51677072758248276951 -0.48209464051981265609 0.62238262681338996085
1671632247.8502323627 1023.7716250627030377 1788.7931688978524107 -739.61070717961035825 -0.3385003478711464675 -0.51471322748463244068 -0.48386548866171524841 0.62158024166283287748
1671632247.950191021 1023.7596476669922367 1788.6518320112293168 -738.97609371914302301 -0.33624889741257124598 -0.51736441163527202569 -0.48131056670400801378 0.62258403685059704458
1671632248.6500167847 1023.3924491786259523 1787.3043566128562816 -734.40432675137492424 -0.33015324849572041943 -0.52094479547552907661 -0.48269406559845717819 0.62178918582644615576
1671632248.7499902248 1023.3781532219455812 1787.135185325970042 -733.71324436978659378 -0.32596019505983725439 -0.52511601518663175714 -0.47946508869415982446 0.62298984787439937172
1671632248.8499732018 1023.3456430020684138 1786.9391491548283284 -733.04144146123564951 -0.32620366246668891508 -0.52536702405292767804 -0.48027003637802895275 0.62203002563263387614
1671632248.9499559402 1023.3429668505226573 1786.7948320372468061 -732.36178393227760353 -0.32105393560693346044 -0.53046716441405150633 -0.47569943659949037729 0.62389021784985698726
1671632249.0499181747 1023.3139286732290429 1786.6061059573066814 -731.67971782120525859 -0.32221370454150993767 -0.53110239242402923487 -0.4759282239019217986 0.62257602191272320979
1671632249.1499180794 1023.339543291626228 1786.4556101893961113 -730.97146560490796219 -0.31587756251940868335 -0.53863044007080707054 -0.46855686004763769104 0.62494246409427534061
1671632249.2499172688 1023.3061239940880114 1786.2640942368805099 -730.26235634355532511 -0.31691177598425523954 -0.5406061590063349076 -0.4675076365531600775 0.62349700628904469735
1671632249.3499143124 1023.348169527852292 1786.1107974178082713 -729.53573423220416316 -0.3116948598343017296 -0.54643490939112249194 -0.46127505852973105238 0.62568404528962062727
1671632249.4499223232 1023.3475482134589356 1785.9240805518534216 -728.81969218665710741 -0.31231735795850923409 -0.54701672986578164792 -0.4607919766501369363 0.6252210164570786155
1671632249.5499436855 1023.4071473985293323 1785.7758664043117278 -728.09811937918630065 -0.30608974280799589041 -0.55278576006124757747 -0.45402125073802629407 0.62817328556658835748
1671632249.6499991417 1023.3895892602116646 1785.5967992311680064 -727.37108280443339936 -0.30621295951076149544 -0.5529741279878540583 -0.45423006177459746002 0.62779637477766536691
1671632249.750068903 1023.4689064108447383 1785.4438329994231935 -726.63454723141410341 -0.30142020596732510551 -0.55752198432018684748 -0.44887015561108839501 0.62994498159440448504
1671632249.850153923 1023.4525995700614658 1785.2469938714991713 -725.89306322534275751 -0.3013668915101264667 -0.55723242774710102232 -0.44892462214781569951 0.63018783056961424904
1671632249.9502556324 1023.4957608747405402 1785.0776848947432427 -725.1497174618216377 -0.29543138899475701598 -0.56060496478696220102 -0.44393564365052795573 0.63353256597386475857
1671632250.05032897 1023.450473562277125 1784.8720137409513882 -724.40910616507471786 -0.2941107124052201871 -0.56010284191961190459 -0.44393109039419847983 0.63459347798688103826
1671632250.1503553391 1023.4691271209292154 1784.700019773790018 -723.65883560718532408 -0.28914262331845114185 -0.56330355643166218904 -0.4396939659841706538 0.63698890333276336762
1671632250.2503492832 1023.4215689761823569 1784.4964688863544779 -722.92963327060340362 -0.29061346594916198649 -0.56391084204352481812 -0.44012609138189190405 0.63548202124031560878
1671632250.3503153324 1023.4012982822755475 1784.3099124181974275 -722.19270029504230024 -0.28820674095497494926 -0.56758801808516301524 -0.43637024809306573792 0.63589442738041423997
1671632250.4502580166 1023.3169300461306648 1784.097870280774714 -721.46739734255504573 -0.29113802133756977453 -0.56652892225198214771 -0.43842633317654267078 0.6340867315762285239
1671632250.5502128601 1023.2540937615773373 1783.9081767850145752 -720.71655848660316224 -0.28950406058719574398 -0.56841598315623398374 -0.43616953075290831876 0.63470214229892529811
1671632250.650179863 1023.1522538562853697 1783.6821717862806054 -719.99161326245643977 -0.29077382136480445229 -0.56656585713174301144 -0.43824675348985475676 0.63434493565968097517
1671632250.7501561642 1023.0690803213084337 1783.4858275338540352 -719.23923568757720659 -0.28741090894502130393 -0.56767462431720039362 -0.43656257158467881574 0.63604529038197799018
1671632250.8501346111 1022.9848371712892003 1783.2635096876647367 -718.50692739564317435 -0.28897977796359769487 -0.56464206535938088471 -0.43958446682783230974 0.63595245300139602307
1671632250.9501338005 1022.9422910935929849 1783.0903676613088464 -717.72928417729019657 -0.28622344497225804538 -0.56756669612981014428 -0.4365463947728804861 0.63668785931828875135
1671632251.0501675606 1022.8777045458297152 1782.8912600558244321 -717.00725808039408093 -0.2918626627523567274 -0.56766299697021216364 -0.43815535073683636869 0.63292558534363352329
1671632251.1501870155 1022.8488560294844092 1782.7255591451278178 -716.23883982610072962 -0.29351764354878595586 -0.57291708727058587858 -0.43428331441781464761 0.63008841193695452887
1671632251.2502112389 1022.7759443781787922 1782.5265663780196519 -715.47987289541856626 -0.29912626897984545549 -0.57188838364850269613 -0.43709322628729913029 0.62643169091917760838
1671632251.4502437115 1022.6695715724408728 1782.1470952382244377 -713.86620061444341445 -0.29229143942355734209 -0.57195424640479752831 -0.43481933218374863026 0.63116258033766858837
1671632251.5996103287 1022.5595008685297671 1781.8382401536152884 -712.72539344548999907 -0.29517137702372303609 -0.56675767688565070745 -0.43986827596123684314 0.63101148458644462647
1671632251.6994485855 1022.5112867285417906 1781.658086660421759 -711.92312853803457529 -0.29215721269820882355 -0.56888253755236684039 -0.43676735203221517256 0.63265401424092815308
1671632251.7997436523 1022.4301231535303032 1781.4378532145926783 -711.19845447299803709 -0.29569183664929910016 -0.56753166460612647359 -0.43908677604923901372 0.63061632591223715227
1671632251.8995840549 1022.3542913095346876 1781.2466261925505933 -710.39053679923904383 -0.29456723579979415817 -0.56916260781437721938 -0.43736391692804987841 0.63086993400269153476
1671632251.9997811317 1022.264979907002612 1781.0375979653017566 -709.65844089386530413 -0.29837202742670332345 -0.5663236495193570974 -0.4408763728338593868 0.62918970201459467617
1671632252.0996255875 1022.1817500507444265 1780.8388505538471236 -708.85175437712416624 -0.29670373636065633383 -0.56651449918663221439 -0.43988820119190769065 0.63049709396086306423
1671632252.1994979382 1022.0978503832737943 1780.6264842836451407 -708.14877077801122596 -0.29973489943868858454 -0.56384040723979667042 -0.44319130967851250169 0.62914580841612954831
1671632252.299374342 1022.0220327469602353 1780.421549675619417 -707.31744014867922488 -0.29844945854301657695 -0.56480442370267813779 -0.4418668412700755832 0.62982345006142137489
1671632252.3992218971 1021.9339293253789265 1780.2052085321056438 -706.58015885330019046 -0.30134856983786556528 -0.56261962093079109781 -0.44415679192782053786 0.62878688423404049956
1671632252.4997961521 1021.8710786729950541 1779.9850731189362705 -705.7263985446982133 -0.29961740187542040825 -0.56367277973716278794 -0.44265053150747274424 0.62973241685096281728
1671632252.5996294022 1021.7862502020836928 1779.7592638144981265 -704.94793791442202746 -0.30151932922031970952 -0.56163630117870833036 -0.44489141727237796475 0.62906469153991062537
1671632252.6994509697 1021.7203266479335753 1779.5465783905444823 -704.08563460703055625 -0.29917257424470500293 -0.56278561516427327849 -0.44343054526526504144 0.63018844301503706973
1671632252.7997713089 1021.6465603013544978 1779.3161283047320467 -703.34028062119182323 -0.30151444464331933482 -0.56145950090804708221 -0.44519793610155006247 0.62900800169984938393
1671632252.8996191025 1021.6007084451392757 1779.1060245060580201 -702.4943469634788471 -0.29906080740377127825 -0.56282493080631046389 -0.44324984897868396905 0.63033348484611728679
1671632252.9997611046 1021.5431633625720451 1778.8803216774556404 -701.72139509110024846 -0.30099496830923994084 -0.56038642708653874092 -0.44631117390370134146 0.62942467177447314342
1671632253.0995895863 1021.4779544431854674 1778.6618240365178281 -700.86964651103608048 -0.29824507527673405072 -0.5613967159829874598 -0.44477966809921248847 0.63091572274135487852
1671632253.199457407 1021.3916771197639264 1778.4231243986469053 -700.09142290758131821 -0.2973965385119988758 -0.56293232096595158254 -0.44312914346132692422 0.6311093907621714294
1671632253.2997682095 1021.3211551454895698 1778.1952461512626087 -699.22150045038745247 -0.2957493063246232623 -0.56563518149353331221 -0.44007499216577433687 0.63160366570783621487
1671632253.3996086121 1021.2542166578107299 1777.9843963763851207 -698.38083202145958239 -0.3026190391206152186 -0.5647872109258422757 -0.4428792648894487316 0.62713242641989563886
1671632253.5500981808 1021.1667403030302239 1777.6877263590167786 -697.1287030810746046 -0.30494680988641031938 -0.56668904825600474595 -0.44038891191055157259 0.62604198900157326246
1671632253.650147438 1021.083674247994395 1777.4815041288229622 -696.28840637120811152 -0.30560436032875176737 -0.5654749320563552395 -0.44111732605620196379 0.62630629951880700812
1671632253.7501938343 1021.0162182137358968 1777.2669000324553963 -695.43486737696491673 -0.3015823546596200222 -0.56409538641173195828 -0.44063535139875698032 0.62982931456439195106
1671632253.8501887321 1020.9365432917411454 1777.0513454549102335 -694.589339030987162 -0.30191615878062305622 -0.56083504336816547564 -0.44239147389654964737 0.63134813773465758846
1671632253.9501488209 1020.8754252735660657 1776.8489214774276661 -693.75797327873715403 -0.30025794658764004552 -0.56115964978025911769 -0.44096530718712867447 0.63284643542239538139
1671632254.0501112938 1020.7990463652794233 1776.6308857677722699 -692.90829286557891464 -0.30306224445517054855 -0.56192619708434010661 -0.44076683891317453012 0.6309649900989858784
1671632254.1500532627 1020.7236467719807251 1776.4066820739078594 -692.05782887697557726 -0.30196751897442580814 -0.5655048194094816072 -0.43712317106037579251 0.63082743284609976708
1671632254.2500085831 1020.6355732029030605 1776.1818059536963119 -691.20587817386422103 -0.3035397597331607189 -0.56721098823330984295 -0.4361461589852415055 0.62921525497316699305
1671632254.3499672413 1020.5655721992785629 1775.958758208714471 -690.34690850629669967 -0.29904617144997075462 -0.56934477401378291717 -0.43300494820738799628 0.63160480561204312977
1671632254.4499154091 1020.4817006328177058 1775.7360893328373095 -689.48589133486348146 -0.29898935337687321256 -0.56733631275370732805 -0.43385543441694707223 0.63285411970310267993
1671632254.5498974323 1020.4039389050540194 1775.515939943573585 -688.61664076788815692 -0.295824635985416029 -0.5667372676059788672 -0.43294966320175326535 0.63549291371666227768
1671632254.6498947144 1020.3281482913702121 1775.2958020269331882 -687.74858923685076206 -0.29716146795153208782 -0.56658290147909751155 -0.43256527446407339044 0.63526857394667257672
1671632254.7498824596 1020.2496092474824536 1775.0841752066294248 -686.90464685485187601 -0.29681298910649328571 -0.56898617833763021068 -0.43020845054374751149 0.63488382200143922418
1671632254.8498730659 1020.1683441263426175 1774.8587804910346222 -686.04807070224319432 -0.29877907945765830311 -0.57009488943013675311 -0.42940697294877638868 0.63350811384467964338
1671632254.9498689175 1020.0950873434414916 1774.6450133014564017 -685.19519525386613168 -0.29779536425060509908 -0.57026899285551047036 -0.42856747660412891632 0.63438246729838010385
1671632255.0498433113 1020.0272007206231137 1774.4232271919363484 -684.33315382793159642 -0.29886486735479145249 -0.56849921345206444467 -0.42967190850023934123 0.63472079405920611705
1671632255.1497757435 1019.9450426264407952 1774.2125465408480522 -683.46987102265484282 -0.29652337016098062605 -0.5692798478165276288 -0.42712850033273808137 0.6368324662121673807
1671632255.2497017384 1019.8795465812225984 1773.9994623390616653 -682.60114953493075518 -0.29788032330345304288 -0.56927387755449265772 -0.42627043767428762777 0.63677945890839937615
1671632255.3496322632 1019.8140361890017402 1773.8010558247030986 -681.74323320238363522 -0.29640373089176930144 -0.57052055986138072718 -0.42355974894534831332 0.63816005685270704717
1671632255.4495851994 1019.7573753819046942 1773.5966596404978191 -680.88376102954305225 -0.2981450960712239695 -0.56978208925168227772 -0.42315759155151988491 0.63827543049140289533
1671632255.5495738983 1019.6935022296333955 1773.3968259046353069 -680.04256877072248244 -0.29701118338571486088 -0.56983265450109832351 -0.42173496557857137468 0.63969893044813674887
1671632255.6495776176 1019.629169656353838 1773.1807136998563692 -679.18402040001456044 -0.29929926694456543412 -0.56833360632756901865 -0.42290375140514535612 0.63919424103522770597
1671632255.7495720387 1019.5535596460772467 1772.9725778260005882 -678.34079216819930025 -0.29863181573740826824 -0.56829118755579632882 -0.42129918039458269519 0.64060218964241322226
1671632255.8495657444 1019.502334005617513 1772.7628940660608805 -677.47390692326302997 -0.3022806138615006244 -0.56639329430343032801 -0.4224399656576227069 0.63981992940733611874
1671632255.9495644569 1019.4409847497175861 1772.5677521159602748 -676.62634812733676881 -0.30254202856246448228 -0.56651247757130041016 -0.42098469060933380037 0.6405496264786196825
1671632256.0495886803 1019.3950370787845259 1772.3558483041092586 -675.75882066718554597 -0.3039661382384638566 -0.56576971363192007924 -0.42037436954672141587 0.64093260750990554975
1671632256.149630785 1019.3448166775838217 1772.1642017083306655 -674.90023010346988031 -0.30193939351382625969 -0.56558383598690709082 -0.41873270792404154728 0.64312552929380550903
1671632256.2496631145 1019.3011937995474909 1771.9625688752714723 -674.03210979039135964 -0.30292742210085682464 -0.56556699282033850995 -0.41869620512071537011 0.64269933980750304503
1671632256.3496747017 1019.2404106288548746 1771.783112274953055 -673.21846560531457726 -0.30283988890588819931 -0.56845632567587600636 -0.41599407741582139497 0.64194574150897809606
1671632256.4496707916 1019.1892144782540299 1771.574128621589125 -672.3799987359914212 -0.30730364752981814691 -0.56844378829086383842 -0.41652844305030017891 0.63948431090879287453
1671632256.5496253967 1019.1279283698180507 1771.3787294700616712 -671.54131435440342557 -0.30818663512180360931 -0.56834242291815162407 -0.41538070007850835808 0.63989589953844361325
1671632256.649579525 1019.0865146803361085 1771.1758343429855813 -670.68000594689283389 -0.30933577982798621253 -0.56627359853423253622 -0.41548033643679394 0.64110972302381386001
1671632256.7495713234 1019.0147224739040439 1770.9854191823737892 -669.82418437313685899 -0.30735016576057905269 -0.565714102512771988 -0.41451165817661250745 0.64318233422629744744
1671632256.8495743275 1018.9868939245728825 1770.7925903935729366 -668.96604719957383622 -0.3094021476241535229 -0.56336088227142333551 -0.41616908196095553363 0.64319368979468427572
1671632256.9994623661 1018.9347593613964591 1770.5300600795071659 -667.73033871234872549 -0.30944648408363290004 -0.56301670004313986162 -0.41435557278378226664 0.64464294633838559179
1671632257.09978652 1018.9085655955191214 1770.3316591503607924 -666.86954292849236481 -0.31128325592215944084 -0.56260588375156495022 -0.41429855078890243103 0.64415375879120273517
1671632257.1996250153 1018.8678814113272892 1770.1633465096381315 -666.04788439775268216 -0.31099361422048366066 -0.56423000771407361142 -0.41199463905110988993 0.64435074897310651298
1671632257.2997844219 1018.8389728934686218 1769.9676304822367001 -665.19475556144482198 -0.3118892313312534581 -0.56413382818707258348 -0.41200110926386240839 0.64399783946838318194
1671632257.3996226788 1018.798509957551687 1769.8007180842216712 -664.38935867069642427 -0.30947674731229196654 -0.56506970834462910691 -0.40984926754731909604 0.64571196788912410547
1671632257.4994683266 1018.7643428723207535 1769.6051978180455535 -663.53958467681002276 -0.31126408254325566016 -0.56312674431645104445 -0.41179552334203162189 0.64531185306758631626
1671632257.5998003483 1018.7092914972113249 1769.4298584301534447 -662.73494829908872816 -0.31040632342259810716 -0.56319907383087353114 -0.41067166779426728107 0.64637721098936273822
1671632257.6996388435 1018.6797482023433759 1769.2284794361255535 -661.87787127945841803 -0.31094929677211485819 -0.56345285910523545958 -0.41069826563999922708 0.64587796448195966548
1671632257.7997820377 1018.6225485574719869 1769.0515822517868401 -661.09943852035553391 -0.3095323218929684761 -0.56470935651756815066 -0.40963501456581052906 0.64613639365596031716
1671632257.8996231556 1018.5870744705058542 1768.8487511143025586 -660.23558949207460955 -0.31103026031676167529 -0.56447354879570987851 -0.41117086107046024734 0.64464588177063608665
1671632257.9994664192 1018.5289234971813812 1768.6833361331296146 -659.47471347560349386 -0.31053041624062144299 -0.56531041553367000763 -0.41003946420754422419 0.64487412141515310093
1671632258.09979105 1018.4932952288322667 1768.4892562892987371 -658.64572058280168676 -0.31122926667237821308 -0.56495229173692140812 -0.41043928752778974234 0.64459665131107735103
1671632258.1996183395 1018.4324663551741423 1768.3298966419092721 -657.93454283910637059 -0.30976319557928438941 -0.56520250361683788132 -0.40963017281441754802 0.6455974086764900699
1671632258.2998073101 1018.3974256105883569 1768.1431465036778263 -657.11906143757460086 -0.31127730972769185325 -0.56501917876911389449 -0.41063062104147357578 0.64439293690640386814
1671632258.3996415138 1018.3248773784243895 1767.9705076144907707 -656.39262647595558064 -0.31084903882336889502 -0.56569453185477547308 -0.40993538329536377551 0.64444980659061179562
1671632258.4994940758 1018.2742319596032985 1767.7587993461957012 -655.52856079519335708 -0.31177419207624434971 -0.56591338896942566805 -0.41109215184966052536 0.64307241585062591138
1671632258.5997681618 1018.1805181977739494 1767.5818702632138866 -654.81803907301105028 -0.31014165865290416191 -0.5666032854551175113 -0.41031989350588288223 0.64374719686598480539
1671632258.6996076107 1018.1206843303822325 1767.3685830141898805 -653.94217069507294582 -0.30928310015610077643 -0.56690675217579455936 -0.41143652775922817666 0.64318013178327670953
1671632258.7998077869 1018.0480880972428395 1767.1840528703633026 -653.15081290888269905 -0.30665725123688258869 -0.56796417359740214437 -0.41100440297049251059 0.64378055928439514854
1671632258.8996527195 1018.0087612259939078 1766.9755210667567553 -652.25133694466444467 -0.30645634852540376558 -0.56794009450362548108 -0.41251714484731916155 0.64292935903620462845
1671632258.9994971752 1017.9479760447600256 1766.8001655685641254 -651.49541849761067169 -0.30502698047751691801 -0.56913024158398850538 -0.41182116847681210503 0.64300282619107707038
1671632259.0997657776 1017.8998134144200094 1766.5938721819679813 -650.62147002592087119 -0.30563212782239340681 -0.56987092826695229242 -0.41308165328292700824 0.64124852848171287611
1671632259.1996054649 1017.8474652268763521 1766.4145264705373393 -649.80814212814595976 -0.30393288384168071214 -0.57124208808550736016 -0.41249060299068190938 0.64121664152123558633
1671632259.2994778156 1017.7969185446637539 1766.2061518219336449 -648.9086541188208912 -0.30332692781782927272 -0.57140765833590734246 -0.41383096444557959659 0.64049199504889520185
1671632259.3993196487 1017.7270410777333609 1766.0017992006303302 -647.9986907336093509 -0.30285813398444599853 -0.57153195088640851296 -0.41477334191239217942 0.63999316764654701206
1671632259.5997848511 1017.6075239854867505 1765.5983932836509211 -646.21073103171693219 -0.30460929878651232805 -0.57171389265003280666 -0.41790295542560784714 0.63695645054452398881
1671632259.6996273994 1017.5387007533181531 1765.3924002990406734 -645.30109572326807665 -0.30247981394575779168 -0.57152603630859322159 -0.41819314925402012451 0.63794862010488984083
1671632259.7994761467 1017.481940659529414 1765.1816347358142139 -644.40173267567922721 -0.30112554940040064944 -0.57030446102572684985 -0.42053213203227068906 0.63814492958955237878
1671632259.8992991447 1017.4165082910232059 1764.9797935448793851 -643.51954858472299748 -0.29966452265829729429 -0.57073247929653736499 -0.42075228972994932475 0.63830488140308594414
1671632259.999147892 1017.3500743331787817 1764.768012235439528 -642.647914858150898 -0.29992940601660988964 -0.57207324796577430082 -0.42115247225471630355 0.63671433585412040568
1671632260.0997922421 1017.2799899543089168 1764.5656500421098372 -641.78577525257060188 -0.30018295442414888452 -0.57316896156818586405 -0.4206600573320671832 0.63593447110014311718
1671632260.1996231079 1017.212025477183488 1764.3570691724328299 -640.90898190095902009 -0.3005762118636778335 -0.57291862992791431353 -0.42175145064024216479 0.63525105133801595958
1671632260.2995357513 1017.1406286129091541 1764.1544511297834106 -640.03859874758416026 -0.29997295997643502741 -0.5718947866311716588 -0.42256746309653486771 0.63591612295901234209
1671632260.3993666172 1017.0688025048830241 1763.9384791681204661 -639.16049042605675368 -0.29935933558464611348 -0.57080832474692722034 -0.42373222949279365501 0.63640619284148425283
1671632260.4992058277 1016.9893706905676254 1763.7256116864955402 -638.26801648120613208 -0.29788151701691395479 -0.57001744093532036306 -0.42406375907810750503 0.63758658007034274551
1671632260.5997464657 1016.9268920465353858 1763.5047551742286487 -637.38424907151954812 -0.29811506902655371398 -0.56918120822017370664 -0.42527212788799734211 0.63741962243872873906
1671632260.6995842457 1016.8738772695726311 1763.298123402679721 -636.50635571846169114 -0.29819091210182546714 -0.56871014974878020265 -0.42542401221054843008 0.63770318749970178462
1671632260.7994234562 1016.807434516218791 1763.0789917913346017 -635.62423587420494187 -0.29785515461989164887 -0.5692887949900622413 -0.42549319991898937321 0.6372975063405021956
1671632260.8997712135 1016.7411211930576656 1762.8616465796994817 -634.72814038472245102 -0.29661766234123232433 -0.56976456070168490786 -0.4253808347503001408 0.6375244726147974994
1671632260.9996156693 1016.6740416354404033 1762.6367886678783634 -633.83627269177031849 -0.29636055281806283901 -0.56979556671103070986 -0.42647229247961276899 0.63688681776043354343
1671632261.1493330002 1016.5531621855028561 1762.2946514184184252 -632.48339947963802388 -0.29541375464702868125 -0.57049302501158338785 -0.42701322421797782702 0.63633963283882100104
1671632261.3492982388 1016.3989667889758266 1761.8350467000882418 -630.70209868025176547 -0.29550690579492250309 -0.57190094016805170796 -0.42778982395230552571 0.63450835280968920227
1671632261.4492871761 1016.3221211941054207 1761.6094360708498243 -629.79953331106719361 -0.29449841060499543088 -0.57207334394067521632 -0.42716823218570237897 0.63524017246629416178
1671632261.5492856503 1016.2419505033160476 1761.390386683550787 -628.91181809802731095 -0.29376536881349879504 -0.57238236102614248324 -0.42692049865313347334 0.63546772435881193619
1671632261.6493270397 1016.1607698902116681 1761.1699854936271095 -628.00863966381871251 -0.29266181335031027366 -0.57278517219285474127 -0.42637092649493857355 0.63598273762922086227
1671632261.7493641376 1016.0801139551836059 1760.9397323262996906 -627.113795986510695 -0.29231244625892921496 -0.57314020324492342962 -0.42663721792785191944 0.63564488943534414034
1671632261.8494224548 1015.9946312337696099 1760.7041643901029602 -626.19388523104601063 -0.29164607105163237177 -0.57344371636655844249 -0.42657336051693944823 0.6357200968170987343
1671632262.0997810364 1015.7942755831095383 1760.1081501464968824 -623.89360732887871563 -0.29229635880379861712 -0.57444613598462845871 -0.42705507065663367294 0.63419117157906623738
1671632262.1996421814 1015.7001891294970619 1759.8696587883657685 -622.95053027073117846 -0.29204023925019229058 -0.57489795550433631099 -0.42704494659682129543 0.63390650178219720701
1671632262.299570322 1015.6260695325246388 1759.6407667705116182 -622.04167399426671636 -0.29254765406877808465 -0.57479256593979044521 -0.4274455241139803463 0.63349798749019781141
1671632262.3994102478 1015.5370171325720321 1759.4072358289085969 -621.09192034563966445 -0.29266460614154277131 -0.5745898948347520907 -0.42783148512511381956 0.63336727212687871091
1671632262.4992492199 1015.4582738149808847 1759.1787119522680314 -620.15354300785406849 -0.29251950083737238151 -0.57454860036088062358 -0.42811933009553759799 0.63327725890936248376
1671632262.5997986794 1015.3577623289484109 1758.9357357065114229 -619.18055037623503267 -0.29157002557801064979 -0.5745926525594048373 -0.42836303438283229728 0.63351031134743007733
1671632262.699639082 1015.2672734323880377 1758.6981291600666282 -618.25189093510959992 -0.2917689820547884616 -0.57456938008125268968 -0.4291416192317706324 0.63291259999062421393
1671632262.7994596958 1015.1687649843217969 1758.4535720552121347 -617.29300851625600899 -0.29107843827732654551 -0.57431773332093805084 -0.42940348131613070848 0.63328124415359088317
1671632262.8998184204 1015.079310915739029 1758.2182024429428111 -616.37188195604653629 -0.29110786620813317027 -0.57452610821246730133 -0.42928286101427559629 0.63316047448761536565
1671632262.9996621609 1014.9786720294815723 1757.9779290491458141 -615.41846978133162338 -0.29039475513832491149 -0.57508546982156227845 -0.42880015676042809725 0.63330720361487891079
1671632263.0997600555 1014.8959941121282782 1757.7366972699976486 -614.48678302298878862 -0.290742586785624757 -0.57533155206754604816 -0.42921764849810567499 0.63264094369753554048
1671632263.1996157169 1014.7991632110044975 1757.4925734868631935 -613.52211173342016082 -0.29014281990638890463 -0.57564369936515935589 -0.42940182843251406553 0.63250734792315022048
1671632263.299447298 1014.7183704811330927 1757.25762277653007 -612.60126728265356633 -0.29063608487840536521 -0.57545705056999563176 -0.43041018245264484055 0.63176492776737358525
1671632263.3994698524 1014.6228740779895361 1757.0181007260762271 -611.63368645325681427 -0.28997920279420957845 -0.5758593115269445839 -0.43033108925809182566 0.63175412059795266195
1671632263.4993195534 1014.536538724184652 1756.7884789589488719 -610.71948652947742175 -0.2905124384836470508 -0.576229608123996484 -0.43050613250422514744 0.63105184548007287049
1671632263.5997619629 1014.4248297274644983 1756.5411107049881139 -609.7454842151731782 -0.29025252883575769491 -0.57680767856199965937 -0.43024718636029884999 0.63081988719872394977
1671632263.6997964382 1014.3241914335518459 1756.3002422115716854 -608.80249842167609131 -0.29018730010326670987 -0.57680960580243834102 -0.43052997654273017503 0.63065517425208605928
1671632263.7996482849 1014.217719926014297 1756.0517514429204766 -607.82577593190694643 -0.28974076906910217755 -0.57632773288154903746 -0.43125202689894648334 0.63080767302436102639
1671632263.8994774818 1014.1245920926808139 1755.8138294192938247 -606.932017398833068 -0.2905005340651611867 -0.57512634037091092676 -0.43309721835519116029 0.63029035513199427321
1671632263.9993143082 1014.0187408853008719 1755.5599127070654504 -605.95796554189871586 -0.28986291809365111183 -0.57495965529542270023 -0.43348295058580904593 0.63047078841784820469
1671632264.0997588634 1013.9241348177394002 1755.3153885650212942 -605.05107664938373091 -0.29015981214675962141 -0.57457424961291125864 -0.43421645083900045625 0.63018075892357972023
1671632264.1997907162 1013.8264221681292838 1755.065961423286808 -604.06968624427622672 -0.28969721318872548865 -0.5747345974440007943 -0.43435062524215889423 0.6301549028003463615
1671632264.2996444702 1013.7371166855970159 1754.8394098324122297 -603.21116316084089704 -0.28974830765735276605 -0.57410233813932454172 -0.43480901702251173457 0.63039157851971494573
1671632264.3994750977 1013.6322259085380892 1754.5875313508424824 -602.23425482554966948 -0.28771079403604382652 -0.57408287956639580951 -0.43469569143714542614 0.6314198304059560618
1671632264.4993112087 1013.5347230020325924 1754.3687563659523221 -601.44518983558907621 -0.28742455271249767179 -0.57326054271213155999 -0.43572533815744851626 0.63158760782253331456
1671632264.5997920036 1013.4299954178420649 1754.1196015016018919 -600.50786677231155863 -0.28638678465285188901 -0.57395614703457276118 -0.43518173399023318826 0.63180203328153583531
1671632264.6997992992 1013.3326727509218017 1753.912572391089725 -599.78671959824691839 -0.28782927213175862891 -0.57429145521219160386 -0.43505549806737758844 0.63092816403748497311
1671632264.7996432781 1013.2370119200235195 1753.6721494750352122 -598.8750398923642706 -0.28782751663741018566 -0.57459080663132378053 -0.43474857341161504687 0.63086797629747481952
1671632264.8994827271 1013.1374904628637523 1753.4162570360026621 -597.90201017787910587 -0.28730524999185080848 -0.57385862283760558089 -0.43499720901720501098 0.63160066693227046031
1671632264.9993255138 1013.0423079289103043 1753.158764098234542 -596.9172884682880067 -0.28672670630756408316 -0.57253472609192612719 -0.43558983893777747376 0.63265573222963877864
1671632265.0998029709 1012.9498517423713793 1752.8926244734620923 -595.91408158409819862 -0.28656672213847239616 -0.57237996781958566661 -0.43535259208139454046 0.63303144216513651532
1671632265.1998085976 1012.8467717628014952 1752.6205934065935708 -594.89905844526492729 -0.28636823883363460297 -0.57266791256753390993 -0.43487555976311770278 0.63318870901460377887
1671632265.2996284962 1012.7623709140132178 1752.3557843140094974 -593.89039603142009582 -0.28710041584376361223 -0.57259369020034411868 -0.43483390615692812942 0.63295283491062603876
1671632265.3994777203 1012.6604577379957846 1752.088074489571909 -592.88212447399109806 -0.28698441450560407961 -0.57290621148810616514 -0.43448885847220608536 0.63295959628774112193
1671632265.4993178844 1012.5711410874365583 1751.8286066328896595 -591.88443749908628888 -0.28788524105648216622 -0.57315798785393445858 -0.43441105396334411815 0.63237571516902535418
1671632265.6496667862 1012.4128933050598107 1751.4278360254454583 -590.38678668702345931 -0.28897016662689500865 -0.57275853494318218484 -0.43533303498064185311 0.63160830591744698825
1671632265.7497069836 1012.3147964108100041 1751.164226659243468 -589.38663635785314909 -0.28929200805623805914 -0.57165978620230928353 -0.43602099303457458879 0.63198173751071573534
1671632265.8497266769 1012.2095588767828076 1750.8958666077021462 -588.37759263449618174 -0.28850553070315609894 -0.57068143819907157788 -0.43639305805958306106 0.63296789312423640261
1671632265.9497241974 1012.1097001420954484 1750.6268020086454271 -587.36260295866077286 -0.28860422481256509109 -0.56980100236340114339 -0.43693456329105095914 0.63334240859716695038
1671632266.0496993065 1012.0033279221187286 1750.342120521376728 -586.34894619240822067 -0.28855322829198243317 -0.57020556531507859965 -0.43639317568537144831 0.63337480526243172818
1671632266.1998023987 1011.8494238256815834 1749.9321848007493827 -584.83503329424115691 -0.28931612588865612823 -0.57020549984046209335 -0.43614942183341298687 0.63319471656580328389
1671632266.2996668816 1011.7424979025105358 1749.649603350724874 -583.82439626973700797 -0.28988054904887922136 -0.57048830655694771075 -0.43637987195261057627 0.63252270055669113091
1671632266.3998057842 1011.6468156517321404 1749.3886825024651444 -582.81597343244186504 -0.29137154995895786502 -0.57006384653334785106 -0.43679379508617183214 0.63193434099148082517
1671632266.4996511936 1011.541311618502391 1749.105281269000443 -581.79298716296909788 -0.29203502907911499387 -0.56989412405609596313 -0.43715910150724068828 0.63152842305511291965
1671632266.5994968414 1011.4420057433733291 1748.8315593205923051 -580.76586625569518674 -0.29235668136072340273 -0.56742951561918208991 -0.4388141428353136142 0.6324503646260577483
1671632266.6998226643 1011.3432116376939121 1748.5379639456373297 -579.72856322830648423 -0.29245662300954561319 -0.5645903741071981452 -0.44035405696300217171 0.63387312424456998539
1671632266.7996709347 1011.2433118479347058 1748.2498666681767645 -578.69147726014944055 -0.29250004427719517031 -0.56434886511054138669 -0.44009382164163091122 0.63424877666350076844
1671632266.8998198509 1011.1290822173763218 1747.9342048012631494 -577.65754840628903821 -0.29259112222908212342 -0.56525562889171288017 -0.43991410114282042398 0.63352355348058297935
1671632266.9996621609 1011.0241699712776153 1747.6458899282240509 -576.62389030560370884 -0.29237855985715738294 -0.5657777994946355804 -0.43992106394212882048 0.63315062728776383416
1671632267.0995082855 1010.9093319550210026 1747.3273909713341254 -575.58221287611786465 -0.29340291526769157748 -0.56579938414361408139 -0.44005770038323599458 0.63256225507735197588
1671632267.2494566441 1010.7524719161025359 1746.9023271273679256 -573.98223871342042912 -0.2940903782728415683 -0.56823241362221232897 -0.43813548200762447715 0.63139533805877767758
1671632267.3494296074 1010.6462210852351973 1746.6046094062151042 -572.93436544748237793 -0.29508051371296134535 -0.56833295943262174266 -0.43825133229267737578 0.63076216388837602622
1671632267.4494113922 1010.5479711844056965 1746.3379343221615727 -571.88640665812533825 -0.29485751659882752929 -0.56719054726294149127 -0.43844111476286445894 0.63176207300393860677
1671632267.6494231224 1010.3345295642448036 1745.7531237405537468 -569.76849554068678572 -0.2961426843625967753 -0.56637442473607235716 -0.43896416623163431181 0.63152987440655927731
1671632267.7494437695 1010.2408056463772255 1745.4996806528354227 -568.73695514304790777 -0.29643084698868404914 -0.56728902494399391365 -0.43818534506118239635 0.63111450506645583314
1671632267.8494668007 1010.1363919038179802 1745.1993778494804701 -567.6829196157352726 -0.29835606285879057165 -0.5673056775407613328 -0.43883295138961686543 0.62974087429679903583
1671632267.949463129 1010.0389577112822508 1744.9211697528103286 -566.59656127266589465 -0.29872255921973611681 -0.56691307377075350615 -0.43942204985439137221 0.62950985814582149924
1671632268.0494585037 1009.9328616797889708 1744.6217297009029608 -565.5244326207124459 -0.2997295715980004549 -0.56664586267914252016 -0.43973628180583007596 0.62905218597654777302
1671632268.2493908405 1009.7177202142537453 1744.05681014759557 -563.34141735735306611 -0.299761122115341061 -0.56547536988007196523 -0.4405542059095574059 0.62951796430486939293
1671632268.3493402004 1009.6029576152177469 1743.7496913399750156 -562.26564152048183587 -0.30019796128860271045 -0.56535231444016287305 -0.44040091851265100731 0.62952758126116326043
1671632268.4492852688 1009.4949363304600638 1743.4732829792130815 -561.18967515675467439 -0.30018896859090521412 -0.5649600875485768503 -0.44047975182444909503 0.62982876311431268412
1671632268.5492377281 1009.38332475597133 1743.1820510985032797 -560.12470470034145364 -0.30017228376182636396 -0.56496115569272742363 -0.44040251547113934416 0.6298897657417846796
1671632268.6492116451 1009.2650160893153952 1742.9032408618761565 -559.02237472556782905 -0.30016106492768696024 -0.56479668940412985911 -0.44069765173046399065 0.6298361806842049937
1671632268.7492008209 1009.1453132318333701 1742.6101585202604838 -557.95119861559260244 -0.30099503102482511041 -0.56508655998081724903 -0.44051884040182265334 0.62930304486665600283
1671632268.8492114544 1009.0246057718489965 1742.3331062471052064 -556.86812740897300955 -0.30101946195025724995 -0.56530209132716013887 -0.44028134762954462822 0.62926398593740373588
1671632268.9997954369 1008.8364947888288725 1741.9084146374734701 -555.27745019089820744 -0.3016290872755003627 -0.565433101840094543 -0.44041741439958020932 0.62875893802507998309
1671632269.0996406078 1008.70861694503526 1741.6347135265764337 -554.18656882063783087 -0.30184914912992422131 -0.56517583975453622447 -0.44047720049273636489 0.62884274439113763133
1671632269.1998016834 1008.5826544704830212 1741.3425907159203234 -553.12442157152872824 -0.30138575401102152274 -0.56683854617309836765 -0.43920270684133416728 0.62845976176269346958
1671632269.2996468544 1008.4631652274158569 1741.0740701380864266 -552.04039163576260307 -0.30159984861665811717 -0.56694417939191787958 -0.43947620328570824455 0.62807045425940277728
1671632269.3994879723 1008.3365195277201565 1740.7913932197104714 -550.99382953182475831 -0.30117177780433096457 -0.56766309094714617611 -0.43853708633380306114 0.62828289753929267292
1671632269.4994695187 1008.2362364721835775 1740.5205007170009139 -549.89210076119650239 -0.30087135311954837924 -0.56695481040488393543 -0.43885750446869709052 0.62884239885863402186
1671632269.6494121552 1008.0540774346445687 1740.0704090109991284 -548.23809798737420351 -0.30302105658015277001 -0.56489448542581743862 -0.441345474066415 0.6279224730216623751
1671632269.749430418 1007.9574749750285036 1739.788561058506275 -547.14001164635521945 -0.30316847008186947887 -0.56483813395312654215 -0.441760958851920571 0.62760976443551286241
1671632269.8494606018 1007.8231475233584433 1739.4668090515731365 -546.03611850170091202 -0.30568324003062891103 -0.56293095596827635863 -0.44377359708121705273 0.62668292629576005659
1671632269.9495267868 1007.7157300770257962 1739.1783529761742102 -544.93254661238165681 -0.30458863303717476079 -0.56465348005747972859 -0.44193926344517886484 0.62696243867480239143
1671632270.0495920181 1007.5768121973749203 1738.8390266751748641 -543.82197259433257841 -0.30848107708181843334 -0.56332586879345925013 -0.44395262622538222974 0.62482754124487982494
1671632270.1496210098 1007.4780789390151767 1738.538003550667554 -542.73404637430269304 -0.30804877841586247866 -0.56227048200533347178 -0.44461611436185394242 0.62551927710643062674
1671632270.249642849 1007.332719092212983 1738.1631708847105529 -541.62584695118209765 -0.31244428412751568125 -0.55745057628913130543 -0.4492865398755612194 0.62431484797144254362
1671632270.3496630192 1007.2211216874958382 1737.8558447089569654 -540.52879144606913542 -0.3131224686084975728 -0.55723601770544728407 -0.44981517475868137979 0.62378573948200477517
1671632270.4496548176 1007.0705102285299972 1737.4849279737095458 -539.43194300543245845 -0.32026937129266108695 -0.55523981793697896325 -0.45353842938370980686 0.61922465023711048548
1671632270.5496032238 1006.9598590836413905 1737.1713770594110429 -538.31216380823036616 -0.32145892288994770691 -0.55546187934194257707 -0.45358861207873524268 0.6183717591262058999
1671632270.6495392323 1006.800995415034663 1736.8040098416324781 -537.20301409728665476 -0.32698337871202615146 -0.55167530679874854371 -0.45717792823516978373 0.61621795482537855548
1671632270.7494940758 1006.6731485212676489 1736.4917140636175645 -536.11321862666920879 -0.32758926997805504211 -0.55056385362696602659 -0.45802630315830888952 0.61626018765599555049
1671632270.8494400978 1006.5149981715852618 1736.1355158141261654 -534.98207869117447899 -0.33278157170944000498 -0.54770731305404318778 -0.46119411903711016176 0.61365552985636728778
1671632270.9493882656 1006.3947889008143193 1735.8248822111449954 -533.85902947771569416 -0.33346626632346459962 -0.54689748149975836444 -0.46168385050100319011 0.61363785422680416914
1671632271.0493617058 1006.2146138376622275 1735.4690806339360734 -532.72735001788373665 -0.33864111688313824899 -0.54570688741943085276 -0.46303962348049249043 0.61083589782050407013
1671632271.1493639946 1006.10033953444281 1735.1593454983637912 -531.63486202171566219 -0.33978916701435751824 -0.54572609489775514291 -0.46303334293394698973 0.61018560672859967209
1671632271.2493815422 1005.9415663466631941 1734.8263951611220364 -530.48934190383499754 -0.34597223661230919189 -0.5442384794500958467 -0.46505618794257019832 0.60649025634023912001
1671632271.3494119644 1005.8296267098378394 1734.532755385852397 -529.36681105077150278 -0.34727368621430931839 -0.5447962144764423309 -0.46449059292215022499 0.60567859516586286528
1671632271.4494540691 1005.6423570851317209 1734.2266116715093176 -528.2033418663232851 -0.35330109873972875834 -0.54425226874813226186 -0.46599688734277766589 0.6015103511816349835
1671632271.5494976044 1005.5270184499800052 1733.9645862735626451 -527.10470402906832987 -0.35398326999592866215 -0.54501156087417435003 -0.46535491225665570614 0.60091850422090165029
1671632271.6495049 1005.3663327473584559 1733.6898796757466243 -525.96464201196079102 -0.3599594465413669675 -0.54228231495825673925 -0.46810004991053894008 0.59769677178557512054
1671632271.7494881153 1005.2466976766435209 1733.4514521334244819 -524.8793422832293345 -0.36138512414227080827 -0.54112309846838768657 -0.46873168113770141696 0.59739199479945437332
1671632271.8494479656 1005.0980663287524521 1733.1989075345522906 -523.76016009444322208 -0.36616441637608332371 -0.53888714852986818737 -0.47142903851475814747 0.59437271385416146074
1671632271.9494280815 1004.9782894335820629 1732.9730798769494413 -522.65697754682548748 -0.36722093928412435915 -0.53935138216895939234 -0.47145593542100672213 0.5932774808300260716
1671632272.0494117737 1004.838225918210469 1732.7355042840247279 -521.54338321884654306 -0.37023560475451355867 -0.53822259806835903717 -0.47357275740342508197 0.59073756893050388683
1671632272.19977808 1004.6294000089511655 1732.4220891449790543 -519.91099597108905073 -0.36977577148332574364 -0.53631433318046095593 -0.47534676157285105091 0.59133600525531326841
1671632272.2996017933 1004.474348670200925 1732.2009642060613714 -518.81390598101290834 -0.37128691362459231851 -0.535600281378298404 -0.47692938034930504321 0.58975989395536221327
1671632272.3994452953 1004.3452304568336331 1731.9979001391500333 -517.76605186859273999 -0.37100012074294930198 -0.53634939820409877065 -0.476189091573950396 0.58985776465245809419
1671632272.4994368553 1004.2008312009982092 1731.7749645722785772 -516.65667505168858042 -0.37445050404730584326 -0.53416784441032783004 -0.47847612799984590159 0.58780279767198917451
1671632272.5992863178 1004.0781834865940709 1731.5824517424391615 -515.60967334880774615 -0.37484159209551437542 -0.53344159991538486754 -0.47889653015722866147 0.58787069472663844305
1671632272.7997655869 1003.7958624167412154 1731.1729968097722576 -513.394165750808952 -0.3790787103829761362 -0.53148457300821316807 -0.48187467191487592943 0.58448291724873169262
1671632272.8995957375 1003.6801595205480453 1730.9882048429305996 -512.3542604026903291 -0.37849088145932840987 -0.53149812920209960065 -0.48124352415543536488 0.58537087539889254284
1671632273.0492532253 1003.4970917878694081 1730.6772992260016508 -510.68517693338617391 -0.38213249636136636944 -0.53028504926988451196 -0.48290800463852678881 0.58272839368054063502
1671632273.1492390633 1003.3881226237072042 1730.5018068307558678 -509.67967140952009686 -0.38266511458167284943 -0.53119719853480096283 -0.48201570697991275027 0.58228670307300445241
1671632273.2492516041 1003.2645138949010288 1730.3063763916977678 -508.57220425020921084 -0.38485812639231509191 -0.53022348031745625274 -0.4834723865370092466 0.58051850523997061693
1671632273.3492908478 1003.1483369700991943 1730.1317605319948143 -507.57862531026165698 -0.38528794384614323265 -0.52925477324110126176 -0.48397443013733609796 0.5806990066304252851
1671632273.4493467808 1002.9977556237214458 1729.9336234950567359 -506.46795403273142711 -0.38689695976423649215 -0.52854539680641532406 -0.4852984209587085096 0.57916832497549775027
1671632273.5494060516 1002.8732954892934686 1729.7719769325228754 -505.47004229877336456 -0.38711554582203289154 -0.52960789239655103877 -0.48397558216534880549 0.57915858826568811235
1671632273.6494524479 1002.7482824713628133 1729.589917862096172 -504.38419859221289698 -0.38900870758406153049 -0.52919448997776585841 -0.4850554610912757858 0.57736177295217627758
1671632273.8495845795 1002.5127519508524756 1729.2768367306023265 -502.42603183702738079 -0.389363815815669978 -0.52850235459975436481 -0.48531366820072602275 0.57753936971736585804
1671632273.949637413 1002.3793671681465867 1729.1025779444876207 -501.37210396740965734 -0.39063580676823528304 -0.52848501193655650354 -0.48595651403808204361 0.57615408103466814183
1671632274.0496575832 1002.3000441203347464 1728.9660972834615222 -500.49666571353242261 -0.39189780211068120375 -0.52710408973752376216 -0.48659517573474431185 0.57602302578496578089
1671632274.2495946884 1002.0878972585802558 1728.6288809331342691 -498.42434540054171066 -0.39515888968375545431 -0.52485982785145368634 -0.48833510066508345471 0.57436960440997109067
1671632274.3495604992 1001.9811115345285089 1728.4521700942782445 -497.30013672792983925 -0.39559779254558591344 -0.52539811013623460845 -0.4881066230024351249 0.57376923669668045136
1671632274.4495241642 1001.8672097511073389 1728.2795666274032556 -496.20586222880007199 -0.39712283279372617706 -0.52532905299346654981 -0.48859836354176700013 0.5723586995051106463
1671632274.5495154858 1001.761309958487459 1728.1166718007295913 -495.11565739293706656 -0.39708276951093968155 -0.52503865551814710155 -0.48861558040905228584 0.57263819201197507791
1671632274.6495349407 1001.6455564670825424 1727.9349696023975866 -494.03277712858135828 -0.39759310114845847206 -0.52383509965317154311 -0.48957247734667486139 0.57256903838327044554
1671632274.7495653629 1001.5292412153406758 1727.7638604457631573 -492.95306462234412948 -0.39752740003805597802 -0.52331735355152830813 -0.48969526616803804586 0.57298294912102065712
1671632274.8996613026 1001.3541815065631226 1727.5036400989110916 -491.38104668372744754 -0.3991051080334597212 -0.52266426075687388852 -0.49021853583191982162 0.57203406401706546891
1671632274.9997634888 1001.252154266957632 1727.3422645295866005 -490.32983547510951894 -0.39848835094457107919 -0.52355672056910584899 -0.48927156797983489822 0.57245849393205239242
1671632275.0995941162 1001.1486494546768427 1727.1848102200954145 -489.30921131718594097 -0.39865629124114793091 -0.52486840650102128958 -0.48836512452736552392 0.57191417402989974672
1671632275.1994493008 1001.0536785769962762 1727.0283972962033658 -488.27482711342980792 -0.39822998986469593241 -0.52559849897754384873 -0.4877439322586441528 0.5720707557547340949
1671632275.2998254299 1000.938186151195282 1726.8702685526193363 -487.25372184939755016 -0.39801112897489365761 -0.52686245273772713826 -0.48659512265929899533 0.57203870822829683274
1671632275.399661541 1000.834326982030916 1726.7124384553901564 -486.21400597474706728 -0.39717164113480613041 -0.5281164849036389386 -0.4857981258580356676 0.57214320476968838491
1671632275.4997553825 1000.7245683957810343 1726.5545023542113086 -485.18364638175967229 -0.39764185675746915871 -0.52815492663655017047 -0.48579466645571445227 0.57178393582470821155
1671632275.5995898247 1000.6294866190816037 1726.4021955869015983 -484.15473913659712935 -0.39755163547119848344 -0.52795928075144815672 -0.48575886932969031262 0.57205770326963534256
1671632275.6994278431 1000.5227450835063792 1726.2441390164563018 -483.13424217799007465 -0.39776983228418222316 -0.52751909948917086179 -0.48593056900288639222 0.57216627155686039519
1671632275.7998254299 1000.4077786947430013 1726.0867596508485349 -482.09210349678323837 -0.39766366823773402484 -0.52780827687449882735 -0.48557311660564655975 0.57227683707831533688
1671632275.8996632099 1000.3013766905895636 1725.9334878135678082 -481.06597340559318354 -0.39828919798651518658 -0.52786568146626067222 -0.48559117280732377875 0.57177333794872453598
1671632275.9997737408 1000.2008669555661982 1725.7771444936056469 -480.0339098505347124 -0.39849190887334950961 -0.52709077385853986275 -0.48620853682636722137 0.57182232677016242572
1671632276.0996177197 1000.0998197025176069 1725.6187420116716567 -479.01571969155344277 -0.39945580530580271361 -0.52587728022821467189 -0.48728742962278170925 0.57134849844809332264
1671632276.1994888783 1000.0035802741197131 1725.4691253217326903 -478.00253039931516241 -0.39968754838745651492 -0.52554937475386842571 -0.48736339589056909549 0.57142334455800414261
1671632276.2998316288 999.9069562352773346 1725.3220249494763721 -477.00111852870173834 -0.40051587417693523818 -0.52631642325030469909 -0.48687010916531625604 0.57055723109136469162
1671632276.4494047165 999.7578770872514724 1725.0954580066049857 -475.4941505313852872 -0.40091250431000580168 -0.52747157698465274578 -0.48603649392304504318 0.56992229815668482562
1671632276.5493755341 999.65861012714674416 1724.9536610207994727 -474.50705966532336788 -0.40241800531409599451 -0.52780357977569303252 -0.4859589484990604058 0.56861852814402313872
1671632276.649338007 999.54946837511874946 1724.8106396750108615 -473.53114045029002455 -0.40292872079466574009 -0.52815403462226950815 -0.48589205674972907323 0.56798826647960864999
1671632276.7492954731 999.44337899475942777 1724.6764838754666016 -472.53851342520022172 -0.4038002474096059613 -0.52910834147567997743 -0.48516917642193357896 0.56709839836033681948
1671632276.8492584229 999.32919560636753431 1724.5330802987514289 -471.53847556293106891 -0.40383831354682825365 -0.529585302328340779 -0.48487550072415364077 0.56687721145496305919
1671632276.9492473602 999.22239484774070206 1724.3959738077935526 -470.54632296971715277 -0.40415124267247642953 -0.52910545755965854298 -0.48490650586029176994 0.56707571663865163902
1671632277.0492446423 999.13109839674234536 1724.2594083581475388 -469.5423819522187614 -0.40387696363889180606 -0.52819816984759138112 -0.48534170044240348973 0.56774424296787073807
1671632277.1493020058 999.03330644824791307 1724.1243732099298995 -468.54353914866590003 -0.40359986794313945646 -0.52805417348207905892 -0.48523075107554097807 0.56816991708036190811
1671632277.4495406151 998.7333076315925382 1723.708577903998048 -465.54416825509787259 -0.40625677544650878881 -0.53013888101310924217 -0.48343376222048972668 0.56586217119305359802
1671632277.5495891571 998.63571933874231945 1723.5728365462243801 -464.5488025114013908 -0.40826133866478053758 -0.53154075675629763875 -0.48236633069180245847 0.56401225720148173703
1671632277.6496250629 998.43959178556144707 1723.4207386204304839 -463.60322316359594197 -0.40866562760027780321 -0.53041209519242926707 -0.48211542340559110364 0.56499569255534753953
1671632277.7496666908 998.30417560111493458 1723.2894594434731061 -462.5912466701579433 -0.407318913288650164 -0.52934537863495001453 -0.48254529880910357331 0.56659933603244483358
1671632277.8496823311 998.08613101406456281 1723.131755180176242 -461.56716955578565376 -0.40682415213325329173 -0.52775050277169821555 -0.48254510244309745115 0.56843974190186585815
1671632277.9496777058 997.93151828203326659 1722.991227337705368 -460.54402120777911023 -0.40650195040411823966 -0.52773218490361650801 -0.48221965544324923991 0.56896318794689815235
1671632278.049665451 997.66448549489234665 1722.8232938460291734 -459.51101618235770729 -0.40880450456044886698 -0.52681819634137516672 -0.48065658711842801365 0.56948284461814246971
1671632278.1996011734 997.43297349760200632 1722.6114450019340438 -457.99287652054653108 -0.4108989802233872779 -0.52800719334876689004 -0.47873408695709135374 0.56849283707774045382
1671632278.2997729778 997.14741175063215906 1722.4423075273234645 -456.93545096795349991 -0.41382819311446206179 -0.52690957960235274005 -0.47739257136875762333 0.56851460342617188282
1671632278.3996181488 996.97366827486575858 1722.302479957875903 -455.92026434821445946 -0.414753783687709765 -0.52644173928312787414 -0.47751642030277030582 0.56816939586580339494
1671632278.499455452 996.66599058721408255 1722.1172421497003597 -454.8316678413276577 -0.41692758118784661869 -0.52391067288354031817 -0.47704765305190988123 0.56931057921070837846
1671632278.599768877 996.49384695601850126 1721.9730123095314411 -453.79638690269524659 -0.41717426869965240632 -0.52330707112421914751 -0.47715732953354728085 0.56959303166270880414
1671632278.6996154785 996.25548302982690529 1721.8044731724799021 -452.60690272084616481 -0.41817160313576134945 -0.52189897743691959775 -0.47661269832543501357 0.5706087131091784892
1671632278.7997465134 996.12762506345586644 1721.6688200834823874 -451.57946186552248946 -0.41710700066507672146 -0.52285465465898317561 -0.47564717826423263958 0.57131823172982376668
1671632278.8995816708 995.90834741354876769 1721.508523742925945 -450.42325507869981038 -0.41744408363122109673 -0.52321638053565378002 -0.47397741141572946599 0.57212801858334527694
1671632278.9994075298 995.78949935695754903 1721.3771987833968069 -449.40196089180409444 -0.41832190080603620652 -0.52388212585379168029 -0.4738081553412686886 0.5710167575903886128
1671632279.0998182297 995.60732288127178435 1721.2235877304751739 -448.23479395537856362 -0.4197903825175932635 -0.52363016894210490104 -0.47313999658093158773 0.57072412298306751666
1671632279.1996552944 995.5295524722199616 1721.0951308440871799 -447.17184688446070595 -0.42033268995105377286 -0.52306552156750873994 -0.47323453832299550159 0.5707643661302294058
1671632279.2995159626 995.35712001439947016 1720.9481129380646962 -446.0997143280956152 -0.42193649956017270641 -0.52137340738990711753 -0.47280836321528224575 0.57148194379108130381
1671632279.3993453979 995.26763703434619401 1720.8104277148388519 -445.07298381781345142 -0.42254128686881198274 -0.52052477531880958495 -0.47246944991205946929 0.5720886627703323235
1671632279.4998226166 995.11090455179021319 1720.6654119569409431 -444.01754958983224242 -0.4245433120123444648 -0.51916174546277404911 -0.47076495123533929066 0.57324900258266830999
1671632279.5996685028 995.02648556009160075 1720.5382188435526132 -442.97940622848494741 -0.42568921048135505147 -0.51942485688620965156 -0.46896852766397911783 0.57363318783799555067
1671632279.6995015144 994.8952108300962891 1720.402194312373922 -441.93008877233990006 -0.42664703169792783655 -0.5191681532756793338 -0.46717937645578588857 0.57461306039982329441
1671632279.7993462086 994.82536136686314876 1720.2770703843239062 -440.88916116895069308 -0.42679726767323938885 -0.51922441497362004093 -0.4664964148170036573 0.5750053862050698017
1671632279.8997395039 994.72429633871718124 1720.1528036563504429 -439.83067327105152344 -0.42757258770563838501 -0.51873427719625941901 -0.46582720933307925071 0.5754141490694629768
1671632279.9998188019 994.67379919000188693 1720.0300900282143175 -438.74661901345348269 -0.42820804818012236925 -0.51892113850393717378 -0.46528370807848895563 0.5752128219053184166
1671632280.0996594429 994.60219416575625928 1719.9099781053548668 -437.67677852114411508 -0.42794828204656570891 -0.51879998397383619846 -0.46498799410184593617 0.57575429643493092335
1671632280.1995227337 994.5532103008639524 1719.7904542703895459 -436.60281923204325949 -0.42636389295297016933 -0.51930012034679906563 -0.46462621699762080008 0.57677005320341279138
1671632280.2995254993 994.48861914289409469 1719.6712799118636212 -435.52867749049198665 -0.42544914571877939791 -0.51962417557112816624 -0.46394930503617198836 0.57769783012024455982
1671632280.3993709087 994.43496106242457699 1719.5362840630145911 -434.46264162953468713 -0.42498602305926397316 -0.52055942350503525695 -0.46330287796304447934 0.57771550963734441542
1671632280.4994750023 994.37109725703203367 1719.4156111566016989 -433.38297191156971166 -0.42428733385284944646 -0.52148510177724993753 -0.46199955410906096143 0.57843751517293628961
1671632280.5994489193 994.32030316788620894 1719.2853506531305356 -432.29829815285717132 -0.42438866016150611493 -0.52243756068728419706 -0.46152518769149308842 0.57788213455320924794
1671632280.6992878914 994.26240283774268391 1719.1676710124620513 -431.21041113290550584 -0.42564019598091556995 -0.52229719529036477965 -0.46008808863572969727 0.57823439369572904312
1671632280.7997751236 994.21858046266606834 1719.0502587406006114 -430.13961347177638572 -0.42664702539432669548 -0.52212739105614425217 -0.4597751080793691103 0.57789458660008330426
1671632280.8997645378 994.17015059974346514 1718.9398417378467911 -429.05192792183703432 -0.42822787612706708638 -0.52096495527622266319 -0.45932527676973700093 0.57813207107212938318
1671632280.9996073246 994.11991794529501476 1718.8227592543796618 -427.94666747265659978 -0.42922583258494939606 -0.52047413984296475586 -0.45923410780418166821 0.57790647048270715747
1671632281.099448204 994.06490188719226353 1718.7078161468018607 -426.84892175168874928 -0.42953604954988428011 -0.51992928892549350461 -0.45928229605703413396 0.57812809063657244479
1671632281.1992924213 994.02431411015788854 1718.5894978430005722 -425.71022808544631744 -0.42929733362759719961 -0.52002325111709402083 -0.45929481534471655602 0.57821093922141097998
1671632281.3494639397 993.93509257853179406 1718.4147639843758952 -424.03083088566779679 -0.42847975358378143085 -0.51992531354882032257 -0.45891952317343542855 0.57920259007553653863
1671632281.4494788647 993.87619879388046229 1718.2948262692179924 -422.90361190602334318 -0.42795518567618939798 -0.52116637850230917994 -0.45837613581419633935 0.57890524534477250107
1671632281.5494925976 993.81663375611935862 1718.1826722507139493 -421.78503824013046142 -0.42863465183442334139 -0.52170948175664066948 -0.45764749624467615519 0.57848968968597813678
1671632281.7495667934 993.72486091165842481 1717.9364594177332037 -419.53421388966620498 -0.42865319964926384966 -0.52210740996086801857 -0.45741002238502953547 0.57830472790400844207
1671632281.8496363163 993.67295665321819342 1717.8246601357191139 -418.40997038009777498 -0.42884860346142411602 -0.52133180180554228311 -0.45760993733119276206 0.5787012813111048759
1671632281.9996066093 993.61880588921519575 1717.6492828592251954 -416.73023685950829531 -0.42827225970800025801 -0.52102329003620084791 -0.45762253364220029095 0.57939556393482116725
1671632282.0994398594 993.54978805895677851 1717.5317156855269332 -415.61137480556618584 -0.42868688464009585548 -0.52041434826150412274 -0.45825947507150233129 0.57913272621076650193
1671632282.1992800236 993.47417550100772132 1717.4008412788562055 -414.48279209258191713 -0.42869961617374108265 -0.52084581601957680164 -0.45860672261169282971 0.57846015334053035861
1671632282.2994463444 993.39106552679584183 1717.2774970187679173 -413.36618976494179378 -0.42898210257818086832 -0.52122802605993368008 -0.45850544698399708921 0.57798655313361202435
1671632282.3997733593 993.32672387706350037 1717.1492808234690983 -412.22196316978232744 -0.42829487187857634423 -0.52144714703336070283 -0.45877237378676871682 0.57808674489503386607
1671632282.4996099472 993.24812513153631244 1717.0242255387270234 -411.10281253832988568 -0.42818231314022020539 -0.52103820152104751706 -0.45925670935378376525 0.5781542823357245231
1671632282.5997755527 993.19187467072197251 1716.8968143297295228 -409.94819698476976555 -0.42821783159292720056 -0.52172675611614349744 -0.45884312802556936894 0.57783532647467017451
1671632282.6996359825 993.08543231363967152 1716.7697043603980092 -408.81941055039044386 -0.43007259226150718057 -0.52164189246392400623 -0.45908465455655866894 0.57634068168298591139
1671632282.7994842529 993.02095645743702335 1716.6429048151633197 -407.67925692843795105 -0.43066559285918609712 -0.52194928977172372342 -0.45946356611520872137 0.57531671055752808819
1671632282.8997607231 992.94170863048418596 1716.5185318194121464 -406.57390983403178097 -0.43144224138321946027 -0.5213228429842124978 -0.45998011850977182924 0.57488988189810585894
1671632283.0998110771 992.84861036616041474 1716.2761480169760944 -404.27333700952135587 -0.43232372747555353198 -0.51956341657513893662 -0.46174342809375207297 0.57440670037060137521
1671632283.1996569633 992.76757810057551978 1716.1389654739587058 -403.16615089244521641 -0.43295560279048866947 -0.51851569556518828374 -0.46221787829903754341 0.57449591160043078641
1671632283.3497209549 992.67563466838680597 1715.9530242801088207 -401.41258620553838909 -0.43286348404018004654 -0.5195669395125517287 -0.46157961373046429987 0.57412860905775542353
1671632283.4497246742 992.59815490333119214 1715.8217940012877989 -400.30457320479314376 -0.43324657091175083901 -0.51937082623354580146 -0.46161103367241568263 0.5739918180972418682
1671632283.549703598 992.53728541564964871 1715.6978986436263312 -399.13523030463034047 -0.43349472918642911745 -0.5186619634058834416 -0.46221888433557994924 0.57395626178926750782
1671632283.6496593952 992.47682823243042094 1715.5723059691272283 -397.95708624327363623 -0.43403686885410819318 -0.51814100944782237601 -0.46269335214603524165 0.57363468573960751939
1671632283.7495889664 992.42874331829830226 1715.4478147991533206 -396.75609460865587153 -0.43431196749127137791 -0.51821215178940249757 -0.46287334166877996955 0.5732168439639881985
1671632283.84953475 992.38332443035506003 1715.3278088523807128 -395.57271503811546154 -0.43532675893513306242 -0.51805583530530907588 -0.463155696836679176 0.57235964650635640094
1671632283.9494891167 992.33034172729423972 1715.2086424249191623 -394.37483159153612178 -0.43532239387431409527 -0.51851330080705959613 -0.46285922190066486337 0.57218852747954973559
1671632284.0494565964 992.29051849526911155 1715.0899515861474356 -393.17395436015652876 -0.43526489408041590945 -0.5183679774151840336 -0.46295696616298159798 0.57228485866115985647
1671632284.1494586468 992.24061847310986195 1714.9752371890097038 -391.98008784525916326 -0.43471427519193556188 -0.51801367839745438015 -0.4631258212713051936 0.57288725034623311227
1671632284.2494792938 992.19680190983433477 1714.8559337582735225 -390.77377795314072273 -0.43461004679011050467 -0.51728195820564848439 -0.46376652169664817071 0.57310914867712570153
1671632284.3495013714 992.14994006207984967 1714.7392484718823198 -389.57495229068911158 -0.43497936539632847674 -0.51718224458932959831 -0.46354523713968709409 0.57309797651541405372
1671632284.4495251179 992.1013006941545882 1714.6167193550040793 -388.35848494246647533 -0.43616537472154354171 -0.51701146670578390641 -0.46364291021800652093 0.5722710555264237664
1671632284.5495483875 992.03448192418602503 1714.491093696739199 -387.13303620150685447 -0.43716676850404373456 -0.51787023094590012295 -0.46278633802013935394 0.57142317572678236193
1671632284.6495475769 991.98419605307867641 1714.3708878324387115 -385.9098984800357357 -0.43860009529552357321 -0.51805137572542225843 -0.46307797462909977559 0.56992237886326735374
1671632284.7495369911 991.93824735791429248 1714.246179094797526 -384.66584860232637766 -0.43810501019548747648 -0.51734984884360835089 -0.46387468049573432616 0.57029239407350351687
1671632284.8494887352 991.88774237705092673 1714.1149136902990904 -383.42604681956743207 -0.43738043520001557152 -0.51524551496896864311 -0.4654848714789364128 0.57144050314345551378
1671632284.9494073391 991.84498937305272648 1713.9987511027595701 -382.17703889872768741 -0.43720074609848874614 -0.51544052938904794114 -0.46492643070230321722 0.57185660991937437014
1671632285.0493125916 991.79710701615636026 1713.8608196110340032 -380.95435772014900522 -0.43875679464705907851 -0.51529683769093292955 -0.46511795471737643615 0.5706373037370477963
1671632285.1492877007 991.74749231261966997 1713.7295585362355723 -379.6965993555892851 -0.4394544877247957837 -0.5154746555928209073 -0.46502727441792840457 0.57001339169131159945
1671632285.2492871284 991.69484158739953727 1713.5734375756605914 -378.45595164829904888 -0.44078908523639848127 -0.51448952613027265635 -0.46573501756946261709 0.5692946541539616323
1671632285.3493058681 991.64702862804085726 1713.4466253992418387 -377.19380755424288054 -0.44110827710058386764 -0.51470537905743385387 -0.46516569557372144939 0.5693177814754374344
1671632285.4493505955 991.58462970976199813 1713.3057089831042958 -375.944429856650288 -0.44175385808389255882 -0.51364338229524220125 -0.4661121250850134845 0.56900218939915614413
1671632285.5494036674 991.53818632713785064 1713.1963144543447015 -374.689082272473172 -0.44114318878508096411 -0.51357753000749695182 -0.46596450774539205364 0.56965593579065165741
1671632285.6494686604 991.48775994755658303 1713.0581020200438616 -373.42006483801418426 -0.44191448620299189631 -0.51284943135257832214 -0.46658554741579227887 0.56920556443870817809
1671632285.7495086193 991.45049995623378436 1712.9447965314450357 -372.13773461860859015 -0.44270742937409390816 -0.51321455001586246958 -0.4661505801362961221 0.56861638585921159272
1671632285.8495264053 991.39304790956896341 1712.7921164955582753 -370.88217499058896465 -0.44377201695221268896 -0.51183690970638351381 -0.4668054750444943779 0.56849100547050746002
1671632285.9495513439 991.34988372386135325 1712.6700037810535378 -369.58347446422129678 -0.44283656164270046585 -0.51194269309458362294 -0.4665650058195173755 0.56932201257651149362
1671632286.1495068073 991.19283890461724695 1712.3545473635492726 -366.98533054741631076 -0.44494311951692433471 -0.51004999827203334473 -0.46764548756512219763 0.5684912643279806943
1671632286.3493659496 991.10462210855496323 1712.1012706314027128 -364.41704916472548348 -0.4454127399635668394 -0.51064676233107231251 -0.46718912412297119996 0.56796276066319040243
1671632286.4493076801 991.03680412795426946 1711.9414045137316407 -363.08998028856666451 -0.44621777153471836597 -0.5094925866770624312 -0.46817869950776991317 0.56755238508433658584
1671632286.5492956638 991.00493542198580599 1711.8256451275606196 -361.81144811661840777 -0.44536273395766884375 -0.50995323814148829644 -0.46772434465231210732 0.56818453651109379621
1671632286.6492826939 990.92937005076782953 1711.66423561271381 -360.48805273102868796 -0.44557247175828984531 -0.50905508390538134478 -0.46834440830868157013 0.56831470961720154111
1671632286.7492892742 990.88738728945043022 1711.5414176952610887 -359.1955989535024969 -0.44542301376352994025 -0.50982889534239739238 -0.46726809440117661465 0.56862409748308995194
1671632286.8492929935 990.82073469440058489 1711.3996546413989108 -357.85950326072116923 -0.44593152077356940088 -0.50984690509964381011 -0.46724225468257318816 0.56823048807682952077
1671632286.9492931366 990.78457440751765262 1711.2694067942948095 -356.54272416833288162 -0.44570823715047808156 -0.51024214648641963432 -0.46687260566050803323 0.56835472142748344471
1671632287.0492970943 990.68320633660880503 1711.1380683591689831 -355.18482178874734245 -0.44601000543559377043 -0.50987732501317784006 -0.46717613912680072685 0.56819595521204102617
1671632287.1492595673 990.64069666740806497 1711.0168556573632941 -353.85444550565915733 -0.44565461440497045054 -0.51011065636264774081 -0.46680394691561977183 0.56857115479843423067
1671632287.2492194176 990.55361655881233673 1710.8967935984082942 -352.47393892359713163 -0.44546746498498457356 -0.51018024235932513122 -0.46699240933998542591 0.56850061351318481595
1671632287.3491809368 990.53874052480216506 1710.7845404688639519 -351.14941509931924202 -0.44475960627284061299 -0.51068526483827081375 -0.4664647298689046373 0.56903436512518545953
1671632287.449139595 990.48637257075711204 1710.6637130383294334 -349.76111743725766701 -0.44455690794489605144 -0.51065422589665931952 -0.46661961076458091657 0.56909362676300323525
1671632287.5490984917 990.46732032888678532 1710.5450549642957867 -348.42562342842285261 -0.44489251497878651298 -0.5109726024273191225 -0.46601496814604531638 0.56904103467882138911
1671632287.6490793228 990.38660194568285533 1710.4208279548724931 -347.1047448934900217 -0.44581337880478738578 -0.5110700731429959065 -0.46564947812844625918 0.56853177143848154795
1671632287.7490923405 990.33745403156217435 1710.2926590653185031 -345.77065193560514444 -0.44652718924816103829 -0.51082346361122055178 -0.46558477435896616914 0.56824614048093924357
1671632287.8491437435 990.26743971342284567 1710.1710503313518075 -344.43830782574571003 -0.44733474961309888096 -0.50999385636364857888 -0.46618103161295948444 0.56786717991463209199
1671632287.9491753578 990.22831718033251036 1710.0504157132947967 -343.08360222214349733 -0.44789659604425141604 -0.50939471383902712454 -0.46650814686912944751 0.56769341520715155269
1671632288.0492026806 990.15967507496020517 1709.9313078260861403 -341.76171049369577304 -0.44797624299003313553 -0.50868191515846217232 -0.46712151918380723226 0.56776533992721522903
1671632288.1492323875 990.13867012138587143 1709.8182906713229841 -340.41922171858465163 -0.44857751997765765717 -0.50838021515947451334 -0.46729995885982084092 0.5674138823246309693
1671632288.2492568493 990.08631836739243681 1709.7054093128983823 -339.09651021253961289 -0.44917455334285671942 -0.50824400210664555377 -0.46781755911396394332 0.56663655577143812181
1671632288.3492715359 990.06569877910999367 1709.5888955225466361 -337.73952757412803294 -0.44988608026402593376 -0.50812730707279540887 -0.4679983150321532781 0.56602714751033356144
1671632288.4998030663 989.99628603106589253 1709.419552686008501 -335.73136230927121915 -0.44976777119621758061 -0.50823084709060029063 -0.46802714260511701916 0.56600437440327899807
1671632288.5996580124 989.95303372585522084 1709.3046759978531099 -334.39322258595728954 -0.44955416227731975765 -0.50813803781514554903 -0.46802946623343355537 0.56625542685413454702
1671632288.7491109371 989.88963902538819184 1709.13499004794744 -332.41400423153328347 -0.44923264967328235819 -0.50847837696812359098 -0.46794928939276303481 0.56627133882988722746
1671632288.9490516186 989.81829817730567811 1708.9158325782659631 -329.73119358417113745 -0.44959805677581726746 -0.50996195377871589294 -0.46730101108068683446 0.56518152666605447898
1671632289.0490355492 989.78587080515785601 1708.8049203738785309 -328.39856479514998 -0.44931754458171552224 -0.5103555900490988062 -0.46731515558172770364 0.56503757503401519369
1671632289.149081707 989.75050804109173441 1708.690762591128987 -327.04312065633115481 -0.44877540339117133472 -0.51032205184585677227 -0.46723856153437259842 0.56556181565432528391
1671632289.2491042614 989.71771676693356312 1708.5803888372745405 -325.70562094773242734 -0.44867755078412113745 -0.50992717691683342451 -0.4673303061088360244 0.5659197068986137058
1671632289.3491396904 989.67441603537167794 1708.4603735054733988 -324.35824805289513506 -0.44906313055446472893 -0.50969576394059745716 -0.46741329132071879338 0.56575378752100946578
1671632289.4491586685 989.63799428991330842 1708.3467751427210715 -323.02647270022424664 -0.44944813598186900139 -0.50952239810413380017 -0.46728127393777363352 0.56571327536105020517
1671632289.5491833687 989.58690077490564363 1708.2190101531548407 -321.68121586985756721 -0.45015535893531943845 -0.50896134446354679426 -0.4676407679915355331 0.5653588371786183453
1671632289.6492009163 989.55039392971355028 1708.1049526201986737 -320.34432356252796126 -0.44974852407301879609 -0.50894293226355169502 -0.46741837791528023649 0.56588286489358141651
1671632289.7492072582 989.49306919702974028 1707.9888591632650332 -319.01573481912902253 -0.44946887324628820304 -0.50904894734692174296 -0.467141985964939499 0.56623781764947067607
1671632289.849211216 989.45728345680879556 1707.8773858579222633 -317.6883758157901525 -0.44886743237919446425 -0.50942838407202473139 -0.4668884246688719819 0.566582693489038558
1671632289.9492356777 989.42131015702818786 1707.7721771749800155 -316.34334538105144929 -0.44861968494623855053 -0.51049178178096221714 -0.465925561639942587 0.5666144103562318346
1671632290.0492680073 989.39128427092487073 1707.6695376424081587 -315.03986781142884865 -0.44920559169784135545 -0.51071958129871042331 -0.46576431429992570799 0.56607724666354686249
1671632290.1493096352 989.36887969752035588 1707.5699219674288543 -313.70997760504531016 -0.44983099642330076628 -0.51073938990730027854 -0.46555262236432654044 0.56573678160752294275
1671632290.2493283749 989.34993784396033334 1707.4672072279674921 -312.41598909490141978 -0.44953744850408333678 -0.51052724871247368021 -0.46557521293278897323 0.56614285460217472767
1671632290.3493316174 989.31635923507997177 1707.3620301173455118 -311.07559220672368383 -0.4495645121731751126 -0.51030526630540617994 -0.46552353032979376657 0.56636395302380382333
1671632290.4493358135 989.29062140315318175 1707.2583710704550413 -309.78303721587684549 -0.44999043758918488845 -0.51024085433732191408 -0.46558576186741224001 0.56603248580779852439
1671632290.5493283272 989.24636964534226991 1707.152598523260167 -308.46884518230791628 -0.45118319180848159844 -0.51094543859091490212 -0.46484835446642885914 0.5650526467175447376
1671632290.6493020058 989.21162490745973628 1707.0552896385556778 -307.18946465855202632 -0.45303632221170386796 -0.51192718206619103327 -0.46431032677848393941 0.5631203880748051338
1671632290.849209547 989.16892003121449761 1706.8651484678250654 -304.56230425174061338 -0.45468051946160492616 -0.50997241210184895976 -0.46640751468388386147 0.56183431219848933846
1671632290.9994542599 989.13265561988043828 1706.7255042777139806 -302.65519181573546348 -0.45659217137329782821 -0.50881829155957070121 -0.46734767177450209363 0.5605476687151315085
1671632291.0992908478 989.09234878189613482 1706.6274480296365255 -301.3652945139093049 -0.45730628136495227176 -0.50883067179507879274 -0.46718045115512568666 0.56009350873155172579
1671632291.1997585297 989.06266668654939167 1706.5339237453745227 -300.11933084219634793 -0.45871229988587342019 -0.50759992810744292147 -0.46831732274363674362 0.55911020750560791459
1671632291.2997710705 989.04041037369347578 1706.4390629856889063 -298.82783672179812129 -0.45889174360408935271 -0.50732673261030236667 -0.46867091412831562991 0.55891459837893220364
1671632291.3996207714 989.01230992902208072 1706.3524443444964618 -297.55619867242614873 -0.45950120789756032647 -0.50737701297420745306 -0.46880501356173615024 0.55825537696061122706
1671632291.4994800091 988.97417038654589305 1706.2592665891254455 -296.26281085696012951 -0.45939727724236578688 -0.50689995523347819439 -0.46914450603912039028 0.55848904152177292204
1671632291.5993123055 988.94140890188668891 1706.1725828873579758 -294.97769387976052258 -0.45859760784876796302 -0.50623459913471302585 -0.46933390501534505423 0.55958953735515026828
1671632291.6997826099 988.90160408706640283 1706.0728318453409429 -293.66922263706413787 -0.45816416586889480156 -0.50516932493388055914 -0.4700101329999127886 0.56033920542552773103
1671632291.7997992039 988.86824755695465683 1705.9740490592839706 -292.39099006987345319 -0.4572990004391386254 -0.50491902115316456001 -0.4702578485359255045 0.56106324257204509554
1671632291.8996386528 988.82986422148383099 1705.8750703489674834 -291.11768481171333178 -0.45654445026645695815 -0.50577543295230320552 -0.46958510343955656152 0.5614696848276584662
1671632291.9994754791 988.80474727598220852 1705.7799030223295631 -289.86192012540004725 -0.45685702795072746785 -0.50686455480722347744 -0.46852019053158117101 0.56112281200852509588
1671632292.1487300396 988.74435782717125676 1705.6267261342597976 -287.97979748733553151 -0.45684470914585617596 -0.50790711782570763244 -0.46745843697530692351 0.56107564649343344421
1671632292.2486817837 988.72296997877356262 1705.5318946168265484 -286.71496325588617538 -0.45562538771061633636 -0.50765675634909479541 -0.467518265160546731 0.56224264828269587824
1671632292.3486380577 988.69403062352773759 1705.4418164387325305 -285.43758400990884638 -0.45477312348637133343 -0.50796186074358595786 -0.46697436129520625281 0.56310842657280302248
1671632292.4486253262 988.67723225208044369 1705.353768064382848 -284.16481368562938314 -0.4552795507963655619 -0.50851532465534177163 -0.46654212774664938213 0.56255767549199919841
1671632292.6486549377 988.62625345399726484 1705.1702870118549527 -281.61248572712628402 -0.45591472128986165746 -0.50899358353096302299 -0.46585629475902501362 0.56217898526082321631
1671632292.7486798763 988.61272403543614473 1705.0845337799355548 -280.34060605722834225 -0.45630245190319324022 -0.50842423964702687655 -0.46616913261517073375 0.56212027602933545278
1671632292.848688364 988.57452281530527216 1704.9880730084028073 -279.05579912296951761 -0.45736725794015209434 -0.50822915207327024056 -0.46613776657807010073 0.56145694662796674645
1671632292.9486804008 988.54916886187243108 1704.8994335576185222 -277.78501677673779113 -0.45778624053484828771 -0.50896039431305095668 -0.46565976497338856799 0.56084940784724202079
1671632293.048674345 988.52532234930993127 1704.8117069177135363 -276.53421081092938039 -0.45804177330136641721 -0.50907025624345159098 -0.46550657933163452906 0.56066820198592237645
1671632293.1486501694 988.49337744225169899 1704.7260274928830768 -275.26178078761154211 -0.45789642317734491339 -0.50932538267706228829 -0.46541595148108250157 0.56063045966948399368
1671632293.2486095428 988.46623029717466125 1704.6405366815904472 -273.9943717926505542 -0.45783605836429691616 -0.50943138545069877043 -0.46541371716653728852 0.56058530042487919598
1671632293.3485615253 988.4349131452348729 1704.5547673043045052 -272.71882373530229415 -0.45790037099612518334 -0.50885427459919363447 -0.46579335428931650798 0.56074158804537277412
1671632293.4485356808 988.40282864089306258 1704.4687571606493748 -271.44020692964323871 -0.45820607781326927466 -0.5085867218787273325 -0.46603892576634908806 0.56053051322312297255
1671632293.5485351086 988.37700410829233988 1704.3853664935631969 -270.16943591772616173 -0.45879349788248430242 -0.50862672610821735297 -0.46593986092003680799 0.56009590767564843006
1671632293.6485288143 988.35368515561788172 1704.3065292746159685 -268.91849005476598222 -0.45885404044135308377 -0.50947512854087062539 -0.46518533118733040865 0.55990237597017067372
1671632293.7485404015 988.31993340575229468 1704.2240548818649586 -267.63642019562502128 -0.4589859237552353366 -0.50984541301730279539 -0.46522298119261573657 0.55942573625998326392
1671632293.8485629559 988.28920532731524418 1704.1384589917079211 -266.38765539536410643 -0.45875394474395470024 -0.50923214394174820541 -0.46583478493568020173 0.55966543121965262042
1671632293.9485924244 988.25981872335512435 1704.0558986266919419 -265.08452209475154859 -0.45821614824334594429 -0.50977559495034774351 -0.46562370335967129265 0.55978689798143366207
1671632294.1486403942 988.20010541915701197 1703.8825017918006779 -262.5410608562381185 -0.45730779511402147586 -0.51067161555292950315 -0.46509955480921960635 0.56014862823431010863
1671632294.2486515045 988.17155835049243251 1703.7944569245216826 -261.25160009281461271 -0.45641657328205881283 -0.51003989980949404615 -0.4653389416957187108 0.56125117512330713332
1671632294.3486540318 988.13837614836131706 1703.7107089506550892 -259.99894444596992571 -0.45560379074967832791 -0.50990770551762376606 -0.46491409112320564168 0.56238261493698316063
1671632294.448633194 988.11635701353895911 1703.620500825075851 -258.71946517349658734 -0.45504667150322752889 -0.50948199884513378777 -0.46528416809638412088 0.56291319270865936009
1671632294.5485970974 988.08996855291479733 1703.5296259977651516 -257.4948720271527236 -0.45514283067419503137 -0.50943424744286058825 -0.46522834278423036425 0.56292480873420958076
1671632294.6485900879 988.06826234562788613 1703.4384634986538458 -256.21287030932234074 -0.45503085584130187335 -0.51070419521732945967 -0.46426898249110759576 0.56265660674733375402
1671632294.7486166954 988.04964979726196361 1703.3499526519756273 -254.9258056414613236 -0.45572991337077217722 -0.51063853935307246257 -0.46428213098802711967 0.56213933417938777293
1671632294.8486657143 988.02588044144022206 1703.2568093270745067 -253.56931898851408391 -0.45534544439877006061 -0.51044259852700157865 -0.4646503163183297036 0.56232460680603824077
1671632294.9487097263 987.9981973378174871 1703.1672142392578735 -252.28748576057131459 -0.45549018435123439508 -0.51000661181029716129 -0.4651736283490545687 0.56217029747046842747
1671632295.0487966537 987.96460895925872592 1703.080380976314018 -250.937078435516014 -0.45619567820299877781 -0.51158498713384492618 -0.46451330537916718511 0.56070820687224698364
1671632295.1994483471 987.90438065017440294 1702.9426823681542373 -249.0320975937533774 -0.45728913982888674816 -0.51338046683538651749 -0.46350421330756347293 0.55900892936747870188
1671632295.2992851734 987.86952675007182734 1702.8541201515968169 -247.68877736409945101 -0.45544796930628417275 -0.51315225927073493395 -0.46394222425504982876 0.56035659950909832983
1671632295.3997445107 987.83323958795983799 1702.7694420844170509 -246.37896989766903744 -0.45461541834718266486 -0.51350019861793205767 -0.46383562088619162411 0.56080200090359977327
1671632295.4997527599 987.79315199000791381 1702.6877611101670027 -245.10334600797301619 -0.45512063758924298229 -0.51424135879423416018 -0.4636271034697359017 0.55988475517206515164
1671632295.5995891094 987.7440362770792035 1702.5971671668594354 -243.81836495333703851 -0.45550441054599405399 -0.5146479150676736003 -0.46355201037201665404 0.55926093120269415593
1671632295.6994202137 987.70223493160153794 1702.5115827357385569 -242.54056787918139548 -0.45554410410479911908 -0.51451232053674800238 -0.4637090483832422283 0.55922317519819841891
1671632295.799503088 987.67363130795456527 1702.4231677467746522 -241.23089810383177678 -0.45531841841379117053 -0.51400511720151720318 -0.46391714423918722909 0.55970059909274305632
1671632295.9486196041 987.625292030601031 1702.294593062507829 -239.32408574404848878 -0.45582275985841896881 -0.51301065336304385589 -0.46490201421643712054 0.5593851967191989516
1671632296.0485937595 987.58176241964702058 1702.1994856664477993 -238.06313913883874989 -0.4561455288815456921 -0.51288885291540564637 -0.46512301075581197196 0.55904996726763445114
1671632296.1485750675 987.54813061327377 1702.1084066708399405 -236.80195424071308707 -0.45644807478147730873 -0.51285421847363432679 -0.46548901474490989028 0.55852993006095374984
1671632296.2485506535 987.49935519121549987 1702.0101291372895957 -235.50437186827394953 -0.45596395700004915819 -0.51346066567834569572 -0.46527317984690985675 0.55854801300618051041
1671632296.3485236168 987.45778691277541839 1701.921473556836645 -234.22553254268765954 -0.45578625142071543808 -0.51417819254993057942 -0.4650718442968761468 0.55820055442846105986
1671632296.4485065937 987.41892375744544097 1701.8304017643124553 -232.91617947924842724 -0.45539069746734528454 -0.51491508513244410583 -0.46465232586567295492 0.55819350034810821803
1671632296.5484774113 987.37687548952601446 1701.7415556224084412 -231.61838897517600344 -0.45472131561381756715 -0.51546355876005367502 -0.46435857305147137941 0.55847735885213889429
1671632296.6484496593 987.34042750430933211 1701.6542455009905552 -230.31134364163699502 -0.45391403646153416496 -0.51590804026622372191 -0.46382725837635530031 0.55916474842298025116
1671632296.7996544838 987.28476857061355076 1701.5205926025194003 -228.3367534006331141 -0.45232742588546237528 -0.51733386472718412286 -0.46287668285027183668 0.55992030564339745347
1671632296.9995002747 987.20118701570538633 1701.3468322064684344 -225.688810348156494 -0.45156278004853489527 -0.51850070316643159796 -0.46225281790850464292 0.55997357868599650921
1671632297.0993480682 987.1579083106496455 1701.2614004163260688 -224.37495164408943538 -0.45123224895020513925 -0.51863133261504679172 -0.46240804692981402058 0.55999088963289034293
1671632297.1994383335 987.09880846115947861 1701.1639206236675363 -223.04481308976937726 -0.45092787978856890829 -0.51811854727416573052 -0.46277236025336221381 0.56040963659222253757
1671632297.2994492054 987.04494011179156132 1701.0698598179455985 -221.73950109296387723 -0.45154516179170739454 -0.51756348703100718556 -0.4636338802766284406 0.55971298789151036068
1671632297.39929986 986.98835206026080868 1700.974253768220251 -220.42922983931259751 -0.45224897623603033114 -0.51749573966342621301 -0.46394337073124924942 0.55895041969587277997
1671632297.4997475147 986.92739465480690342 1700.8747448224467007 -219.11394063268173227 -0.4532791425443516431 -0.51659605767897243123 -0.46516273422763293466 0.55793383372105487261
1671632297.5997653008 986.86974037943957683 1700.791975039292538 -217.78038751702709419 -0.45306854049952582919 -0.51638293638951082709 -0.46536014013734089412 0.55813752838053287686
1671632297.6996147633 986.8199187408125681 1700.7008764973047619 -216.46605730469303808 -0.45281124199967542898 -0.51586673277128947124 -0.46595588886452066202 0.55832660940623379808
1671632297.7994735241 986.77885218276242085 1700.6179134386550231 -215.1413883491653678 -0.45274302903202379156 -0.51587300816846348717 -0.46574416579861038779 0.55855273800303306686
1671632297.8994882107 986.73816992266552006 1700.5360827890683595 -213.84467532886390018 -0.45321694421934899388 -0.51645504979147449642 -0.46516266694394092784 0.55811493108405718644
1671632297.9993319511 986.68543895613504446 1700.4503756893188893 -212.54090775046952899 -0.45334773931525840229 -0.51698698557414024535 -0.46457262460120996028 0.5580076706245635787
1671632298.0997841358 986.64280058825590913 1700.3694211661468216 -211.24032461117602111 -0.45348791296392149119 -0.51716461050833217872 -0.46431318059697612721 0.55794511267445623393
1671632298.1998300552 986.58358822911532116 1700.2848275333117272 -209.92785082450419054 -0.45339591389129657584 -0.51678573198760557883 -0.4644269341119381389 0.55827616405511715225
1671632298.2996871471 986.53394997449822768 1700.1737969944563247 -208.63248173290199361 -0.45421518643704672513 -0.51657454959908222225 -0.4648293634779952499 0.55747014446076503802
1671632298.3995196819 986.47798260914885304 1700.0838752736185597 -207.30581346520446573 -0.45528217737890391836 -0.51573541374059217457 -0.46570785351743282376 0.55664289912575881658
1671632298.4993634224 986.43208131392873383 1699.9744237688328212 -206.01536399838525426 -0.45636682804307882044 -0.51580046690246184049 -0.46583985001127076186 0.55558296477355928467
1671632298.5997819901 986.38853204915756123 1699.9068170783621099 -204.69207164042322233 -0.45654431982737925244 -0.51632683279958846434 -0.46523134563764856342 0.55545808194739987318
1671632298.699634552 986.3394566501231111 1699.8081624501201077 -203.39205705008288305 -0.45700272837093358635 -0.51661368582211197875 -0.46505292061059294584 0.55496359062047684318
1671632298.7994740009 986.29222503675123335 1699.7476755431775928 -202.08055705903731791 -0.45671804263536630586 -0.51657700784410542916 -0.4645780131896744547 0.55562945760541271323
1671632298.8992934227 986.24454472314471332 1699.6693665709533434 -200.79259512799001186 -0.45716958366213522602 -0.51719637965833276105 -0.46376756121760404072 0.55535891620174759886
1671632298.9997332096 986.19945832217661064 1699.6068938099554089 -199.48266797093211267 -0.45756670411315042424 -0.51671191848197006724 -0.46394181605082313036 0.55533728121311509707
1671632299.0997850895 986.15592655637817643 1699.5227846803791181 -198.17214627223216894 -0.45815556113245226033 -0.51729548711823158946 -0.46328725966528289115 0.55485473400012741418
1671632299.2484924793 986.10108122714541423 1699.4229116651008553 -196.21378066951473329 -0.45863776939366407426 -0.51666258597569580946 -0.46372621836428934428 0.55467933361543797499
1671632299.3484663963 986.06251929259417466 1699.3376549642580358 -194.90817860161851627 -0.45862168242086975845 -0.51732103646833427213 -0.46273166602825477334 0.55490945468201846591
1671632299.448472023 986.00574044374502591 1699.2722698848638174 -193.60019803714445175 -0.45891046923860001616 -0.51751997480528577622 -0.46235382635885213798 0.55480014072823802262
1671632299.5484960079 985.95615123423146997 1699.1861975556685138 -192.29763886316729327 -0.45926889835896955727 -0.5186467787709005961 -0.46127097387196619449 0.55435249303481481942
1671632299.6485235691 985.90329748551346256 1699.1212529493600414 -191.00337457923222928 -0.45885932987052480136 -0.51791159450525603436 -0.4618958402254361717 0.55485847605514226899
1671632299.7485501766 985.86023625570453532 1699.0410701617524865 -189.70063318124252305 -0.45841645251330687127 -0.51903428250585292858 -0.46098135126085065805 0.55493599940756188627
1671632299.948564291 985.77301172834927456 1698.9146703113178773 -187.08982786692152445 -0.45721045929666104257 -0.52062923180779874244 -0.45991478956639336717 0.55532169526775898571
1671632300.0485613346 985.73278121614328029 1698.8354780312388357 -185.78718909336080856 -0.45644826494893575575 -0.52124668756713454787 -0.45921680960644334357 0.55594675455503428374
